role,os_type,os_version,hostname_pattern,business_function,department,open_ports,running_services,installed_roles,installed_software
Domain Controller,Windows Server,Windows Server 2022,SRV,Identity Infrastructure,IT,"[53, 88, 135, 389, 445, 636]","[""Kerberos"", ""LDAP"", ""WinRM"", ""DNS""]","[""Active Directory Domain Services""]","[""AD Administrative Center"", ""Monitoring Agent"", ""PowerShell""]"
Domain Controller,Windows Server,Windows Server 2016,SRV,Directory Services,Infrastructure,"[53, 88, 135, 389, 445]","[""Active Directory"", ""DNS"", ""Kerberos"", ""RDP"", ""Monitoring Service""]","[""Active Directory Domain Services""]","[""Group Policy Management""]"
Domain Controller,Windows Server,Windows Server 2019,SRV,Authentication Services,Security,"[88, 135, 389, 445]","[""Active Directory Domain Services"", ""Kerberos""]","[""AD DS"", ""DNS Server"", ""Management Tools"", ""Remote Administration""]","[""RSAT AD Tools""]"
Domain Controller,Windows Server,Windows Server 2022,SRV,Authentication Services,Infrastructure,"[88, 135, 389, 445]","[""Kerberos"", ""LDAP"", ""Event Log"", ""Monitoring Service""]","[""AD DS""]","[""Group Policy Management""]"
Domain Controller,Windows Server,Windows Server 2016,SRV,Identity Infrastructure,IT,"[53, 88, 389, 445]","[""Kerberos"", ""LDAP""]","[""AD DS"", ""DNS Server"", ""Management Tools"", ""Remote Administration""]","[""AD Administrative Center""]"
Domain Controller,Windows Server,Windows Server 2022,SRV,Directory Services,IT,"[88, 135, 389, 445, 636]","[""Active Directory"", ""DNS"", ""Kerberos"", ""Monitoring Service"", ""RDP""]","[""Active Directory Domain Services""]","[""Group Policy Management""]"
Domain Controller,Windows Server,Windows Server 2016,SRV,Identity Infrastructure,IT,"[53, 88, 389, 445]","[""Kerberos"", ""LDAP"", ""Event Log""]","[""AD DS""]","[""RSAT AD Tools""]"
Domain Controller,Windows Server,Windows Server 2016,SRV,Authentication Services,IT,"[53, 88, 135, 389, 445]","[""Active Directory"", ""DNS"", ""Kerberos""]","[""AD DS"", ""DNS Server""]","[""RSAT AD Tools""]"
Domain Controller,Windows Server,Windows Server 2016,SRV,Identity Infrastructure,Infrastructure,"[53, 88, 389, 445]","[""Active Directory Domain Services"", ""Kerberos""]","[""AD DS"", ""Remote Administration""]","[""AD Administrative Center"", ""AV Scanner"", ""Backup Agent""]"
Domain Controller,Windows Server,Windows Server 2022,SRV,Identity Infrastructure,Infrastructure,"[53, 88, 135, 389, 445, 636]","[""Active Directory Domain Services"", ""Kerberos"", ""DNS""]","[""Active Directory Domain Services""]","[""AD Administrative Center"", ""Backup Agent"", ""Endpoint Protection""]"
Domain Controller,Windows Server,Windows Server 2022,SRV,Directory Services,Security,"[53, 88, 135, 389, 445, 636]","[""Active Directory Domain Services"", ""Kerberos"", ""DNS""]","[""AD DS""]","[""RSAT AD Tools""]"
Domain Controller,Windows Server,Windows Server 2016,SRV,Identity Infrastructure,Security,"[88, 135, 389, 445]","[""Active Directory"", ""DNS"", ""Kerberos""]","[""Active Directory Domain Services""]","[""AD Administrative Center"", ""Monitoring Agent""]"
Domain Controller,Windows Server,Windows Server 2019,SRV,Identity Infrastructure,IT,"[53, 88, 135, 389, 445]","[""Active Directory"", ""DNS"", ""Kerberos""]","[""AD DS""]","[""Group Policy Management""]"
Domain Controller,Windows Server,Windows Server 2016,SRV,Identity Infrastructure,Infrastructure,"[53, 88, 389, 445]","[""Active Directory"", ""DNS"", ""Kerberos"", ""RDP"", ""Event Log""]","[""Active Directory Domain Services""]","[""AD Administrative Center"", ""Backup Agent"", ""AV Scanner""]"
Domain Controller,Windows Server,Windows Server 2016,SRV,Identity Infrastructure,IT,"[53, 88, 389, 445]","[""Active Directory Domain Services"", ""Kerberos""]","[""AD DS""]","[""Group Policy Management"", ""Endpoint Protection""]"
Domain Controller,Windows Server,Windows Server 2016,SRV,Authentication Services,IT,"[53, 88, 135, 389, 445, 636]","[""Active Directory Domain Services"", ""Kerberos"", ""RDP"", ""Event Log"", ""DNS""]","[""AD DS""]","[""AD Administrative Center""]"
Domain Controller,Windows Server,Windows Server 2019,SRV,Authentication Services,IT,"[53, 88, 135, 389, 445]","[""Active Directory Domain Services"", ""Kerberos"", ""DNS""]","[""AD DS"", ""DNS Server""]","[""RSAT AD Tools""]"
Domain Controller,Windows Server,Windows Server 2022,SRV,Directory Services,IT,"[53, 88, 135, 389, 445]","[""Kerberos"", ""LDAP"", ""DNS""]","[""AD DS"", ""Remote Administration""]","[""Group Policy Management""]"
Domain Controller,Windows Server,Windows Server 2016,SRV,Identity Infrastructure,Security,"[53, 88, 135, 389, 445, 636]","[""Active Directory Domain Services"", ""Kerberos"", ""WinRM"", ""DNS""]","[""AD DS"", ""Remote Administration"", ""Management Tools""]","[""RSAT AD Tools""]"
Domain Controller,Windows Server,Windows Server 2016,SRV,Authentication Services,Security,"[53, 88, 389, 445]","[""Kerberos"", ""LDAP""]","[""Active Directory Domain Services""]","[""AD Administrative Center""]"
Domain Controller,Windows Server,Windows Server 2016,SRV,Authentication Services,IT,"[53, 88, 135, 389, 445]","[""Active Directory"", ""DNS"", ""Kerberos""]","[""AD DS""]","[""Group Policy Management"", ""AV Scanner"", ""PowerShell""]"
Domain Controller,Windows Server,Windows Server 2022,SRV,Identity Infrastructure,IT,"[53, 88, 135, 389, 445]","[""Active Directory"", ""DNS"", ""Kerberos"", ""Monitoring Service""]","[""AD DS""]","[""AD Administrative Center"", ""AV Scanner""]"
Domain Controller,Windows Server,Windows Server 2022,SRV,Directory Services,Infrastructure,"[53, 88, 135, 389, 445, 636]","[""Kerberos"", ""LDAP"", ""DNS""]","[""AD DS""]","[""RSAT AD Tools"", ""Endpoint Protection"", ""Sysmon""]"
Domain Controller,Windows Server,Windows Server 2016,SRV,Identity Infrastructure,Security,"[53, 88, 135, 389, 445, 636]","[""Active Directory"", ""DNS"", ""Kerberos""]","[""AD DS""]","[""AD Administrative Center"", ""Monitoring Agent"", ""Endpoint Protection""]"
Domain Controller,Windows Server,Windows Server 2016,SRV,Authentication Services,Infrastructure,"[53, 88, 135, 389, 445, 636]","[""Kerberos"", ""LDAP"", ""DNS""]","[""Active Directory Domain Services""]","[""AD Administrative Center""]"
Domain Controller,Windows Server,Windows Server 2022,SRV,Identity Infrastructure,IT,"[53, 88, 389, 445]","[""Active Directory Domain Services"", ""Kerberos""]","[""Active Directory Domain Services""]","[""RSAT AD Tools"", ""PowerShell""]"
Domain Controller,Windows Server,Windows Server 2022,SRV,Directory Services,Security,"[53, 88, 135, 389, 445, 636]","[""Kerberos"", ""LDAP"", ""WinRM"", ""DNS""]","[""Active Directory Domain Services""]","[""RSAT AD Tools"", ""Endpoint Protection"", ""Sysmon""]"
Domain Controller,Windows Server,Windows Server 2019,SRV,Directory Services,Infrastructure,"[53, 88, 389, 445]","[""Active Directory"", ""DNS"", ""Kerberos"", ""RDP""]","[""Active Directory Domain Services"", ""Management Tools"", ""Remote Administration""]","[""Group Policy Management"", ""Monitoring Agent"", ""Sysmon""]"
Domain Controller,Windows Server,Windows Server 2016,SRV,Directory Services,IT,"[53, 88, 389, 445]","[""Active Directory"", ""DNS"", ""Kerberos""]","[""AD DS"", ""DNS Server""]","[""AD Administrative Center"", ""Endpoint Protection""]"
Domain Controller,Windows Server,Windows Server 2016,SRV,Authentication Services,IT,"[53, 88, 135, 389, 445]","[""Active Directory"", ""DNS"", ""Kerberos""]","[""AD DS"", ""DNS Server""]","[""AD Administrative Center""]"
Domain Controller,Windows Server,Windows Server 2022,SRV,Identity Infrastructure,Security,"[53, 88, 135, 389, 445]","[""Kerberos"", ""LDAP"", ""Event Log"", ""RDP"", ""DNS""]","[""AD DS"", ""Remote Administration""]","[""RSAT AD Tools"", ""Sysmon""]"
Domain Controller,Windows Server,Windows Server 2022,SRV,Authentication Services,Infrastructure,"[53, 88, 135, 389, 445, 636]","[""Kerberos"", ""LDAP"", ""DNS""]","[""AD DS""]","[""RSAT AD Tools"", ""Monitoring Agent"", ""PowerShell""]"
Domain Controller,Windows Server,Windows Server 2019,SRV,Directory Services,Security,"[53, 88, 389, 445]","[""Active Directory"", ""DNS"", ""Kerberos""]","[""AD DS""]","[""AD Administrative Center"", ""PowerShell""]"
Domain Controller,Windows Server,Windows Server 2022,SRV,Directory Services,Infrastructure,"[88, 135, 389, 445, 636]","[""Active Directory"", ""DNS"", ""Kerberos""]","[""AD DS""]","[""Group Policy Management""]"
Domain Controller,Windows Server,Windows Server 2022,SRV,Authentication Services,Infrastructure,"[53, 88, 135, 389, 445]","[""Active Directory"", ""DNS"", ""Kerberos""]","[""Active Directory Domain Services""]","[""RSAT AD Tools"", ""AV Scanner"", ""Endpoint Protection""]"
Domain Controller,Windows Server,Windows Server 2022,SRV,Authentication Services,Infrastructure,"[88, 135, 389, 445, 636]","[""Active Directory Domain Services"", ""Kerberos""]","[""AD DS"", ""DNS Server""]","[""Group Policy Management"", ""Backup Agent""]"
Domain Controller,Windows Server,Windows Server 2022,SRV,Directory Services,Security,"[53, 88, 389, 445]","[""Kerberos"", ""LDAP""]","[""AD DS""]","[""AD Administrative Center"", ""Sysmon""]"
Domain Controller,Windows Server,Windows Server 2022,SRV,Directory Services,Security,"[88, 135, 389, 445]","[""Active Directory Domain Services"", ""Kerberos""]","[""AD DS""]","[""Group Policy Management"", ""Backup Agent""]"
Domain Controller,Windows Server,Windows Server 2016,SRV,Authentication Services,Security,"[53, 88, 135, 389, 445, 636]","[""Active Directory"", ""DNS"", ""Kerberos"", ""Monitoring Service"", ""RDP""]","[""AD DS"", ""Management Tools""]","[""RSAT AD Tools"", ""Monitoring Agent"", ""AV Scanner""]"
Domain Controller,Windows Server,Windows Server 2016,SRV,Authentication Services,IT,"[53, 88, 389, 445]","[""Active Directory"", ""DNS"", ""Kerberos""]","[""Active Directory Domain Services""]","[""RSAT AD Tools""]"
Domain Controller,Windows Server,Windows Server 2022,SRV,Authentication Services,Infrastructure,"[53, 88, 389, 445]","[""Active Directory Domain Services"", ""Kerberos""]","[""AD DS"", ""DNS Server""]","[""Group Policy Management""]"
Domain Controller,Windows Server,Windows Server 2022,SRV,Authentication Services,Infrastructure,"[53, 88, 135, 389, 445]","[""Kerberos"", ""LDAP"", ""DNS""]","[""Active Directory Domain Services""]","[""RSAT AD Tools"", ""Endpoint Protection""]"
Domain Controller,Windows Server,Windows Server 2019,SRV,Directory Services,IT,"[53, 88, 135, 389, 445, 636]","[""Active Directory Domain Services"", ""Kerberos"", ""Event Log"", ""Monitoring Service"", ""DNS""]","[""AD DS"", ""DNS Server""]","[""Group Policy Management""]"
Domain Controller,Windows Server,Windows Server 2022,SRV,Directory Services,IT,"[88, 135, 389, 445, 636]","[""Kerberos"", ""LDAP""]","[""AD DS"", ""DNS Server""]","[""RSAT AD Tools""]"
Domain Controller,Windows Server,Windows Server 2019,SRV,Directory Services,Infrastructure,"[53, 88, 135, 389, 445, 636]","[""Active Directory"", ""DNS"", ""Kerberos""]","[""AD DS""]","[""RSAT AD Tools""]"
Domain Controller,Windows Server,Windows Server 2019,SRV,Directory Services,Infrastructure,"[53, 88, 389, 445]","[""Active Directory"", ""DNS"", ""Kerberos"", ""RDP"", ""Event Log""]","[""Active Directory Domain Services"", ""Management Tools"", ""Remote Administration""]","[""AD Administrative Center""]"
Domain Controller,Windows Server,Windows Server 2016,SRV,Identity Infrastructure,Security,"[53, 88, 389, 445]","[""Kerberos"", ""LDAP"", ""Event Log"", ""RDP""]","[""AD DS"", ""DNS Server""]","[""RSAT AD Tools"", ""Backup Agent""]"
Domain Controller,Windows Server,Windows Server 2022,SRV,Identity Infrastructure,Security,"[88, 135, 389, 445]","[""Active Directory"", ""DNS"", ""Kerberos"", ""WinRM""]","[""AD DS"", ""Management Tools""]","[""Group Policy Management"", ""AV Scanner""]"
Domain Controller,Windows Server,Windows Server 2019,SRV,Directory Services,Security,"[53, 88, 389, 445]","[""Active Directory Domain Services"", ""Kerberos""]","[""Active Directory Domain Services""]","[""Group Policy Management""]"
Domain Controller,Windows Server,Windows Server 2016,SRV,Authentication Services,Infrastructure,"[88, 135, 389, 445, 636]","[""Kerberos"", ""LDAP""]","[""Active Directory Domain Services"", ""Management Tools""]","[""AD Administrative Center""]"
Domain Controller,Windows Server,Windows Server 2022,SRV,Identity Infrastructure,Infrastructure,"[53, 88, 135, 389, 445]","[""Kerberos"", ""LDAP"", ""DNS""]","[""Active Directory Domain Services""]","[""AD Administrative Center""]"
Domain Controller,Windows Server,Windows Server 2019,SRV,Authentication Services,IT,"[53, 88, 389, 445]","[""Kerberos"", ""LDAP""]","[""AD DS"", ""DNS Server""]","[""RSAT AD Tools"", ""AV Scanner"", ""PowerShell""]"
Domain Controller,Windows Server,Windows Server 2019,SRV,Authentication Services,Infrastructure,"[53, 88, 135, 389, 445, 636]","[""Kerberos"", ""LDAP"", ""WinRM"", ""DNS""]","[""AD DS"", ""DNS Server""]","[""Group Policy Management""]"
Domain Controller,Windows Server,Windows Server 2022,SRV,Authentication Services,Security,"[53, 88, 135, 389, 445]","[""Kerberos"", ""LDAP"", ""DNS""]","[""AD DS""]","[""RSAT AD Tools""]"
Domain Controller,Windows Server,Windows Server 2022,SRV,Directory Services,Security,"[88, 135, 389, 445, 636]","[""Active Directory Domain Services"", ""Kerberos""]","[""AD DS"", ""Remote Administration"", ""Management Tools""]","[""AD Administrative Center""]"
Domain Controller,Windows Server,Windows Server 2019,SRV,Identity Infrastructure,IT,"[53, 88, 389, 445]","[""Active Directory Domain Services"", ""Kerberos""]","[""AD DS""]","[""AD Administrative Center"", ""Backup Agent"", ""AV Scanner""]"
Domain Controller,Windows Server,Windows Server 2022,SRV,Authentication Services,Security,"[53, 88, 389, 445]","[""Kerberos"", ""LDAP"", ""Event Log""]","[""AD DS""]","[""AD Administrative Center"", ""PowerShell""]"
Domain Controller,Windows Server,Windows Server 2022,SRV,Directory Services,Infrastructure,"[53, 88, 135, 389, 445, 636]","[""Kerberos"", ""LDAP"", ""DNS""]","[""AD DS""]","[""RSAT AD Tools"", ""PowerShell""]"
Domain Controller,Windows Server,Windows Server 2019,SRV,Identity Infrastructure,IT,"[53, 88, 135, 389, 445, 636]","[""Kerberos"", ""LDAP"", ""DNS""]","[""AD DS""]","[""RSAT AD Tools"", ""AV Scanner""]"
Domain Controller,Windows Server,Windows Server 2019,SRV,Authentication Services,Security,"[53, 88, 135, 389, 445]","[""Active Directory Domain Services"", ""Kerberos"", ""WinRM"", ""Monitoring Service"", ""DNS""]","[""AD DS"", ""DNS Server""]","[""AD Administrative Center""]"
Domain Controller,Windows Server,Windows Server 2016,SRV,Directory Services,Security,"[88, 135, 389, 445]","[""Active Directory Domain Services"", ""Kerberos"", ""RDP"", ""Event Log""]","[""AD DS"", ""DNS Server""]","[""RSAT AD Tools"", ""Sysmon"", ""AV Scanner""]"
Domain Controller,Windows Server,Windows Server 2022,SRV,Directory Services,IT,"[88, 135, 389, 445]","[""Active Directory"", ""DNS"", ""Kerberos"", ""RDP""]","[""AD DS"", ""Management Tools""]","[""Group Policy Management""]"
Domain Controller,Windows Server,Windows Server 2019,SRV,Authentication Services,IT,"[88, 135, 389, 445]","[""Kerberos"", ""LDAP""]","[""Active Directory Domain Services""]","[""Group Policy Management""]"
Domain Controller,Windows Server,Windows Server 2022,SRV,Directory Services,Infrastructure,"[88, 135, 389, 445]","[""Kerberos"", ""LDAP"", ""RDP""]","[""AD DS"", ""DNS Server""]","[""Group Policy Management"", ""AV Scanner"", ""PowerShell""]"
Domain Controller,Windows Server,Windows Server 2019,SRV,Identity Infrastructure,Security,"[53, 88, 135, 389, 445, 636]","[""Kerberos"", ""LDAP"", ""DNS""]","[""AD DS"", ""DNS Server""]","[""RSAT AD Tools""]"
Domain Controller,Windows Server,Windows Server 2019,SRV,Directory Services,Security,"[53, 88, 135, 389, 445, 636]","[""Kerberos"", ""LDAP"", ""WinRM"", ""DNS""]","[""Active Directory Domain Services""]","[""AD Administrative Center"", ""Backup Agent""]"
Domain Controller,Windows Server,Windows Server 2019,SRV,Authentication Services,IT,"[88, 135, 389, 445, 636]","[""Kerberos"", ""LDAP""]","[""AD DS"", ""DNS Server""]","[""RSAT AD Tools"", ""Sysmon"", ""Monitoring Agent""]"
Domain Controller,Windows Server,Windows Server 2019,SRV,Authentication Services,Infrastructure,"[53, 88, 389, 445]","[""Kerberos"", ""LDAP""]","[""AD DS"", ""DNS Server""]","[""AD Administrative Center"", ""Sysmon""]"
Domain Controller,Windows Server,Windows Server 2016,SRV,Authentication Services,Infrastructure,"[88, 135, 389, 445]","[""Active Directory"", ""DNS"", ""Kerberos""]","[""AD DS"", ""DNS Server""]","[""Group Policy Management""]"
Domain Controller,Windows Server,Windows Server 2019,SRV,Directory Services,Security,"[53, 88, 135, 389, 445]","[""Active Directory Domain Services"", ""Kerberos"", ""Event Log"", ""DNS""]","[""AD DS"", ""DNS Server""]","[""RSAT AD Tools"", ""PowerShell""]"
Domain Controller,Windows Server,Windows Server 2022,SRV,Identity Infrastructure,Infrastructure,"[53, 88, 389, 445]","[""Active Directory Domain Services"", ""Kerberos"", ""Monitoring Service""]","[""AD DS""]","[""Group Policy Management""]"
Domain Controller,Windows Server,Windows Server 2022,SRV,Directory Services,Security,"[53, 88, 389, 445]","[""Kerberos"", ""LDAP""]","[""AD DS""]","[""Group Policy Management"", ""Monitoring Agent""]"
Domain Controller,Windows Server,Windows Server 2019,SRV,Authentication Services,Infrastructure,"[53, 88, 389, 445]","[""Active Directory Domain Services"", ""Kerberos"", ""Monitoring Service"", ""WinRM""]","[""AD DS"", ""DNS Server""]","[""RSAT AD Tools"", ""Backup Agent"", ""Sysmon""]"
Domain Controller,Windows Server,Windows Server 2022,SRV,Identity Infrastructure,Infrastructure,"[53, 88, 389, 445]","[""Active Directory Domain Services"", ""Kerberos""]","[""AD DS"", ""DNS Server"", ""Remote Administration"", ""Management Tools""]","[""AD Administrative Center""]"
Domain Controller,Windows Server,Windows Server 2016,SRV,Authentication Services,IT,"[53, 88, 135, 389, 445]","[""Active Directory"", ""DNS"", ""Kerberos""]","[""AD DS"", ""DNS Server""]","[""RSAT AD Tools"", ""Monitoring Agent"", ""Endpoint Protection""]"
Domain Controller,Windows Server,Windows Server 2022,SRV,Identity Infrastructure,IT,"[53, 88, 389, 445]","[""Kerberos"", ""LDAP"", ""WinRM"", ""RDP""]","[""Active Directory Domain Services""]","[""RSAT AD Tools""]"
Domain Controller,Windows Server,Windows Server 2019,SRV,Directory Services,IT,"[88, 135, 389, 445, 636]","[""Active Directory Domain Services"", ""Kerberos"", ""RDP"", ""Event Log""]","[""AD DS""]","[""Group Policy Management""]"
Domain Controller,Windows Server,Windows Server 2016,SRV,Authentication Services,IT,"[53, 88, 135, 389, 445, 636]","[""Kerberos"", ""LDAP"", ""DNS""]","[""AD DS""]","[""Group Policy Management"", ""Backup Agent"", ""Endpoint Protection""]"
Domain Controller,Windows Server,Windows Server 2019,SRV,Directory Services,Infrastructure,"[88, 135, 389, 445]","[""Active Directory Domain Services"", ""Kerberos"", ""RDP"", ""Monitoring Service""]","[""Active Directory Domain Services"", ""Remote Administration"", ""Management Tools""]","[""RSAT AD Tools""]"
Domain Controller,Windows Server,Windows Server 2019,SRV,Authentication Services,Infrastructure,"[53, 88, 135, 389, 445, 636]","[""Active Directory Domain Services"", ""Kerberos"", ""Event Log"", ""Monitoring Service"", ""DNS""]","[""AD DS"", ""DNS Server""]","[""RSAT AD Tools""]"
Domain Controller,Windows Server,Windows Server 2019,SRV,Authentication Services,IT,"[53, 88, 135, 389, 445]","[""Kerberos"", ""LDAP"", ""DNS""]","[""Active Directory Domain Services""]","[""AD Administrative Center"", ""Sysmon"", ""Monitoring Agent""]"
Domain Controller,Windows Server,Windows Server 2022,SRV,Directory Services,IT,"[53, 88, 135, 389, 445, 636]","[""Active Directory"", ""DNS"", ""Kerberos""]","[""AD DS"", ""DNS Server""]","[""Group Policy Management""]"
Domain Controller,Windows Server,Windows Server 2022,SRV,Identity Infrastructure,Infrastructure,"[53, 88, 389, 445]","[""Active Directory"", ""DNS"", ""Kerberos""]","[""Active Directory Domain Services""]","[""Group Policy Management""]"
Domain Controller,Windows Server,Windows Server 2022,SRV,Identity Infrastructure,Security,"[53, 88, 389, 445]","[""Active Directory Domain Services"", ""Kerberos""]","[""Active Directory Domain Services"", ""Remote Administration"", ""Management Tools""]","[""Group Policy Management"", ""AV Scanner"", ""PowerShell""]"
Domain Controller,Windows Server,Windows Server 2016,SRV,Authentication Services,Security,"[53, 88, 389, 445]","[""Active Directory"", ""DNS"", ""Kerberos""]","[""AD DS""]","[""Group Policy Management"", ""PowerShell""]"
Domain Controller,Windows Server,Windows Server 2019,SRV,Directory Services,Security,"[53, 88, 135, 389, 445]","[""Kerberos"", ""LDAP"", ""Monitoring Service"", ""DNS""]","[""AD DS"", ""DNS Server""]","[""AD Administrative Center"", ""PowerShell"", ""Sysmon""]"
Domain Controller,Windows Server,Windows Server 2016,SRV,Authentication Services,IT,"[53, 88, 135, 389, 445, 636]","[""Active Directory"", ""DNS"", ""Kerberos"", ""WinRM""]","[""Active Directory Domain Services""]","[""AD Administrative Center"", ""Monitoring Agent"", ""Endpoint Protection""]"
Domain Controller,Windows Server,Windows Server 2016,SRV,Authentication Services,Security,"[53, 88, 135, 389, 445]","[""Active Directory Domain Services"", ""Kerberos"", ""Monitoring Service"", ""DNS""]","[""AD DS"", ""DNS Server""]","[""AD Administrative Center""]"
Domain Controller,Windows Server,Windows Server 2022,SRV,Directory Services,Infrastructure,"[53, 88, 135, 389, 445]","[""Kerberos"", ""LDAP"", ""DNS""]","[""AD DS"", ""DNS Server""]","[""RSAT AD Tools"", ""Endpoint Protection"", ""Backup Agent""]"
Domain Controller,Windows Server,Windows Server 2016,SRV,Authentication Services,IT,"[53, 88, 135, 389, 445, 636]","[""Kerberos"", ""LDAP"", ""DNS""]","[""Active Directory Domain Services""]","[""RSAT AD Tools"", ""Backup Agent""]"
Domain Controller,Windows Server,Windows Server 2016,SRV,Directory Services,Infrastructure,"[53, 88, 135, 389, 445, 636]","[""Active Directory Domain Services"", ""Kerberos"", ""RDP"", ""WinRM"", ""DNS""]","[""Active Directory Domain Services"", ""Management Tools""]","[""Group Policy Management"", ""AV Scanner""]"
Domain Controller,Windows Server,Windows Server 2016,SRV,Identity Infrastructure,Infrastructure,"[53, 88, 389, 445]","[""Active Directory Domain Services"", ""Kerberos"", ""RDP""]","[""AD DS""]","[""Group Policy Management""]"
Domain Controller,Windows Server,Windows Server 2019,SRV,Identity Infrastructure,IT,"[88, 135, 389, 445, 636]","[""Kerberos"", ""LDAP""]","[""Active Directory Domain Services"", ""Remote Administration"", ""Management Tools""]","[""RSAT AD Tools""]"
Domain Controller,Windows Server,Windows Server 2016,SRV,Directory Services,Infrastructure,"[53, 88, 135, 389, 445, 636]","[""Kerberos"", ""LDAP"", ""DNS""]","[""AD DS"", ""Remote Administration"", ""Management Tools""]","[""AD Administrative Center"", ""Monitoring Agent"", ""PowerShell""]"
Domain Controller,Windows Server,Windows Server 2016,SRV,Identity Infrastructure,IT,"[53, 88, 389, 445]","[""Active Directory"", ""DNS"", ""Kerberos""]","[""Active Directory Domain Services""]","[""RSAT AD Tools""]"
Domain Controller,Windows Server,Windows Server 2019,SRV,Directory Services,Infrastructure,"[53, 88, 389, 445]","[""Active Directory Domain Services"", ""Kerberos""]","[""AD DS""]","[""AD Administrative Center""]"
Domain Controller,Windows Server,Windows Server 2016,SRV,Authentication Services,Security,"[88, 135, 389, 445]","[""Kerberos"", ""LDAP"", ""Monitoring Service"", ""RDP""]","[""Active Directory Domain Services"", ""Remote Administration"", ""Management Tools""]","[""RSAT AD Tools""]"
Domain Controller,Windows Server,Windows Server 2019,SRV,Identity Infrastructure,IT,"[53, 88, 135, 389, 445]","[""Active Directory Domain Services"", ""Kerberos"", ""DNS""]","[""Active Directory Domain Services""]","[""Group Policy Management""]"
Domain Controller,Windows Server,Windows Server 2022,SRV,Directory Services,Security,"[88, 135, 389, 445, 636]","[""Active Directory Domain Services"", ""Kerberos""]","[""Active Directory Domain Services""]","[""RSAT AD Tools""]"
Domain Controller,Windows Server,Windows Server 2019,SRV,Directory Services,Security,"[53, 88, 389, 445]","[""Active Directory Domain Services"", ""Kerberos""]","[""AD DS"", ""Management Tools"", ""Remote Administration""]","[""RSAT AD Tools""]"
DNS Server,Windows Server,Windows Server 2019,SRV,Core Network Services,IT,"[53, 135]","[""DNS Resolver""]","[""DNS Server""]","[""BIND Tools""]"
DNS Server,Windows Server,Windows Server 2019,SRV,Networking,IT,"[53, 135]","[""DNS Resolver""]","[""DNS""]","[""Windows DNS""]"
DNS Server,Windows Server,Windows Server 2022,SRV,Core Network Services,Infrastructure,[53],"[""DNS Server""]","[""DNS Server"", ""Remote Administration""]","[""DNS Management Tools""]"
DNS Server,Windows Server,Windows Server 2016,SRV,Name Resolution,Infrastructure,"[53, 80]","[""DNS""]","[""DNS Server""]","[""Windows DNS"", ""PowerShell""]"
DNS Server,Windows Server,Windows Server 2016,SRV,Name Resolution,Infrastructure,"[53, 80]","[""DNS""]","[""DNS""]","[""Windows DNS""]"
DNS Server,Windows Server,Windows Server 2016,SRV,Name Resolution,Infrastructure,[53],"[""DNS""]","[""DNS""]","[""DNS Management Tools"", ""AV Scanner"", ""Monitoring Agent""]"
DNS Server,Windows Server,Windows Server 2016,SRV,Networking,Infrastructure,[53],"[""DNS Server""]","[""DNS""]","[""Windows DNS""]"
DNS Server,Windows Server,Windows Server 2019,SRV,Networking,IT,"[53, 135]","[""DNS Resolver""]","[""DNS"", ""Remote Administration""]","[""Windows DNS""]"
DNS Server,Windows Server,Windows Server 2016,SRV,Name Resolution,Infrastructure,"[53, 80]","[""DNS""]","[""DNS""]","[""DNS Management Tools"", ""Endpoint Protection"", ""AV Scanner""]"
DNS Server,Windows Server,Windows Server 2019,SRV,Core Network Services,Infrastructure,[53],"[""DNS""]","[""DNS Server""]","[""DNS Management Tools""]"
DNS Server,Windows Server,Windows Server 2019,SRV,Name Resolution,Infrastructure,[53],"[""DNS""]","[""DNS Server""]","[""Windows DNS""]"
DNS Server,Windows Server,Windows Server 2016,SRV,Name Resolution,Infrastructure,"[53, 80]","[""DNS Resolver""]","[""DNS Server"", ""Management Tools"", ""Remote Administration""]","[""BIND Tools"", ""Endpoint Protection""]"
DNS Server,Windows Server,Windows Server 2022,SRV,Name Resolution,Infrastructure,"[53, 80]","[""DNS Resolver""]","[""DNS""]","[""BIND Tools"", ""Monitoring Agent"", ""Backup Agent""]"
DNS Server,Windows Server,Windows Server 2019,SRV,Core Network Services,Infrastructure,"[53, 135]","[""DNS Resolver"", ""Event Log""]","[""DNS""]","[""Windows DNS"", ""Monitoring Agent"", ""PowerShell""]"
DNS Server,Windows Server,Windows Server 2022,SRV,Core Network Services,Infrastructure,"[53, 135]","[""DNS Resolver""]","[""DNS Server""]","[""BIND Tools""]"
DNS Server,Windows Server,Windows Server 2019,SRV,Core Network Services,Infrastructure,"[53, 80]","[""DNS Server""]","[""DNS"", ""Management Tools"", ""Remote Administration""]","[""Windows DNS"", ""Backup Agent"", ""AV Scanner""]"
DNS Server,Windows Server,Windows Server 2022,SRV,Core Network Services,IT,"[53, 135]","[""DNS""]","[""DNS""]","[""DNS Management Tools""]"
DNS Server,Windows Server,Windows Server 2016,SRV,Core Network Services,Infrastructure,[53],"[""DNS"", ""Event Log"", ""RDP""]","[""DNS Server""]","[""BIND Tools""]"
DNS Server,Windows Server,Windows Server 2019,SRV,Name Resolution,Infrastructure,[53],"[""DNS Resolver""]","[""DNS Server""]","[""DNS Management Tools""]"
DNS Server,Windows Server,Windows Server 2019,SRV,Networking,IT,"[53, 80]","[""DNS Resolver""]","[""DNS"", ""Management Tools"", ""Remote Administration""]","[""DNS Management Tools""]"
DNS Server,Windows Server,Windows Server 2019,SRV,Networking,IT,[53],"[""DNS Server"", ""WinRM""]","[""DNS""]","[""BIND Tools"", ""Endpoint Protection"", ""PowerShell""]"
DNS Server,Windows Server,Windows Server 2016,SRV,Core Network Services,IT,"[53, 80]","[""DNS"", ""RDP"", ""Monitoring Service""]","[""DNS""]","[""DNS Management Tools"", ""Sysmon""]"
DNS Server,Windows Server,Windows Server 2019,SRV,Networking,Infrastructure,"[53, 80]","[""DNS Resolver""]","[""DNS""]","[""DNS Management Tools""]"
DNS Server,Windows Server,Windows Server 2019,SRV,Networking,IT,"[53, 80]","[""DNS Server""]","[""DNS Server""]","[""DNS Management Tools""]"
DNS Server,Windows Server,Windows Server 2016,SRV,Core Network Services,IT,"[53, 135]","[""DNS Server""]","[""DNS""]","[""BIND Tools"", ""Monitoring Agent"", ""Endpoint Protection""]"
DNS Server,Windows Server,Windows Server 2019,SRV,Name Resolution,IT,"[53, 135]","[""DNS Server""]","[""DNS"", ""Remote Administration""]","[""Windows DNS"", ""PowerShell""]"
DNS Server,Windows Server,Windows Server 2022,SRV,Name Resolution,IT,[53],"[""DNS Server"", ""RDP"", ""Event Log""]","[""DNS""]","[""Windows DNS""]"
DNS Server,Windows Server,Windows Server 2016,SRV,Name Resolution,IT,[53],"[""DNS Resolver""]","[""DNS"", ""Management Tools"", ""Remote Administration""]","[""Windows DNS"", ""PowerShell"", ""AV Scanner""]"
DNS Server,Windows Server,Windows Server 2019,SRV,Networking,IT,"[53, 135]","[""DNS Resolver""]","[""DNS Server""]","[""DNS Management Tools""]"
DNS Server,Windows Server,Windows Server 2022,SRV,Name Resolution,IT,"[53, 80]","[""DNS"", ""Event Log""]","[""DNS Server""]","[""BIND Tools""]"
DNS Server,Windows Server,Windows Server 2022,SRV,Core Network Services,IT,"[53, 135]","[""DNS"", ""Event Log"", ""RDP""]","[""DNS Server""]","[""Windows DNS"", ""AV Scanner""]"
DNS Server,Windows Server,Windows Server 2022,SRV,Name Resolution,IT,[53],"[""DNS""]","[""DNS Server""]","[""BIND Tools""]"
DNS Server,Windows Server,Windows Server 2022,SRV,Name Resolution,IT,[53],"[""DNS Server""]","[""DNS"", ""Management Tools""]","[""Windows DNS""]"
DNS Server,Windows Server,Windows Server 2019,SRV,Name Resolution,Infrastructure,"[53, 80]","[""DNS"", ""Event Log""]","[""DNS""]","[""Windows DNS""]"
DNS Server,Windows Server,Windows Server 2019,SRV,Name Resolution,IT,"[53, 135]","[""DNS""]","[""DNS""]","[""DNS Management Tools"", ""Backup Agent""]"
DNS Server,Windows Server,Windows Server 2022,SRV,Name Resolution,Infrastructure,"[53, 80]","[""DNS""]","[""DNS"", ""Remote Administration""]","[""DNS Management Tools"", ""PowerShell"", ""Sysmon""]"
DNS Server,Windows Server,Windows Server 2019,SRV,Name Resolution,Infrastructure,[53],"[""DNS Resolver""]","[""DNS"", ""Remote Administration"", ""Management Tools""]","[""BIND Tools""]"
DNS Server,Windows Server,Windows Server 2016,SRV,Networking,Infrastructure,"[53, 135]","[""DNS Resolver""]","[""DNS Server""]","[""Windows DNS""]"
DNS Server,Windows Server,Windows Server 2022,SRV,Name Resolution,IT,[53],"[""DNS Server"", ""Event Log"", ""RDP""]","[""DNS Server""]","[""BIND Tools""]"
DNS Server,Windows Server,Windows Server 2019,SRV,Name Resolution,Infrastructure,[53],"[""DNS Resolver"", ""Monitoring Service"", ""RDP""]","[""DNS"", ""Management Tools""]","[""BIND Tools"", ""AV Scanner"", ""Monitoring Agent""]"
DNS Server,Windows Server,Windows Server 2019,SRV,Name Resolution,Infrastructure,[53],"[""DNS Resolver"", ""RDP"", ""WinRM""]","[""DNS Server""]","[""DNS Management Tools"", ""Monitoring Agent"", ""Sysmon""]"
DNS Server,Windows Server,Windows Server 2022,SRV,Name Resolution,IT,"[53, 80]","[""DNS Resolver"", ""RDP"", ""Event Log""]","[""DNS Server""]","[""BIND Tools"", ""Endpoint Protection""]"
DNS Server,Windows Server,Windows Server 2016,SRV,Name Resolution,IT,"[53, 135]","[""DNS Resolver""]","[""DNS""]","[""BIND Tools"", ""Monitoring Agent""]"
DNS Server,Windows Server,Windows Server 2019,SRV,Name Resolution,Infrastructure,"[53, 80]","[""DNS""]","[""DNS Server"", ""Management Tools"", ""Remote Administration""]","[""DNS Management Tools""]"
DNS Server,Windows Server,Windows Server 2019,SRV,Networking,IT,[53],"[""DNS""]","[""DNS Server""]","[""BIND Tools"", ""Endpoint Protection""]"
DNS Server,Windows Server,Windows Server 2019,SRV,Core Network Services,IT,"[53, 135]","[""DNS Resolver""]","[""DNS Server""]","[""BIND Tools""]"
DNS Server,Windows Server,Windows Server 2019,SRV,Networking,Infrastructure,"[53, 80]","[""DNS Resolver"", ""RDP""]","[""DNS Server""]","[""BIND Tools""]"
DNS Server,Windows Server,Windows Server 2019,SRV,Core Network Services,IT,[53],"[""DNS Server"", ""RDP"", ""Event Log""]","[""DNS""]","[""Windows DNS""]"
DNS Server,Windows Server,Windows Server 2022,SRV,Core Network Services,Infrastructure,"[53, 80]","[""DNS""]","[""DNS""]","[""Windows DNS""]"
DNS Server,Windows Server,Windows Server 2016,SRV,Name Resolution,Infrastructure,"[53, 135]","[""DNS"", ""Event Log""]","[""DNS""]","[""DNS Management Tools""]"
DNS Server,Windows Server,Windows Server 2016,SRV,Name Resolution,IT,"[53, 135]","[""DNS Server""]","[""DNS""]","[""Windows DNS"", ""Backup Agent"", ""AV Scanner""]"
DNS Server,Windows Server,Windows Server 2019,SRV,Networking,IT,"[53, 135]","[""DNS Resolver""]","[""DNS Server""]","[""DNS Management Tools""]"
DNS Server,Windows Server,Windows Server 2019,SRV,Name Resolution,Infrastructure,"[53, 135]","[""DNS Server"", ""Monitoring Service"", ""WinRM""]","[""DNS Server""]","[""Windows DNS"", ""AV Scanner"", ""Backup Agent""]"
DNS Server,Windows Server,Windows Server 2019,SRV,Core Network Services,IT,[53],"[""DNS"", ""Event Log"", ""RDP""]","[""DNS"", ""Management Tools""]","[""DNS Management Tools""]"
DNS Server,Windows Server,Windows Server 2016,SRV,Name Resolution,Infrastructure,"[53, 80]","[""DNS""]","[""DNS Server"", ""Remote Administration""]","[""DNS Management Tools""]"
DNS Server,Windows Server,Windows Server 2019,SRV,Core Network Services,Infrastructure,[53],"[""DNS Server""]","[""DNS""]","[""Windows DNS"", ""Backup Agent"", ""AV Scanner""]"
DNS Server,Windows Server,Windows Server 2019,SRV,Networking,IT,"[53, 135]","[""DNS Resolver"", ""Event Log"", ""Monitoring Service""]","[""DNS""]","[""BIND Tools""]"
DNS Server,Windows Server,Windows Server 2022,SRV,Core Network Services,Infrastructure,"[53, 135]","[""DNS Server""]","[""DNS Server""]","[""BIND Tools"", ""AV Scanner""]"
DNS Server,Windows Server,Windows Server 2019,SRV,Name Resolution,IT,"[53, 80]","[""DNS Server""]","[""DNS Server""]","[""BIND Tools""]"
DNS Server,Windows Server,Windows Server 2019,SRV,Networking,IT,[53],"[""DNS Resolver""]","[""DNS Server"", ""Remote Administration"", ""Management Tools""]","[""Windows DNS""]"
DNS Server,Windows Server,Windows Server 2016,SRV,Name Resolution,Infrastructure,"[53, 80]","[""DNS Resolver"", ""RDP""]","[""DNS""]","[""DNS Management Tools""]"
DNS Server,Windows Server,Windows Server 2019,SRV,Networking,Infrastructure,"[53, 80]","[""DNS""]","[""DNS""]","[""Windows DNS""]"
DNS Server,Windows Server,Windows Server 2019,SRV,Core Network Services,Infrastructure,[53],"[""DNS""]","[""DNS Server""]","[""DNS Management Tools"", ""AV Scanner"", ""Sysmon""]"
DNS Server,Windows Server,Windows Server 2019,SRV,Networking,Infrastructure,"[53, 135]","[""DNS""]","[""DNS Server""]","[""DNS Management Tools""]"
DNS Server,Windows Server,Windows Server 2016,SRV,Name Resolution,Infrastructure,"[53, 80]","[""DNS""]","[""DNS Server"", ""Remote Administration"", ""Management Tools""]","[""Windows DNS""]"
DNS Server,Windows Server,Windows Server 2022,SRV,Networking,IT,[53],"[""DNS Resolver""]","[""DNS Server""]","[""Windows DNS"", ""PowerShell"", ""Backup Agent""]"
DNS Server,Windows Server,Windows Server 2016,SRV,Core Network Services,IT,[53],"[""DNS Resolver""]","[""DNS Server""]","[""DNS Management Tools""]"
DNS Server,Windows Server,Windows Server 2016,SRV,Name Resolution,Infrastructure,"[53, 135]","[""DNS Resolver"", ""RDP""]","[""DNS Server""]","[""Windows DNS""]"
DNS Server,Windows Server,Windows Server 2016,SRV,Networking,Infrastructure,"[53, 135]","[""DNS Server""]","[""DNS""]","[""Windows DNS"", ""Sysmon""]"
DNS Server,Windows Server,Windows Server 2019,SRV,Name Resolution,Infrastructure,[53],"[""DNS Resolver""]","[""DNS Server""]","[""DNS Management Tools"", ""PowerShell"", ""Sysmon""]"
DNS Server,Windows Server,Windows Server 2022,SRV,Networking,IT,"[53, 80]","[""DNS""]","[""DNS Server"", ""Remote Administration"", ""Management Tools""]","[""Windows DNS""]"
DNS Server,Windows Server,Windows Server 2016,SRV,Networking,IT,"[53, 135]","[""DNS""]","[""DNS Server""]","[""Windows DNS""]"
DNS Server,Windows Server,Windows Server 2019,SRV,Name Resolution,Infrastructure,"[53, 80]","[""DNS Resolver""]","[""DNS""]","[""BIND Tools"", ""Backup Agent""]"
DNS Server,Windows Server,Windows Server 2019,SRV,Networking,Infrastructure,"[53, 80]","[""DNS Resolver""]","[""DNS""]","[""BIND Tools""]"
DNS Server,Windows Server,Windows Server 2019,SRV,Name Resolution,IT,[53],"[""DNS Server""]","[""DNS""]","[""BIND Tools"", ""AV Scanner"", ""Endpoint Protection""]"
DNS Server,Windows Server,Windows Server 2016,SRV,Core Network Services,IT,"[53, 80]","[""DNS""]","[""DNS"", ""Management Tools""]","[""BIND Tools""]"
DNS Server,Windows Server,Windows Server 2016,SRV,Core Network Services,IT,[53],"[""DNS""]","[""DNS"", ""Remote Administration""]","[""Windows DNS""]"
DNS Server,Windows Server,Windows Server 2019,SRV,Networking,Infrastructure,[53],"[""DNS Resolver""]","[""DNS Server""]","[""BIND Tools""]"
DNS Server,Windows Server,Windows Server 2022,SRV,Networking,Infrastructure,"[53, 135]","[""DNS Server""]","[""DNS Server"", ""Management Tools"", ""Remote Administration""]","[""Windows DNS""]"
DNS Server,Windows Server,Windows Server 2019,SRV,Networking,Infrastructure,"[53, 135]","[""DNS Server""]","[""DNS""]","[""DNS Management Tools""]"
DNS Server,Windows Server,Windows Server 2019,SRV,Name Resolution,IT,"[53, 80]","[""DNS Resolver""]","[""DNS Server""]","[""DNS Management Tools"", ""AV Scanner"", ""Endpoint Protection""]"
DNS Server,Windows Server,Windows Server 2022,SRV,Networking,IT,[53],"[""DNS""]","[""DNS""]","[""Windows DNS"", ""Endpoint Protection"", ""Sysmon""]"
DNS Server,Windows Server,Windows Server 2016,SRV,Core Network Services,IT,[53],"[""DNS Resolver""]","[""DNS Server"", ""Management Tools""]","[""BIND Tools"", ""Endpoint Protection""]"
DNS Server,Windows Server,Windows Server 2022,SRV,Networking,Infrastructure,"[53, 135]","[""DNS Server""]","[""DNS Server"", ""Management Tools"", ""Remote Administration""]","[""BIND Tools""]"
DNS Server,Windows Server,Windows Server 2022,SRV,Name Resolution,IT,"[53, 135]","[""DNS Server""]","[""DNS Server""]","[""DNS Management Tools"", ""PowerShell""]"
DNS Server,Windows Server,Windows Server 2022,SRV,Name Resolution,Infrastructure,[53],"[""DNS""]","[""DNS""]","[""DNS Management Tools""]"
DNS Server,Windows Server,Windows Server 2019,SRV,Networking,Infrastructure,"[53, 135]","[""DNS Server""]","[""DNS"", ""Remote Administration""]","[""BIND Tools"", ""Monitoring Agent"", ""AV Scanner""]"
DNS Server,Windows Server,Windows Server 2019,SRV,Name Resolution,IT,"[53, 135]","[""DNS Server"", ""WinRM"", ""RDP""]","[""DNS"", ""Management Tools""]","[""DNS Management Tools"", ""Monitoring Agent""]"
DNS Server,Windows Server,Windows Server 2016,SRV,Core Network Services,IT,"[53, 135]","[""DNS Server""]","[""DNS""]","[""Windows DNS"", ""PowerShell""]"
DNS Server,Windows Server,Windows Server 2016,SRV,Core Network Services,Infrastructure,[53],"[""DNS Resolver""]","[""DNS Server""]","[""Windows DNS""]"
DNS Server,Windows Server,Windows Server 2019,SRV,Name Resolution,Infrastructure,"[53, 80]","[""DNS Resolver""]","[""DNS""]","[""DNS Management Tools""]"
DNS Server,Windows Server,Windows Server 2022,SRV,Name Resolution,Infrastructure,[53],"[""DNS"", ""RDP""]","[""DNS Server"", ""Remote Administration"", ""Management Tools""]","[""Windows DNS"", ""AV Scanner"", ""Endpoint Protection""]"
DNS Server,Windows Server,Windows Server 2019,SRV,Core Network Services,Infrastructure,"[53, 135]","[""DNS""]","[""DNS""]","[""BIND Tools""]"
DNS Server,Windows Server,Windows Server 2016,SRV,Networking,Infrastructure,[53],"[""DNS Resolver""]","[""DNS Server""]","[""Windows DNS""]"
DNS Server,Windows Server,Windows Server 2022,SRV,Networking,IT,"[53, 135]","[""DNS Server""]","[""DNS Server"", ""Management Tools""]","[""Windows DNS""]"
DNS Server,Windows Server,Windows Server 2019,SRV,Networking,Infrastructure,"[53, 80]","[""DNS"", ""WinRM"", ""Monitoring Service""]","[""DNS""]","[""DNS Management Tools"", ""Endpoint Protection"", ""Monitoring Agent""]"
DNS Server,Windows Server,Windows Server 2016,SRV,Core Network Services,IT,[53],"[""DNS Server""]","[""DNS""]","[""DNS Management Tools""]"
DNS Server,Windows Server,Windows Server 2016,SRV,Name Resolution,Infrastructure,"[53, 135]","[""DNS Resolver"", ""Event Log""]","[""DNS Server""]","[""BIND Tools""]"
DNS Server,Windows Server,Windows Server 2016,SRV,Name Resolution,Infrastructure,"[53, 135]","[""DNS Resolver""]","[""DNS Server""]","[""Windows DNS""]"
DNS Server,Windows Server,Windows Server 2019,SRV,Core Network Services,Infrastructure,"[53, 80]","[""DNS Server""]","[""DNS Server"", ""Remote Administration"", ""Management Tools""]","[""Windows DNS""]"
DHCP Server,Windows Server,Windows Server 2019,SRV,Core Network Services,IT,"[67, 68]","[""DHCP"", ""RDP""]","[""DHCP""]","[""DHCP Management Console"", ""AV Scanner""]"
DHCP Server,Windows Server,Windows Server 2019,SRV,Core Network Services,Infrastructure,"[67, 68, 135]","[""DHCP Service"", ""Event Log""]","[""DHCP Server"", ""Management Tools""]","[""DHCP Management Console""]"
DHCP Server,Windows Server,Windows Server 2022,SRV,Core Network Services,Infrastructure,"[67, 68, 135]","[""DHCP Server""]","[""DHCP""]","[""DHCP Management Console""]"
DHCP Server,Windows Server,Windows Server 2019,SRV,Network Services,IT,"[53, 67, 68]","[""DHCP Service""]","[""DHCP Server""]","[""DHCP Management Console""]"
DHCP Server,Windows Server,Windows Server 2022,SRV,IP Address Management,IT,"[67, 68, 135]","[""DHCP Server""]","[""DHCP Server""]","[""DHCP Management Console"", ""Monitoring Agent""]"
DHCP Server,Windows Server,Windows Server 2019,SRV,Network Services,Infrastructure,"[67, 68, 135]","[""DHCP Server"", ""Monitoring Service""]","[""DHCP""]","[""IPAM Tools""]"
DHCP Server,Windows Server,Windows Server 2016,SRV,IP Address Management,Infrastructure,"[53, 67, 68]","[""DHCP Server""]","[""DHCP""]","[""Windows DHCP"", ""Monitoring Agent"", ""AV Scanner""]"
DHCP Server,Windows Server,Windows Server 2016,SRV,Core Network Services,IT,"[53, 67, 68]","[""DHCP"", ""Event Log"", ""RDP""]","[""DHCP"", ""Remote Administration""]","[""DHCP Management Console""]"
DHCP Server,Windows Server,Windows Server 2019,SRV,IP Address Management,Infrastructure,"[67, 68, 135]","[""DHCP Server""]","[""DHCP""]","[""Windows DHCP""]"
DHCP Server,Windows Server,Windows Server 2016,SRV,Network Services,IT,"[67, 68, 135]","[""DHCP""]","[""DHCP""]","[""DHCP Management Console""]"
DHCP Server,Windows Server,Windows Server 2019,SRV,Core Network Services,IT,"[67, 68, 135]","[""DHCP""]","[""DHCP Server""]","[""Windows DHCP""]"
DHCP Server,Windows Server,Windows Server 2019,SRV,Network Services,Infrastructure,"[53, 67, 68]","[""DHCP Server"", ""Monitoring Service"", ""RDP""]","[""DHCP Server""]","[""Windows DHCP""]"
DHCP Server,Windows Server,Windows Server 2022,SRV,IP Address Management,IT,"[53, 67, 68]","[""DHCP""]","[""DHCP Server""]","[""DHCP Management Console""]"
DHCP Server,Windows Server,Windows Server 2016,SRV,Network Services,Infrastructure,"[67, 68]","[""DHCP Service"", ""RDP"", ""Event Log""]","[""DHCP""]","[""Windows DHCP""]"
DHCP Server,Windows Server,Windows Server 2022,SRV,Network Services,Infrastructure,"[53, 67, 68]","[""DHCP Service""]","[""DHCP""]","[""DHCP Management Console""]"
DHCP Server,Windows Server,Windows Server 2022,SRV,Core Network Services,IT,"[67, 68]","[""DHCP Server""]","[""DHCP"", ""Remote Administration""]","[""DHCP Management Console""]"
DHCP Server,Windows Server,Windows Server 2019,SRV,IP Address Management,IT,"[67, 68]","[""DHCP"", ""Monitoring Service""]","[""DHCP""]","[""IPAM Tools""]"
DHCP Server,Windows Server,Windows Server 2022,SRV,IP Address Management,Infrastructure,"[67, 68]","[""DHCP"", ""WinRM"", ""Monitoring Service""]","[""DHCP Server""]","[""DHCP Management Console""]"
DHCP Server,Windows Server,Windows Server 2016,SRV,Core Network Services,Infrastructure,"[67, 68, 135]","[""DHCP"", ""Event Log"", ""WinRM""]","[""DHCP"", ""Management Tools""]","[""DHCP Management Console""]"
DHCP Server,Windows Server,Windows Server 2022,SRV,IP Address Management,IT,"[53, 67, 68]","[""DHCP Server""]","[""DHCP""]","[""DHCP Management Console"", ""PowerShell"", ""Endpoint Protection""]"
DHCP Server,Windows Server,Windows Server 2016,SRV,Core Network Services,Infrastructure,"[67, 68, 135]","[""DHCP Server""]","[""DHCP Server""]","[""DHCP Management Console"", ""Endpoint Protection""]"
DHCP Server,Windows Server,Windows Server 2019,SRV,Core Network Services,IT,"[53, 67, 68]","[""DHCP Server""]","[""DHCP Server""]","[""Windows DHCP""]"
DHCP Server,Windows Server,Windows Server 2019,SRV,Core Network Services,Infrastructure,"[53, 67, 68]","[""DHCP Service"", ""Monitoring Service"", ""Event Log""]","[""DHCP Server""]","[""DHCP Management Console""]"
DHCP Server,Windows Server,Windows Server 2022,SRV,Core Network Services,Infrastructure,"[53, 67, 68]","[""DHCP Service"", ""Event Log""]","[""DHCP Server"", ""Management Tools""]","[""DHCP Management Console""]"
DHCP Server,Windows Server,Windows Server 2022,SRV,Network Services,Infrastructure,"[53, 67, 68]","[""DHCP Server""]","[""DHCP"", ""Management Tools""]","[""DHCP Management Console"", ""Sysmon""]"
DHCP Server,Windows Server,Windows Server 2019,SRV,Core Network Services,IT,"[67, 68, 135]","[""DHCP Server""]","[""DHCP Server""]","[""IPAM Tools""]"
DHCP Server,Windows Server,Windows Server 2019,SRV,Network Services,Infrastructure,"[67, 68, 135]","[""DHCP Service""]","[""DHCP"", ""Management Tools""]","[""DHCP Management Console"", ""AV Scanner""]"
DHCP Server,Windows Server,Windows Server 2019,SRV,IP Address Management,Infrastructure,"[53, 67, 68]","[""DHCP Service""]","[""DHCP""]","[""Windows DHCP""]"
DHCP Server,Windows Server,Windows Server 2019,SRV,Core Network Services,Infrastructure,"[53, 67, 68]","[""DHCP Server""]","[""DHCP""]","[""DHCP Management Console"", ""Sysmon""]"
DHCP Server,Windows Server,Windows Server 2016,SRV,Network Services,Infrastructure,"[67, 68, 135]","[""DHCP Server""]","[""DHCP Server""]","[""Windows DHCP"", ""PowerShell"", ""AV Scanner""]"
DHCP Server,Windows Server,Windows Server 2022,SRV,Network Services,IT,"[53, 67, 68]","[""DHCP Server""]","[""DHCP Server""]","[""IPAM Tools"", ""AV Scanner"", ""PowerShell""]"
DHCP Server,Windows Server,Windows Server 2016,SRV,Network Services,Infrastructure,"[67, 68, 135]","[""DHCP Service"", ""RDP""]","[""DHCP""]","[""DHCP Management Console""]"
DHCP Server,Windows Server,Windows Server 2016,SRV,Core Network Services,IT,"[67, 68]","[""DHCP Server""]","[""DHCP Server""]","[""IPAM Tools"", ""AV Scanner""]"
DHCP Server,Windows Server,Windows Server 2022,SRV,Network Services,Infrastructure,"[67, 68, 135]","[""DHCP"", ""Monitoring Service""]","[""DHCP""]","[""DHCP Management Console""]"
DHCP Server,Windows Server,Windows Server 2019,SRV,Network Services,IT,"[53, 67, 68]","[""DHCP Server""]","[""DHCP""]","[""IPAM Tools"", ""AV Scanner""]"
DHCP Server,Windows Server,Windows Server 2019,SRV,IP Address Management,Infrastructure,"[67, 68]","[""DHCP"", ""Event Log"", ""Monitoring Service""]","[""DHCP Server""]","[""DHCP Management Console""]"
DHCP Server,Windows Server,Windows Server 2022,SRV,IP Address Management,IT,"[67, 68]","[""DHCP Service""]","[""DHCP"", ""Remote Administration""]","[""DHCP Management Console"", ""Endpoint Protection"", ""PowerShell""]"
DHCP Server,Windows Server,Windows Server 2022,SRV,Network Services,IT,"[67, 68, 135]","[""DHCP Server""]","[""DHCP"", ""Management Tools""]","[""DHCP Management Console""]"
DHCP Server,Windows Server,Windows Server 2022,SRV,Core Network Services,IT,"[67, 68, 135]","[""DHCP Service"", ""WinRM""]","[""DHCP Server""]","[""Windows DHCP""]"
DHCP Server,Windows Server,Windows Server 2022,SRV,Core Network Services,Infrastructure,"[67, 68]","[""DHCP Server""]","[""DHCP Server""]","[""DHCP Management Console""]"
DHCP Server,Windows Server,Windows Server 2019,SRV,IP Address Management,IT,"[67, 68, 135]","[""DHCP Server""]","[""DHCP Server"", ""Remote Administration"", ""Management Tools""]","[""DHCP Management Console""]"
DHCP Server,Windows Server,Windows Server 2016,SRV,Core Network Services,IT,"[67, 68]","[""DHCP Service""]","[""DHCP Server""]","[""IPAM Tools"", ""Backup Agent""]"
DHCP Server,Windows Server,Windows Server 2022,SRV,Core Network Services,Infrastructure,"[67, 68]","[""DHCP Server""]","[""DHCP Server""]","[""IPAM Tools""]"
DHCP Server,Windows Server,Windows Server 2019,SRV,Network Services,Infrastructure,"[67, 68]","[""DHCP Server"", ""RDP""]","[""DHCP""]","[""IPAM Tools"", ""Endpoint Protection"", ""AV Scanner""]"
DHCP Server,Windows Server,Windows Server 2022,SRV,Core Network Services,IT,"[53, 67, 68]","[""DHCP"", ""RDP""]","[""DHCP""]","[""Windows DHCP""]"
DHCP Server,Windows Server,Windows Server 2022,SRV,IP Address Management,IT,"[67, 68, 135]","[""DHCP"", ""Event Log"", ""Monitoring Service""]","[""DHCP Server""]","[""Windows DHCP"", ""Monitoring Agent""]"
DHCP Server,Windows Server,Windows Server 2019,SRV,IP Address Management,IT,"[67, 68]","[""DHCP""]","[""DHCP""]","[""DHCP Management Console"", ""Sysmon""]"
DHCP Server,Windows Server,Windows Server 2016,SRV,Network Services,IT,"[53, 67, 68]","[""DHCP Server""]","[""DHCP Server""]","[""DHCP Management Console""]"
DHCP Server,Windows Server,Windows Server 2022,SRV,Core Network Services,IT,"[67, 68, 135]","[""DHCP Service""]","[""DHCP Server"", ""Remote Administration""]","[""Windows DHCP""]"
DHCP Server,Windows Server,Windows Server 2022,SRV,IP Address Management,Infrastructure,"[53, 67, 68]","[""DHCP Service""]","[""DHCP Server"", ""Management Tools""]","[""Windows DHCP""]"
DHCP Server,Windows Server,Windows Server 2019,SRV,Core Network Services,Infrastructure,"[67, 68]","[""DHCP"", ""WinRM"", ""Monitoring Service""]","[""DHCP""]","[""DHCP Management Console""]"
DHCP Server,Windows Server,Windows Server 2019,SRV,Core Network Services,IT,"[67, 68, 135]","[""DHCP""]","[""DHCP Server""]","[""IPAM Tools"", ""Sysmon""]"
DHCP Server,Windows Server,Windows Server 2016,SRV,Core Network Services,IT,"[67, 68]","[""DHCP Service""]","[""DHCP Server""]","[""Windows DHCP"", ""Sysmon"", ""Backup Agent""]"
DHCP Server,Windows Server,Windows Server 2016,SRV,IP Address Management,IT,"[53, 67, 68]","[""DHCP Service""]","[""DHCP"", ""Remote Administration""]","[""IPAM Tools"", ""AV Scanner""]"
DHCP Server,Windows Server,Windows Server 2019,SRV,IP Address Management,IT,"[67, 68]","[""DHCP Server""]","[""DHCP Server""]","[""Windows DHCP""]"
DHCP Server,Windows Server,Windows Server 2019,SRV,Network Services,Infrastructure,"[67, 68]","[""DHCP Service""]","[""DHCP"", ""Management Tools"", ""Remote Administration""]","[""DHCP Management Console""]"
DHCP Server,Windows Server,Windows Server 2019,SRV,IP Address Management,IT,"[67, 68]","[""DHCP Server""]","[""DHCP Server"", ""Management Tools"", ""Remote Administration""]","[""Windows DHCP""]"
DHCP Server,Windows Server,Windows Server 2019,SRV,Core Network Services,Infrastructure,"[67, 68]","[""DHCP Server""]","[""DHCP Server""]","[""Windows DHCP""]"
DHCP Server,Windows Server,Windows Server 2016,SRV,Core Network Services,Infrastructure,"[67, 68]","[""DHCP Server""]","[""DHCP""]","[""DHCP Management Console""]"
DHCP Server,Windows Server,Windows Server 2022,SRV,IP Address Management,IT,"[53, 67, 68]","[""DHCP Server""]","[""DHCP"", ""Remote Administration""]","[""IPAM Tools""]"
DHCP Server,Windows Server,Windows Server 2016,SRV,Network Services,Infrastructure,"[67, 68, 135]","[""DHCP""]","[""DHCP""]","[""DHCP Management Console"", ""Endpoint Protection""]"
DHCP Server,Windows Server,Windows Server 2022,SRV,IP Address Management,IT,"[67, 68]","[""DHCP Server""]","[""DHCP""]","[""IPAM Tools"", ""Backup Agent""]"
DHCP Server,Windows Server,Windows Server 2019,SRV,Network Services,Infrastructure,"[67, 68]","[""DHCP Server"", ""WinRM"", ""Monitoring Service""]","[""DHCP"", ""Remote Administration""]","[""DHCP Management Console""]"
DHCP Server,Windows Server,Windows Server 2022,SRV,Network Services,Infrastructure,"[67, 68]","[""DHCP Server""]","[""DHCP""]","[""IPAM Tools"", ""Monitoring Agent"", ""Endpoint Protection""]"
DHCP Server,Windows Server,Windows Server 2016,SRV,IP Address Management,IT,"[67, 68]","[""DHCP Server"", ""Event Log"", ""Monitoring Service""]","[""DHCP Server""]","[""DHCP Management Console""]"
DHCP Server,Windows Server,Windows Server 2016,SRV,IP Address Management,IT,"[67, 68]","[""DHCP Service""]","[""DHCP Server"", ""Management Tools"", ""Remote Administration""]","[""DHCP Management Console"", ""PowerShell"", ""Backup Agent""]"
DHCP Server,Windows Server,Windows Server 2019,SRV,IP Address Management,Infrastructure,"[53, 67, 68]","[""DHCP"", ""RDP""]","[""DHCP""]","[""Windows DHCP"", ""PowerShell""]"
DHCP Server,Windows Server,Windows Server 2019,SRV,Network Services,Infrastructure,"[53, 67, 68]","[""DHCP"", ""Monitoring Service"", ""WinRM""]","[""DHCP"", ""Management Tools""]","[""DHCP Management Console""]"
DHCP Server,Windows Server,Windows Server 2019,SRV,Network Services,Infrastructure,"[67, 68, 135]","[""DHCP Service""]","[""DHCP""]","[""Windows DHCP"", ""Monitoring Agent""]"
DHCP Server,Windows Server,Windows Server 2019,SRV,IP Address Management,Infrastructure,"[53, 67, 68]","[""DHCP""]","[""DHCP Server""]","[""Windows DHCP"", ""Sysmon""]"
DHCP Server,Windows Server,Windows Server 2022,SRV,Core Network Services,IT,"[67, 68]","[""DHCP Service""]","[""DHCP""]","[""Windows DHCP"", ""PowerShell"", ""Sysmon""]"
DHCP Server,Windows Server,Windows Server 2022,SRV,IP Address Management,Infrastructure,"[53, 67, 68]","[""DHCP Service"", ""Monitoring Service""]","[""DHCP"", ""Management Tools""]","[""Windows DHCP"", ""Monitoring Agent""]"
DHCP Server,Windows Server,Windows Server 2022,SRV,Network Services,IT,"[67, 68, 135]","[""DHCP Service"", ""Event Log""]","[""DHCP Server""]","[""DHCP Management Console"", ""AV Scanner""]"
DHCP Server,Windows Server,Windows Server 2022,SRV,IP Address Management,IT,"[53, 67, 68]","[""DHCP""]","[""DHCP""]","[""IPAM Tools"", ""Sysmon""]"
DHCP Server,Windows Server,Windows Server 2019,SRV,Network Services,IT,"[67, 68]","[""DHCP Service""]","[""DHCP""]","[""Windows DHCP""]"
DHCP Server,Windows Server,Windows Server 2022,SRV,Core Network Services,Infrastructure,"[67, 68]","[""DHCP Service""]","[""DHCP Server""]","[""IPAM Tools""]"
DHCP Server,Windows Server,Windows Server 2016,SRV,IP Address Management,IT,"[53, 67, 68]","[""DHCP Service""]","[""DHCP Server"", ""Management Tools"", ""Remote Administration""]","[""DHCP Management Console"", ""Endpoint Protection""]"
DHCP Server,Windows Server,Windows Server 2019,SRV,Network Services,IT,"[53, 67, 68]","[""DHCP Server""]","[""DHCP""]","[""DHCP Management Console"", ""Sysmon""]"
DHCP Server,Windows Server,Windows Server 2019,SRV,IP Address Management,IT,"[67, 68]","[""DHCP""]","[""DHCP""]","[""DHCP Management Console""]"
DHCP Server,Windows Server,Windows Server 2019,SRV,Network Services,Infrastructure,"[67, 68]","[""DHCP""]","[""DHCP Server"", ""Management Tools""]","[""DHCP Management Console"", ""Monitoring Agent"", ""PowerShell""]"
DHCP Server,Windows Server,Windows Server 2019,SRV,IP Address Management,Infrastructure,"[67, 68]","[""DHCP Service"", ""Event Log""]","[""DHCP""]","[""DHCP Management Console""]"
DHCP Server,Windows Server,Windows Server 2016,SRV,Core Network Services,Infrastructure,"[67, 68]","[""DHCP Server"", ""RDP""]","[""DHCP""]","[""IPAM Tools""]"
DHCP Server,Windows Server,Windows Server 2022,SRV,Network Services,Infrastructure,"[67, 68, 135]","[""DHCP Server"", ""Monitoring Service"", ""WinRM""]","[""DHCP Server""]","[""DHCP Management Console"", ""Endpoint Protection"", ""Monitoring Agent""]"
DHCP Server,Windows Server,Windows Server 2016,SRV,IP Address Management,IT,"[53, 67, 68]","[""DHCP""]","[""DHCP""]","[""DHCP Management Console""]"
DHCP Server,Windows Server,Windows Server 2019,SRV,Network Services,Infrastructure,"[67, 68]","[""DHCP Service""]","[""DHCP Server""]","[""DHCP Management Console"", ""Monitoring Agent"", ""Sysmon""]"
DHCP Server,Windows Server,Windows Server 2019,SRV,Network Services,Infrastructure,"[67, 68]","[""DHCP""]","[""DHCP Server""]","[""IPAM Tools"", ""AV Scanner"", ""Backup Agent""]"
DHCP Server,Windows Server,Windows Server 2022,SRV,IP Address Management,IT,"[67, 68, 135]","[""DHCP Service""]","[""DHCP""]","[""Windows DHCP""]"
DHCP Server,Windows Server,Windows Server 2016,SRV,Network Services,IT,"[53, 67, 68]","[""DHCP Service""]","[""DHCP Server"", ""Management Tools"", ""Remote Administration""]","[""Windows DHCP""]"
DHCP Server,Windows Server,Windows Server 2016,SRV,IP Address Management,Infrastructure,"[67, 68]","[""DHCP Service""]","[""DHCP Server""]","[""DHCP Management Console"", ""Monitoring Agent""]"
DHCP Server,Windows Server,Windows Server 2019,SRV,Core Network Services,Infrastructure,"[53, 67, 68]","[""DHCP""]","[""DHCP""]","[""Windows DHCP""]"
DHCP Server,Windows Server,Windows Server 2022,SRV,Core Network Services,Infrastructure,"[67, 68]","[""DHCP"", ""WinRM""]","[""DHCP Server""]","[""IPAM Tools""]"
DHCP Server,Windows Server,Windows Server 2019,SRV,Network Services,Infrastructure,"[53, 67, 68]","[""DHCP""]","[""DHCP"", ""Remote Administration"", ""Management Tools""]","[""IPAM Tools""]"
DHCP Server,Windows Server,Windows Server 2022,SRV,Network Services,IT,"[67, 68, 135]","[""DHCP""]","[""DHCP Server""]","[""DHCP Management Console""]"
DHCP Server,Windows Server,Windows Server 2016,SRV,Network Services,Infrastructure,"[67, 68, 135]","[""DHCP""]","[""DHCP Server""]","[""Windows DHCP"", ""Sysmon"", ""PowerShell""]"
DHCP Server,Windows Server,Windows Server 2022,SRV,Network Services,IT,"[67, 68]","[""DHCP"", ""Monitoring Service"", ""Event Log""]","[""DHCP""]","[""IPAM Tools""]"
DHCP Server,Windows Server,Windows Server 2016,SRV,Network Services,Infrastructure,"[67, 68]","[""DHCP Service""]","[""DHCP Server"", ""Management Tools""]","[""Windows DHCP"", ""Sysmon""]"
DHCP Server,Windows Server,Windows Server 2022,SRV,IP Address Management,Infrastructure,"[67, 68, 135]","[""DHCP""]","[""DHCP Server""]","[""Windows DHCP"", ""Endpoint Protection"", ""Backup Agent""]"
DHCP Server,Windows Server,Windows Server 2022,SRV,Core Network Services,Infrastructure,"[67, 68, 135]","[""DHCP Server""]","[""DHCP""]","[""IPAM Tools"", ""Backup Agent""]"
DHCP Server,Windows Server,Windows Server 2016,SRV,IP Address Management,IT,"[67, 68]","[""DHCP Service"", ""Event Log""]","[""DHCP""]","[""IPAM Tools"", ""PowerShell""]"
DHCP Server,Windows Server,Windows Server 2016,SRV,Core Network Services,IT,"[67, 68]","[""DHCP""]","[""DHCP""]","[""IPAM Tools""]"
File Server,Windows Server,Windows Server 2019,SRV,Shared Storage,IT,"[139, 445]","[""CIFS"", ""SMB"", ""Monitoring Service"", ""Event Log""]","[""File Server"", ""Remote Administration"", ""Management Tools""]","[""DFS Management"", ""Sysmon""]"
File Server,Windows Server,Windows Server 2022,SRV,Shared Storage,IT,"[139, 445]","[""File Services""]","[""File and Storage Services"", ""Management Tools""]","[""DFS Management""]"
File Server,Windows Server,Windows Server 2016,SRV,Department File Shares,Finance,"[445, 3389]","[""CIFS"", ""SMB""]","[""File and Storage Services""]","[""FSRM"", ""AV Scanner""]"
File Server,Windows Server,Windows Server 2022,SRV,Data Storage,IT,"[139, 445, 3389]","[""File Services"", ""Event Log"", ""Monitoring Service""]","[""File and Storage Services""]","[""DFS Management""]"
File Server,Windows Server,Windows Server 2016,SRV,Shared Storage,Operations,"[139, 445, 3389]","[""CIFS"", ""SMB""]","[""File Server""]","[""FSRM""]"
File Server,Windows Server,Windows Server 2016,SRV,Department File Shares,IT,"[139, 445]","[""CIFS"", ""SMB""]","[""File and Storage Services""]","[""Windows File Services""]"
File Server,Windows Server,Windows Server 2022,SRV,Department File Shares,Finance,"[139, 445]","[""SMB"", ""File Services""]","[""File and Storage Services""]","[""FSRM"", ""Endpoint Protection""]"
File Server,Windows Server,Windows Server 2019,SRV,Shared Storage,HR,[445],"[""CIFS"", ""SMB""]","[""File Server""]","[""FSRM"", ""Sysmon""]"
File Server,Windows Server,Windows Server 2016,SRV,Shared Storage,IT,"[139, 445]","[""SMB"", ""File Services""]","[""File Server""]","[""Windows File Services"", ""PowerShell"", ""Backup Agent""]"
File Server,Windows Server,Windows Server 2019,SRV,Shared Storage,Finance,"[139, 445]","[""File Services"", ""WinRM"", ""RDP""]","[""File Server"", ""Management Tools""]","[""Windows File Services""]"
File Server,Windows Server,Windows Server 2016,SRV,Data Storage,HR,"[445, 3389]","[""File Services"", ""WinRM""]","[""File and Storage Services""]","[""FSRM""]"
File Server,Windows Server,Windows Server 2019,SRV,Shared Storage,Operations,"[139, 445]","[""CIFS"", ""SMB""]","[""File Server"", ""Management Tools"", ""Remote Administration""]","[""Windows File Services""]"
File Server,Windows Server,Windows Server 2022,SRV,Data Storage,Operations,[445],"[""CIFS"", ""SMB""]","[""File Server""]","[""DFS Management"", ""AV Scanner""]"
File Server,Windows Server,Windows Server 2022,SRV,Data Storage,Finance,"[139, 445]","[""File Services"", ""Monitoring Service"", ""WinRM""]","[""File and Storage Services""]","[""Windows File Services"", ""Sysmon""]"
File Server,Windows Server,Windows Server 2016,SRV,Department File Shares,IT,"[445, 3389]","[""File Services""]","[""File and Storage Services""]","[""Windows File Services""]"
File Server,Windows Server,Windows Server 2019,SRV,Data Storage,Finance,"[139, 445]","[""SMB"", ""File Services""]","[""File and Storage Services""]","[""Windows File Services"", ""Sysmon"", ""Endpoint Protection""]"
File Server,Windows Server,Windows Server 2019,SRV,Data Storage,HR,"[139, 445]","[""SMB"", ""File Services"", ""WinRM""]","[""File and Storage Services"", ""Management Tools""]","[""DFS Management""]"
File Server,Windows Server,Windows Server 2022,SRV,Data Storage,HR,"[139, 445]","[""CIFS"", ""SMB""]","[""File Server""]","[""Windows File Services""]"
File Server,Windows Server,Windows Server 2022,SRV,Shared Storage,HR,"[445, 3389]","[""SMB"", ""File Services"", ""WinRM""]","[""File Server""]","[""Windows File Services"", ""AV Scanner"", ""Sysmon""]"
File Server,Windows Server,Windows Server 2016,SRV,Shared Storage,IT,"[139, 445]","[""SMB"", ""File Services""]","[""File and Storage Services""]","[""FSRM""]"
File Server,Windows Server,Windows Server 2019,SRV,Department File Shares,Operations,"[139, 445]","[""SMB"", ""File Services""]","[""File Server""]","[""Windows File Services"", ""AV Scanner"", ""Backup Agent""]"
File Server,Windows Server,Windows Server 2019,SRV,Shared Storage,Finance,"[139, 445, 3389]","[""File Services""]","[""File Server""]","[""FSRM"", ""Backup Agent"", ""Monitoring Agent""]"
File Server,Windows Server,Windows Server 2022,SRV,Shared Storage,Finance,"[445, 3389]","[""File Services""]","[""File Server""]","[""DFS Management""]"
File Server,Windows Server,Windows Server 2022,SRV,Department File Shares,Finance,"[139, 445]","[""File Services""]","[""File and Storage Services""]","[""DFS Management""]"
File Server,Windows Server,Windows Server 2022,SRV,Department File Shares,Finance,"[139, 445]","[""File Services""]","[""File and Storage Services""]","[""Windows File Services"", ""Sysmon"", ""Endpoint Protection""]"
File Server,Windows Server,Windows Server 2019,SRV,Data Storage,Operations,"[139, 445, 3389]","[""File Services""]","[""File Server"", ""Remote Administration"", ""Management Tools""]","[""FSRM""]"
File Server,Windows Server,Windows Server 2019,SRV,Department File Shares,Finance,[445],"[""CIFS"", ""SMB""]","[""File Server""]","[""DFS Management""]"
File Server,Windows Server,Windows Server 2022,SRV,Department File Shares,Operations,"[445, 3389]","[""File Services""]","[""File and Storage Services""]","[""Windows File Services""]"
File Server,Windows Server,Windows Server 2019,SRV,Department File Shares,HR,"[139, 445, 3389]","[""File Services""]","[""File and Storage Services"", ""Management Tools""]","[""FSRM"", ""AV Scanner"", ""PowerShell""]"
File Server,Windows Server,Windows Server 2016,SRV,Data Storage,Operations,"[139, 445]","[""SMB"", ""File Services""]","[""File and Storage Services"", ""Management Tools""]","[""Windows File Services""]"
File Server,Windows Server,Windows Server 2019,SRV,Data Storage,IT,[445],"[""CIFS"", ""SMB"", ""Monitoring Service""]","[""File and Storage Services""]","[""DFS Management"", ""Monitoring Agent"", ""AV Scanner""]"
File Server,Windows Server,Windows Server 2022,SRV,Shared Storage,HR,"[139, 445, 3389]","[""SMB"", ""File Services""]","[""File Server""]","[""Windows File Services"", ""AV Scanner"", ""Backup Agent""]"
File Server,Windows Server,Windows Server 2022,SRV,Department File Shares,Operations,"[139, 445]","[""CIFS"", ""SMB""]","[""File and Storage Services""]","[""Windows File Services"", ""PowerShell"", ""AV Scanner""]"
File Server,Windows Server,Windows Server 2022,SRV,Department File Shares,Operations,[445],"[""SMB"", ""File Services""]","[""File and Storage Services""]","[""DFS Management"", ""AV Scanner""]"
File Server,Windows Server,Windows Server 2022,SRV,Shared Storage,Finance,"[139, 445]","[""File Services""]","[""File and Storage Services""]","[""DFS Management"", ""Monitoring Agent"", ""AV Scanner""]"
File Server,Windows Server,Windows Server 2019,SRV,Data Storage,Finance,"[139, 445, 3389]","[""SMB"", ""File Services"", ""Event Log""]","[""File and Storage Services"", ""Remote Administration""]","[""Windows File Services""]"
File Server,Windows Server,Windows Server 2019,SRV,Data Storage,Operations,"[139, 445, 3389]","[""File Services""]","[""File Server""]","[""DFS Management"", ""Backup Agent""]"
File Server,Windows Server,Windows Server 2022,SRV,Shared Storage,Finance,"[139, 445]","[""File Services"", ""RDP"", ""Event Log""]","[""File and Storage Services""]","[""DFS Management""]"
File Server,Windows Server,Windows Server 2022,SRV,Data Storage,IT,"[139, 445]","[""SMB"", ""File Services""]","[""File Server"", ""Management Tools""]","[""FSRM"", ""AV Scanner"", ""Sysmon""]"
File Server,Windows Server,Windows Server 2022,SRV,Shared Storage,Finance,"[139, 445]","[""CIFS"", ""SMB""]","[""File Server"", ""Management Tools"", ""Remote Administration""]","[""FSRM""]"
File Server,Windows Server,Windows Server 2016,SRV,Department File Shares,IT,"[445, 3389]","[""SMB"", ""File Services""]","[""File Server""]","[""Windows File Services""]"
File Server,Windows Server,Windows Server 2016,SRV,Shared Storage,Operations,[445],"[""File Services"", ""Event Log"", ""WinRM""]","[""File and Storage Services""]","[""DFS Management"", ""Backup Agent"", ""Endpoint Protection""]"
File Server,Windows Server,Windows Server 2022,SRV,Department File Shares,Operations,[445],"[""File Services""]","[""File and Storage Services""]","[""Windows File Services"", ""Monitoring Agent"", ""AV Scanner""]"
File Server,Windows Server,Windows Server 2019,SRV,Department File Shares,HR,"[139, 445]","[""SMB"", ""File Services"", ""Event Log""]","[""File Server""]","[""Windows File Services""]"
File Server,Windows Server,Windows Server 2022,SRV,Data Storage,Finance,"[139, 445]","[""File Services""]","[""File Server""]","[""FSRM""]"
File Server,Windows Server,Windows Server 2022,SRV,Department File Shares,HR,"[445, 3389]","[""SMB"", ""File Services""]","[""File Server"", ""Management Tools"", ""Remote Administration""]","[""Windows File Services"", ""AV Scanner"", ""Monitoring Agent""]"
File Server,Windows Server,Windows Server 2016,SRV,Shared Storage,HR,"[139, 445]","[""CIFS"", ""SMB""]","[""File and Storage Services""]","[""FSRM""]"
File Server,Windows Server,Windows Server 2022,SRV,Department File Shares,Finance,"[445, 3389]","[""File Services"", ""Event Log""]","[""File Server""]","[""DFS Management"", ""Sysmon""]"
File Server,Windows Server,Windows Server 2019,SRV,Shared Storage,HR,"[445, 3389]","[""SMB"", ""File Services""]","[""File Server"", ""Remote Administration"", ""Management Tools""]","[""FSRM""]"
File Server,Windows Server,Windows Server 2022,SRV,Department File Shares,IT,"[139, 445]","[""File Services""]","[""File Server"", ""Remote Administration""]","[""DFS Management""]"
File Server,Windows Server,Windows Server 2016,SRV,Department File Shares,IT,"[139, 445]","[""CIFS"", ""SMB""]","[""File Server"", ""Remote Administration""]","[""Windows File Services"", ""AV Scanner""]"
File Server,Windows Server,Windows Server 2022,SRV,Data Storage,IT,"[139, 445, 3389]","[""SMB"", ""File Services"", ""Monitoring Service""]","[""File and Storage Services""]","[""DFS Management""]"
File Server,Windows Server,Windows Server 2022,SRV,Data Storage,Operations,"[139, 445]","[""CIFS"", ""SMB""]","[""File and Storage Services""]","[""Windows File Services""]"
File Server,Windows Server,Windows Server 2019,SRV,Shared Storage,Operations,"[139, 445]","[""CIFS"", ""SMB"", ""Monitoring Service""]","[""File and Storage Services""]","[""Windows File Services""]"
File Server,Windows Server,Windows Server 2019,SRV,Shared Storage,HR,"[139, 445]","[""CIFS"", ""SMB""]","[""File Server"", ""Remote Administration""]","[""Windows File Services""]"
File Server,Windows Server,Windows Server 2022,SRV,Department File Shares,Finance,"[445, 3389]","[""SMB"", ""File Services""]","[""File Server""]","[""DFS Management""]"
File Server,Windows Server,Windows Server 2016,SRV,Department File Shares,IT,"[445, 3389]","[""File Services""]","[""File Server""]","[""Windows File Services""]"
File Server,Windows Server,Windows Server 2019,SRV,Data Storage,HR,"[445, 3389]","[""File Services"", ""WinRM"", ""Event Log""]","[""File Server""]","[""DFS Management""]"
File Server,Windows Server,Windows Server 2016,SRV,Shared Storage,Operations,"[139, 445]","[""File Services""]","[""File Server""]","[""FSRM""]"
File Server,Windows Server,Windows Server 2019,SRV,Data Storage,Finance,"[139, 445]","[""CIFS"", ""SMB"", ""Event Log""]","[""File and Storage Services""]","[""FSRM""]"
File Server,Windows Server,Windows Server 2022,SRV,Shared Storage,Finance,"[445, 3389]","[""File Services""]","[""File and Storage Services""]","[""FSRM""]"
File Server,Windows Server,Windows Server 2019,SRV,Department File Shares,HR,"[139, 445]","[""File Services""]","[""File Server""]","[""FSRM""]"
File Server,Windows Server,Windows Server 2019,SRV,Shared Storage,IT,"[139, 445]","[""CIFS"", ""SMB""]","[""File Server""]","[""Windows File Services""]"
File Server,Windows Server,Windows Server 2022,SRV,Department File Shares,IT,"[139, 445]","[""SMB"", ""File Services"", ""WinRM"", ""Event Log""]","[""File Server""]","[""FSRM""]"
File Server,Windows Server,Windows Server 2019,SRV,Shared Storage,Operations,"[139, 445, 3389]","[""SMB"", ""File Services""]","[""File and Storage Services"", ""Management Tools""]","[""DFS Management""]"
File Server,Windows Server,Windows Server 2022,SRV,Data Storage,Operations,"[139, 445]","[""SMB"", ""File Services"", ""Monitoring Service""]","[""File Server""]","[""DFS Management""]"
File Server,Windows Server,Windows Server 2016,SRV,Data Storage,HR,"[139, 445, 3389]","[""CIFS"", ""SMB""]","[""File Server"", ""Management Tools"", ""Remote Administration""]","[""DFS Management""]"
File Server,Windows Server,Windows Server 2022,SRV,Department File Shares,IT,"[139, 445]","[""File Services""]","[""File Server""]","[""Windows File Services"", ""AV Scanner""]"
File Server,Windows Server,Windows Server 2022,SRV,Department File Shares,HR,[445],"[""File Services"", ""WinRM"", ""Event Log""]","[""File Server"", ""Management Tools""]","[""DFS Management""]"
File Server,Windows Server,Windows Server 2019,SRV,Data Storage,HR,[445],"[""CIFS"", ""SMB""]","[""File and Storage Services""]","[""DFS Management""]"
File Server,Windows Server,Windows Server 2022,SRV,Data Storage,HR,"[139, 445]","[""CIFS"", ""SMB""]","[""File Server""]","[""Windows File Services"", ""Sysmon"", ""Endpoint Protection""]"
File Server,Windows Server,Windows Server 2022,SRV,Data Storage,Finance,"[139, 445, 3389]","[""SMB"", ""File Services""]","[""File Server""]","[""FSRM""]"
File Server,Windows Server,Windows Server 2019,SRV,Department File Shares,IT,"[139, 445]","[""File Services""]","[""File and Storage Services""]","[""DFS Management"", ""Backup Agent""]"
File Server,Windows Server,Windows Server 2022,SRV,Shared Storage,Operations,"[139, 445]","[""File Services""]","[""File and Storage Services""]","[""DFS Management"", ""PowerShell"", ""Endpoint Protection""]"
File Server,Windows Server,Windows Server 2022,SRV,Data Storage,Operations,"[139, 445]","[""File Services""]","[""File Server"", ""Remote Administration"", ""Management Tools""]","[""Windows File Services"", ""Monitoring Agent""]"
File Server,Windows Server,Windows Server 2019,SRV,Department File Shares,HR,[445],"[""SMB"", ""File Services"", ""WinRM"", ""Event Log""]","[""File Server""]","[""FSRM""]"
File Server,Windows Server,Windows Server 2022,SRV,Department File Shares,Finance,[445],"[""File Services""]","[""File Server"", ""Management Tools"", ""Remote Administration""]","[""DFS Management""]"
File Server,Windows Server,Windows Server 2022,SRV,Data Storage,Finance,"[139, 445]","[""SMB"", ""File Services""]","[""File Server"", ""Remote Administration"", ""Management Tools""]","[""DFS Management"", ""AV Scanner""]"
File Server,Windows Server,Windows Server 2022,SRV,Data Storage,Finance,"[445, 3389]","[""CIFS"", ""SMB""]","[""File and Storage Services""]","[""FSRM"", ""Backup Agent""]"
File Server,Windows Server,Windows Server 2022,SRV,Data Storage,IT,[445],"[""CIFS"", ""SMB""]","[""File Server""]","[""FSRM""]"
File Server,Windows Server,Windows Server 2019,SRV,Department File Shares,IT,"[139, 445, 3389]","[""CIFS"", ""SMB""]","[""File and Storage Services""]","[""FSRM""]"
File Server,Windows Server,Windows Server 2019,SRV,Department File Shares,Finance,"[139, 445]","[""SMB"", ""File Services"", ""RDP"", ""Event Log""]","[""File Server""]","[""FSRM""]"
File Server,Windows Server,Windows Server 2016,SRV,Department File Shares,IT,"[139, 445]","[""CIFS"", ""SMB"", ""WinRM"", ""Event Log""]","[""File Server""]","[""FSRM"", ""Endpoint Protection"", ""PowerShell""]"
File Server,Windows Server,Windows Server 2016,SRV,Data Storage,Operations,"[139, 445]","[""SMB"", ""File Services"", ""Event Log""]","[""File Server""]","[""Windows File Services""]"
File Server,Windows Server,Windows Server 2022,SRV,Shared Storage,Finance,"[445, 3389]","[""SMB"", ""File Services""]","[""File and Storage Services""]","[""FSRM""]"
File Server,Windows Server,Windows Server 2022,SRV,Shared Storage,HR,[445],"[""File Services"", ""RDP""]","[""File Server""]","[""FSRM""]"
File Server,Windows Server,Windows Server 2022,SRV,Shared Storage,HR,"[445, 3389]","[""SMB"", ""File Services""]","[""File Server""]","[""FSRM"", ""Monitoring Agent""]"
File Server,Windows Server,Windows Server 2019,SRV,Department File Shares,Finance,"[139, 445]","[""CIFS"", ""SMB""]","[""File and Storage Services"", ""Management Tools"", ""Remote Administration""]","[""FSRM""]"
File Server,Windows Server,Windows Server 2016,SRV,Shared Storage,HR,"[139, 445]","[""CIFS"", ""SMB""]","[""File and Storage Services""]","[""FSRM"", ""AV Scanner""]"
File Server,Windows Server,Windows Server 2022,SRV,Department File Shares,Operations,[445],"[""File Services"", ""Monitoring Service""]","[""File and Storage Services"", ""Remote Administration""]","[""Windows File Services"", ""Endpoint Protection"", ""AV Scanner""]"
File Server,Windows Server,Windows Server 2019,SRV,Shared Storage,IT,"[139, 445]","[""File Services""]","[""File Server""]","[""DFS Management"", ""Sysmon""]"
File Server,Windows Server,Windows Server 2022,SRV,Data Storage,HR,"[445, 3389]","[""CIFS"", ""SMB"", ""Event Log"", ""RDP""]","[""File Server""]","[""FSRM""]"
File Server,Windows Server,Windows Server 2016,SRV,Department File Shares,Operations,"[139, 445]","[""CIFS"", ""SMB"", ""Monitoring Service"", ""WinRM""]","[""File and Storage Services""]","[""FSRM""]"
File Server,Windows Server,Windows Server 2016,SRV,Department File Shares,IT,"[139, 445]","[""File Services""]","[""File and Storage Services""]","[""Windows File Services"", ""Endpoint Protection"", ""Sysmon""]"
File Server,Windows Server,Windows Server 2019,SRV,Department File Shares,IT,"[445, 3389]","[""File Services""]","[""File and Storage Services""]","[""FSRM""]"
File Server,Windows Server,Windows Server 2019,SRV,Shared Storage,Operations,"[139, 445]","[""SMB"", ""File Services"", ""Event Log""]","[""File Server"", ""Management Tools"", ""Remote Administration""]","[""Windows File Services""]"
File Server,Windows Server,Windows Server 2016,SRV,Data Storage,HR,"[139, 445, 3389]","[""SMB"", ""File Services"", ""WinRM""]","[""File and Storage Services""]","[""Windows File Services""]"
File Server,Windows Server,Windows Server 2016,SRV,Data Storage,Operations,[445],"[""SMB"", ""File Services""]","[""File and Storage Services""]","[""FSRM""]"
File Server,Windows Server,Windows Server 2019,SRV,Department File Shares,HR,"[139, 445]","[""File Services""]","[""File and Storage Services""]","[""DFS Management""]"
File Server,Windows Server,Windows Server 2022,SRV,Department File Shares,IT,"[139, 445]","[""CIFS"", ""SMB""]","[""File Server""]","[""FSRM""]"
Web Server,Windows Server,Windows Server 2016,SRV,Public Website,Operations,"[80, 443]","[""IIS"", ""W3SVC"", ""Monitoring Service""]","[""Web Server"", ""IIS""]","[""IIS Management Console""]"
Web Server,Windows Server,Windows Server 2016,SRV,Internal Applications,IT,"[80, 443]","[""IIS"", ""W3SVC""]","[""Web Server"", ""IIS""]","[""Apache2""]"
Web Server,Windows Server,Windows Server 2019,SRV,Public Website,IT,"[80, 443]","[""IIS"", ""W3SVC""]","[""IIS""]","[""Nginx""]"
Web Server,Windows Server,Windows Server 2019,SRV,Internal Applications,Operations,"[80, 443, 3389]","[""IIS"", ""W3SVC""]","[""Web Server"", ""Management Tools"", ""Remote Administration""]","[""Nginx""]"
Web Server,Windows Server,Windows Server 2019,SRV,Public Website,IT,"[80, 443]","[""Apache"", ""HTTP"", ""RDP""]","[""Web Server""]","[""Apache2""]"
Web Server,Windows Server,Windows Server 2016,SRV,Public Website,Marketing,"[80, 443]","[""IIS"", ""W3SVC"", ""Event Log"", ""RDP"", ""HTTPS""]","[""Web Server"", ""IIS""]","[""Apache2"", ""Monitoring Agent""]"
Web Server,Windows Server,Windows Server 2019,SRV,Public Website,Operations,[443],"[""Apache"", ""HTTP"", ""Monitoring Service"", ""WinRM"", ""HTTPS""]","[""Web Server""]","[""Nginx"", ""Endpoint Protection"", ""Monitoring Agent""]"
Web Server,Windows Server,Windows Server 2022,SRV,Public Website,Operations,"[80, 443, 3389]","[""Apache"", ""HTTP""]","[""IIS""]","[""IIS Management Console"", ""PowerShell""]"
Web Server,Windows Server,Windows Server 2022,SRV,Public Website,IT,[443],"[""Nginx"", ""HTTPS"", ""WinRM"", ""Event Log""]","[""Web Server""]","[""Apache2""]"
Web Server,Windows Server,Windows Server 2016,SRV,Web Hosting,Operations,"[80, 443]","[""IIS"", ""W3SVC"", ""HTTPS""]","[""Web Server""]","[""Nginx""]"
Web Server,Windows Server,Windows Server 2022,SRV,Public Website,IT,"[80, 443]","[""Apache"", ""HTTP"", ""Event Log"", ""HTTPS""]","[""IIS"", ""Management Tools"", ""Remote Administration""]","[""Apache2""]"
Web Server,Windows Server,Windows Server 2022,SRV,Internal Applications,IT,[443],"[""Nginx"", ""HTTPS"", ""Event Log"", ""Monitoring Service""]","[""Web Server""]","[""Apache2""]"
Web Server,Windows Server,Windows Server 2019,SRV,Internal Applications,Operations,[443],"[""Apache"", ""HTTP""]","[""IIS""]","[""Nginx""]"
Web Server,Windows Server,Windows Server 2022,SRV,Internal Applications,Marketing,"[80, 443]","[""Nginx"", ""HTTPS"", ""Event Log"", ""Monitoring Service""]","[""Web Server"", ""IIS""]","[""Nginx""]"
Web Server,Windows Server,Windows Server 2016,SRV,Internal Applications,IT,"[80, 443, 3389]","[""Apache"", ""HTTP"", ""Monitoring Service"", ""HTTPS""]","[""Web Server""]","[""IIS Management Console""]"
Web Server,Windows Server,Windows Server 2019,SRV,Web Hosting,IT,"[80, 443, 3389]","[""IIS"", ""W3SVC"", ""WinRM"", ""HTTPS""]","[""Web Server"", ""Management Tools""]","[""Apache2""]"
Web Server,Windows Server,Windows Server 2022,SRV,Internal Applications,IT,"[80, 443, 3389]","[""IIS"", ""W3SVC""]","[""IIS""]","[""Apache2"", ""Monitoring Agent""]"
Web Server,Windows Server,Windows Server 2016,SRV,Internal Applications,IT,"[80, 443]","[""IIS"", ""W3SVC"", ""HTTPS""]","[""Web Server""]","[""Nginx""]"
Web Server,Windows Server,Windows Server 2019,SRV,Internal Applications,Marketing,"[80, 443, 3389]","[""IIS"", ""W3SVC"", ""HTTPS""]","[""IIS"", ""Management Tools"", ""Remote Administration""]","[""Nginx"", ""AV Scanner""]"
Web Server,Windows Server,Windows Server 2016,SRV,Internal Applications,Operations,"[80, 443]","[""Nginx"", ""HTTPS""]","[""Web Server""]","[""Nginx""]"
Web Server,Windows Server,Windows Server 2022,SRV,Internal Applications,IT,"[80, 443, 3389]","[""IIS"", ""W3SVC""]","[""Web Server"", ""IIS""]","[""Apache2""]"
Web Server,Windows Server,Windows Server 2022,SRV,Web Hosting,Operations,"[80, 443]","[""Nginx"", ""HTTPS""]","[""Web Server"", ""IIS""]","[""IIS Management Console""]"
Web Server,Windows Server,Windows Server 2019,SRV,Web Hosting,Operations,[443],"[""Nginx"", ""HTTPS"", ""RDP""]","[""Web Server"", ""IIS""]","[""Nginx"", ""Backup Agent"", ""PowerShell""]"
Web Server,Windows Server,Windows Server 2016,SRV,Web Hosting,Operations,"[80, 443]","[""Nginx"", ""HTTPS"", ""WinRM"", ""RDP""]","[""Web Server"", ""Management Tools"", ""Remote Administration""]","[""Nginx""]"
Web Server,Windows Server,Windows Server 2022,SRV,Public Website,Marketing,"[80, 443]","[""IIS"", ""W3SVC""]","[""Web Server""]","[""Nginx"", ""Sysmon"", ""Monitoring Agent""]"
Web Server,Windows Server,Windows Server 2022,SRV,Public Website,Operations,"[80, 443]","[""Nginx"", ""HTTPS"", ""RDP"", ""Monitoring Service""]","[""IIS""]","[""Apache2""]"
Web Server,Windows Server,Windows Server 2022,SRV,Internal Applications,IT,"[80, 443]","[""Apache"", ""HTTP""]","[""Web Server"", ""IIS""]","[""IIS Management Console""]"
Web Server,Windows Server,Windows Server 2016,SRV,Internal Applications,Operations,"[80, 443, 3389]","[""Apache"", ""HTTP"", ""HTTPS""]","[""IIS""]","[""IIS Management Console""]"
Web Server,Windows Server,Windows Server 2022,SRV,Public Website,IT,"[80, 443, 3389]","[""Nginx"", ""HTTPS"", ""Monitoring Service""]","[""Web Server"", ""IIS""]","[""Nginx""]"
Web Server,Windows Server,Windows Server 2019,SRV,Web Hosting,Marketing,"[80, 443]","[""IIS"", ""W3SVC"", ""Monitoring Service"", ""HTTPS""]","[""Web Server"", ""IIS"", ""Management Tools"", ""Remote Administration""]","[""IIS Management Console""]"
Web Server,Windows Server,Windows Server 2022,SRV,Internal Applications,Marketing,"[80, 443, 3389]","[""Nginx"", ""HTTPS""]","[""IIS"", ""Remote Administration""]","[""IIS Management Console"", ""Monitoring Agent""]"
Web Server,Windows Server,Windows Server 2019,SRV,Web Hosting,IT,"[80, 443]","[""IIS"", ""W3SVC"", ""Event Log""]","[""Web Server""]","[""Nginx""]"
Web Server,Windows Server,Windows Server 2022,SRV,Public Website,IT,"[80, 443]","[""Apache"", ""HTTP"", ""RDP"", ""Event Log""]","[""Web Server"", ""Management Tools""]","[""Nginx""]"
Web Server,Windows Server,Windows Server 2019,SRV,Public Website,IT,"[80, 443, 3389]","[""Apache"", ""HTTP"", ""WinRM"", ""RDP""]","[""Web Server""]","[""Apache2"", ""AV Scanner"", ""Backup Agent""]"
Web Server,Windows Server,Windows Server 2016,SRV,Internal Applications,Operations,"[80, 443, 3389]","[""Apache"", ""HTTP"", ""HTTPS""]","[""IIS""]","[""IIS Management Console"", ""Endpoint Protection"", ""AV Scanner""]"
Web Server,Windows Server,Windows Server 2019,SRV,Internal Applications,Marketing,"[80, 443]","[""IIS"", ""W3SVC"", ""HTTPS""]","[""IIS""]","[""Nginx"", ""Monitoring Agent""]"
Web Server,Windows Server,Windows Server 2022,SRV,Web Hosting,Marketing,[443],"[""Nginx"", ""HTTPS""]","[""Web Server""]","[""IIS Management Console""]"
Web Server,Windows Server,Windows Server 2016,SRV,Public Website,Operations,[443],"[""Nginx"", ""HTTPS""]","[""Web Server"", ""Remote Administration"", ""Management Tools""]","[""IIS Management Console""]"
Web Server,Windows Server,Windows Server 2022,SRV,Web Hosting,IT,"[80, 443, 3389]","[""IIS"", ""W3SVC"", ""WinRM"", ""Event Log""]","[""Web Server"", ""IIS""]","[""Apache2""]"
Web Server,Windows Server,Windows Server 2016,SRV,Public Website,IT,[443],"[""Nginx"", ""HTTPS"", ""RDP"", ""Monitoring Service""]","[""Web Server""]","[""IIS Management Console""]"
Web Server,Windows Server,Windows Server 2019,SRV,Web Hosting,Operations,"[80, 443]","[""Apache"", ""HTTP"", ""HTTPS""]","[""IIS""]","[""Apache2""]"
Web Server,Windows Server,Windows Server 2022,SRV,Internal Applications,Marketing,[443],"[""Apache"", ""HTTP"", ""HTTPS""]","[""IIS""]","[""IIS Management Console"", ""Endpoint Protection""]"
Web Server,Windows Server,Windows Server 2016,SRV,Internal Applications,Marketing,[443],"[""IIS"", ""W3SVC"", ""HTTPS""]","[""Web Server"", ""IIS""]","[""Nginx""]"
Web Server,Windows Server,Windows Server 2016,SRV,Public Website,Marketing,"[80, 443]","[""Apache"", ""HTTP"", ""HTTPS""]","[""IIS""]","[""Nginx""]"
Web Server,Windows Server,Windows Server 2016,SRV,Public Website,Operations,"[80, 443]","[""IIS"", ""W3SVC"", ""RDP"", ""Event Log"", ""HTTPS""]","[""IIS""]","[""Nginx"", ""Backup Agent"", ""PowerShell""]"
Web Server,Windows Server,Windows Server 2016,SRV,Public Website,Marketing,[443],"[""Apache"", ""HTTP""]","[""Web Server"", ""IIS"", ""Management Tools""]","[""Apache2"", ""AV Scanner"", ""Backup Agent""]"
Web Server,Windows Server,Windows Server 2019,SRV,Public Website,IT,[443],"[""Apache"", ""HTTP""]","[""Web Server"", ""IIS""]","[""IIS Management Console""]"
Web Server,Windows Server,Windows Server 2022,SRV,Internal Applications,Operations,"[80, 443, 3389]","[""Nginx"", ""HTTPS""]","[""IIS"", ""Management Tools"", ""Remote Administration""]","[""Nginx""]"
Web Server,Windows Server,Windows Server 2016,SRV,Internal Applications,IT,"[80, 443, 3389]","[""Nginx"", ""HTTPS""]","[""Web Server""]","[""IIS Management Console""]"
Web Server,Windows Server,Windows Server 2019,SRV,Web Hosting,Marketing,[443],"[""IIS"", ""W3SVC""]","[""Web Server""]","[""Apache2""]"
Web Server,Windows Server,Windows Server 2016,SRV,Internal Applications,Operations,"[80, 443]","[""Apache"", ""HTTP"", ""HTTPS""]","[""IIS""]","[""IIS Management Console""]"
Web Server,Windows Server,Windows Server 2016,SRV,Web Hosting,Operations,"[80, 443, 3389]","[""Apache"", ""HTTP""]","[""Web Server""]","[""Nginx""]"
Web Server,Windows Server,Windows Server 2016,SRV,Internal Applications,Operations,"[80, 443]","[""Apache"", ""HTTP"", ""Event Log"", ""WinRM""]","[""IIS""]","[""Nginx""]"
Web Server,Windows Server,Windows Server 2016,SRV,Web Hosting,Operations,[443],"[""Apache"", ""HTTP"", ""HTTPS""]","[""Web Server"", ""IIS""]","[""Nginx""]"
Web Server,Windows Server,Windows Server 2016,SRV,Public Website,Operations,"[80, 443]","[""IIS"", ""W3SVC"", ""Event Log"", ""Monitoring Service"", ""HTTPS""]","[""Web Server"", ""Management Tools""]","[""Apache2""]"
Web Server,Windows Server,Windows Server 2019,SRV,Web Hosting,IT,"[80, 443, 3389]","[""Apache"", ""HTTP""]","[""Web Server"", ""IIS"", ""Remote Administration"", ""Management Tools""]","[""IIS Management Console"", ""Endpoint Protection""]"
Web Server,Windows Server,Windows Server 2019,SRV,Internal Applications,Operations,"[80, 443, 3389]","[""Apache"", ""HTTP"", ""WinRM""]","[""IIS""]","[""Apache2""]"
Web Server,Windows Server,Windows Server 2022,SRV,Web Hosting,IT,"[80, 443]","[""Apache"", ""HTTP"", ""RDP""]","[""IIS""]","[""Nginx""]"
Web Server,Windows Server,Windows Server 2022,SRV,Public Website,IT,"[80, 443, 3389]","[""Nginx"", ""HTTPS""]","[""Web Server"", ""Remote Administration"", ""Management Tools""]","[""IIS Management Console""]"
Web Server,Windows Server,Windows Server 2022,SRV,Public Website,IT,[443],"[""Apache"", ""HTTP"", ""Event Log"", ""Monitoring Service""]","[""Web Server"", ""IIS""]","[""Nginx"", ""Monitoring Agent""]"
Web Server,Windows Server,Windows Server 2022,SRV,Internal Applications,Marketing,[443],"[""Nginx"", ""HTTPS""]","[""IIS""]","[""Nginx""]"
Web Server,Windows Server,Windows Server 2022,SRV,Internal Applications,IT,"[80, 443]","[""Nginx"", ""HTTPS""]","[""IIS""]","[""IIS Management Console""]"
Web Server,Windows Server,Windows Server 2022,SRV,Public Website,Operations,[443],"[""Apache"", ""HTTP"", ""Monitoring Service""]","[""IIS""]","[""Nginx""]"
Web Server,Windows Server,Windows Server 2019,SRV,Web Hosting,Marketing,[443],"[""IIS"", ""W3SVC"", ""HTTPS""]","[""IIS"", ""Remote Administration""]","[""IIS Management Console""]"
Web Server,Windows Server,Windows Server 2022,SRV,Internal Applications,IT,"[80, 443]","[""Apache"", ""HTTP"", ""HTTPS""]","[""Web Server"", ""IIS""]","[""Nginx""]"
Web Server,Windows Server,Windows Server 2016,SRV,Public Website,IT,[443],"[""Nginx"", ""HTTPS""]","[""Web Server"", ""IIS""]","[""Nginx"", ""PowerShell""]"
Web Server,Windows Server,Windows Server 2022,SRV,Web Hosting,IT,[443],"[""Nginx"", ""HTTPS"", ""Event Log"", ""Monitoring Service""]","[""IIS"", ""Remote Administration"", ""Management Tools""]","[""Apache2"", ""Sysmon""]"
Web Server,Windows Server,Windows Server 2022,SRV,Internal Applications,Marketing,"[80, 443, 3389]","[""Nginx"", ""HTTPS""]","[""IIS"", ""Remote Administration"", ""Management Tools""]","[""IIS Management Console""]"
Web Server,Windows Server,Windows Server 2016,SRV,Web Hosting,IT,[443],"[""Apache"", ""HTTP"", ""HTTPS""]","[""Web Server"", ""Management Tools""]","[""Apache2""]"
Web Server,Windows Server,Windows Server 2019,SRV,Internal Applications,Marketing,"[80, 443]","[""IIS"", ""W3SVC"", ""HTTPS""]","[""IIS""]","[""IIS Management Console""]"
Web Server,Windows Server,Windows Server 2016,SRV,Internal Applications,Operations,"[80, 443]","[""Apache"", ""HTTP""]","[""Web Server"", ""IIS""]","[""Nginx"", ""Monitoring Agent"", ""AV Scanner""]"
Web Server,Windows Server,Windows Server 2019,SRV,Web Hosting,Marketing,"[80, 443]","[""Nginx"", ""HTTPS""]","[""IIS""]","[""Nginx""]"
Web Server,Windows Server,Windows Server 2016,SRV,Web Hosting,Marketing,"[80, 443]","[""IIS"", ""W3SVC"", ""Monitoring Service"", ""Event Log""]","[""Web Server""]","[""Apache2"", ""AV Scanner""]"
Web Server,Windows Server,Windows Server 2016,SRV,Public Website,Operations,[443],"[""Nginx"", ""HTTPS"", ""Event Log""]","[""IIS"", ""Remote Administration""]","[""Nginx""]"
Web Server,Windows Server,Windows Server 2016,SRV,Public Website,Marketing,[443],"[""Nginx"", ""HTTPS"", ""WinRM"", ""Monitoring Service""]","[""Web Server"", ""IIS""]","[""Nginx""]"
Web Server,Windows Server,Windows Server 2022,SRV,Internal Applications,IT,"[80, 443, 3389]","[""IIS"", ""W3SVC"", ""WinRM""]","[""Web Server"", ""IIS""]","[""Apache2""]"
Web Server,Windows Server,Windows Server 2019,SRV,Public Website,IT,[443],"[""Nginx"", ""HTTPS""]","[""Web Server"", ""IIS""]","[""Apache2"", ""Sysmon"", ""Backup Agent""]"
Web Server,Windows Server,Windows Server 2022,SRV,Web Hosting,IT,[443],"[""IIS"", ""W3SVC"", ""WinRM"", ""RDP"", ""HTTPS""]","[""Web Server"", ""IIS""]","[""Apache2"", ""AV Scanner"", ""PowerShell""]"
Web Server,Windows Server,Windows Server 2016,SRV,Web Hosting,Operations,"[80, 443]","[""IIS"", ""W3SVC""]","[""Web Server""]","[""Nginx""]"
Web Server,Windows Server,Windows Server 2016,SRV,Internal Applications,Marketing,"[80, 443, 3389]","[""Apache"", ""HTTP"", ""HTTPS""]","[""Web Server"", ""IIS"", ""Remote Administration""]","[""IIS Management Console""]"
Web Server,Windows Server,Windows Server 2022,SRV,Public Website,Marketing,"[80, 443, 3389]","[""Nginx"", ""HTTPS"", ""WinRM"", ""Event Log""]","[""IIS""]","[""Nginx"", ""Endpoint Protection"", ""Sysmon""]"
Web Server,Windows Server,Windows Server 2016,SRV,Internal Applications,Marketing,"[80, 443, 3389]","[""Nginx"", ""HTTPS""]","[""Web Server"", ""IIS""]","[""Nginx""]"
Web Server,Windows Server,Windows Server 2016,SRV,Internal Applications,Operations,"[80, 443]","[""Apache"", ""HTTP"", ""HTTPS""]","[""Web Server"", ""IIS""]","[""IIS Management Console""]"
Web Server,Windows Server,Windows Server 2016,SRV,Internal Applications,IT,[443],"[""Nginx"", ""HTTPS""]","[""IIS""]","[""IIS Management Console""]"
Web Server,Windows Server,Windows Server 2016,SRV,Internal Applications,Marketing,"[80, 443, 3389]","[""Nginx"", ""HTTPS""]","[""Web Server""]","[""Apache2"", ""Monitoring Agent""]"
Web Server,Windows Server,Windows Server 2019,SRV,Public Website,IT,"[80, 443]","[""Apache"", ""HTTP"", ""HTTPS""]","[""IIS""]","[""IIS Management Console""]"
Web Server,Windows Server,Windows Server 2019,SRV,Internal Applications,Marketing,"[80, 443, 3389]","[""Apache"", ""HTTP"", ""HTTPS""]","[""Web Server""]","[""IIS Management Console""]"
Web Server,Windows Server,Windows Server 2022,SRV,Public Website,Marketing,"[80, 443]","[""Apache"", ""HTTP""]","[""Web Server""]","[""IIS Management Console""]"
Web Server,Windows Server,Windows Server 2016,SRV,Public Website,Marketing,"[80, 443, 3389]","[""IIS"", ""W3SVC"", ""HTTPS""]","[""IIS""]","[""IIS Management Console""]"
Web Server,Windows Server,Windows Server 2019,SRV,Internal Applications,IT,[443],"[""IIS"", ""W3SVC"", ""WinRM"", ""Event Log"", ""HTTPS""]","[""Web Server"", ""IIS""]","[""Apache2""]"
Web Server,Windows Server,Windows Server 2022,SRV,Internal Applications,IT,"[80, 443]","[""Apache"", ""HTTP""]","[""IIS""]","[""Nginx""]"
Web Server,Windows Server,Windows Server 2016,SRV,Internal Applications,Operations,"[80, 443, 3389]","[""IIS"", ""W3SVC""]","[""Web Server""]","[""Nginx"", ""PowerShell"", ""Monitoring Agent""]"
Web Server,Windows Server,Windows Server 2022,SRV,Internal Applications,IT,"[80, 443, 3389]","[""Apache"", ""HTTP""]","[""IIS""]","[""IIS Management Console""]"
Web Server,Windows Server,Windows Server 2022,SRV,Internal Applications,IT,[443],"[""IIS"", ""W3SVC""]","[""Web Server"", ""IIS""]","[""Apache2""]"
Web Server,Windows Server,Windows Server 2019,SRV,Internal Applications,Operations,[443],"[""Apache"", ""HTTP"", ""HTTPS""]","[""IIS"", ""Remote Administration""]","[""Nginx""]"
Web Server,Windows Server,Windows Server 2016,SRV,Public Website,Operations,"[80, 443]","[""IIS"", ""W3SVC"", ""Event Log"", ""RDP"", ""HTTPS""]","[""Web Server""]","[""Nginx"", ""PowerShell""]"
Web Server,Windows Server,Windows Server 2016,SRV,Web Hosting,Operations,"[80, 443]","[""IIS"", ""W3SVC"", ""Event Log"", ""HTTPS""]","[""Web Server""]","[""Nginx""]"
Web Server,Windows Server,Windows Server 2019,SRV,Web Hosting,IT,"[80, 443]","[""Nginx"", ""HTTPS""]","[""IIS"", ""Management Tools"", ""Remote Administration""]","[""Apache2"", ""Backup Agent"", ""PowerShell""]"
Web Server,Windows Server,Windows Server 2022,SRV,Internal Applications,Marketing,[443],"[""Nginx"", ""HTTPS""]","[""Web Server"", ""IIS""]","[""Nginx""]"
Web Server,Windows Server,Windows Server 2019,SRV,Web Hosting,Operations,[443],"[""Nginx"", ""HTTPS""]","[""Web Server"", ""Remote Administration"", ""Management Tools""]","[""IIS Management Console"", ""Sysmon""]"
Database Server,Windows Server,Windows Server 2019,SRV,Application Data,Finance,[3306],"[""MySQL""]","[""Database Server""]","[""Microsoft SQL Server""]"
Database Server,Windows Server,Windows Server 2016,SRV,Database Services,Operations,[1433],"[""SQL Server""]","[""SQL Services"", ""Remote Administration"", ""Management Tools""]","[""Microsoft SQL Server"", ""Monitoring Agent""]"
Database Server,Windows Server,Windows Server 2022,SRV,Transactional Storage,IT,[1433],"[""SQL Server"", ""Monitoring Service""]","[""Database Server""]","[""MySQL Server"", ""PowerShell"", ""Monitoring Agent""]"
Database Server,Windows Server,Windows Server 2022,SRV,Application Data,Operations,[1521],"[""PostgreSQL"", ""Event Log""]","[""Database Server""]","[""PostgreSQL""]"
Database Server,Windows Server,Windows Server 2019,SRV,Application Data,IT,[1521],"[""SQL Server""]","[""Database Server""]","[""MySQL Server""]"
Database Server,Windows Server,Windows Server 2016,SRV,Database Services,Finance,[1521],"[""MySQL""]","[""Database Server""]","[""PostgreSQL"", ""Monitoring Agent""]"
Database Server,Windows Server,Windows Server 2022,SRV,Transactional Storage,Operations,[1521],"[""SQL Server""]","[""Database Server""]","[""Microsoft SQL Server""]"
Database Server,Windows Server,Windows Server 2022,SRV,Application Data,Operations,[3306],"[""PostgreSQL""]","[""Database Server""]","[""Oracle Client""]"
Database Server,Windows Server,Windows Server 2019,SRV,Transactional Storage,IT,[3306],"[""SQL Server""]","[""SQL Services"", ""Remote Administration"", ""Management Tools""]","[""Oracle Client"", ""Sysmon""]"
Database Server,Windows Server,Windows Server 2022,SRV,Application Data,IT,[1521],"[""PostgreSQL""]","[""Database Server""]","[""Oracle Client""]"
Database Server,Windows Server,Windows Server 2019,SRV,Transactional Storage,Operations,[1433],"[""PostgreSQL"", ""SQL Server""]","[""SQL Services""]","[""MySQL Server"", ""PowerShell""]"
Database Server,Windows Server,Windows Server 2022,SRV,Database Services,Operations,[1521],"[""SQL Server""]","[""SQL Services""]","[""Oracle Client""]"
Database Server,Windows Server,Windows Server 2016,SRV,Database Services,Operations,[1433],"[""PostgreSQL"", ""SQL Server""]","[""Database Server""]","[""MySQL Server""]"
Database Server,Windows Server,Windows Server 2022,SRV,Transactional Storage,Operations,[3306],"[""MySQL""]","[""Database Server""]","[""Oracle Client""]"
Database Server,Windows Server,Windows Server 2019,SRV,Transactional Storage,IT,[3306],"[""MySQL"", ""Event Log""]","[""Database Server""]","[""MySQL Server""]"
Database Server,Windows Server,Windows Server 2016,SRV,Database Services,IT,[1521],"[""MySQL"", ""Monitoring Service""]","[""SQL Services""]","[""Oracle Client"", ""Sysmon""]"
Database Server,Windows Server,Windows Server 2016,SRV,Database Services,Finance,[3306],"[""PostgreSQL"", ""RDP"", ""Monitoring Service""]","[""Database Server""]","[""MySQL Server""]"
Database Server,Windows Server,Windows Server 2022,SRV,Database Services,IT,[1433],"[""Oracle Database"", ""SQL Server""]","[""Database Server""]","[""Microsoft SQL Server"", ""Monitoring Agent""]"
Database Server,Windows Server,Windows Server 2022,SRV,Transactional Storage,Finance,[5432],"[""Oracle Database""]","[""SQL Services""]","[""MySQL Server"", ""AV Scanner"", ""Backup Agent""]"
Database Server,Windows Server,Windows Server 2019,SRV,Database Services,IT,[1433],"[""MySQL"", ""SQL Server""]","[""Database Server""]","[""PostgreSQL"", ""AV Scanner""]"
Database Server,Windows Server,Windows Server 2016,SRV,Database Services,IT,[1433],"[""PostgreSQL"", ""SQL Server""]","[""Database Server""]","[""MySQL Server"", ""Monitoring Agent""]"
Database Server,Windows Server,Windows Server 2016,SRV,Transactional Storage,Operations,[1521],"[""MySQL"", ""WinRM""]","[""SQL Services""]","[""Oracle Client"", ""Monitoring Agent"", ""PowerShell""]"
Database Server,Windows Server,Windows Server 2022,SRV,Database Services,Finance,[3306],"[""MySQL""]","[""SQL Services""]","[""Microsoft SQL Server""]"
Database Server,Windows Server,Windows Server 2022,SRV,Application Data,Finance,[5432],"[""Oracle Database"", ""RDP"", ""WinRM""]","[""SQL Services"", ""Remote Administration""]","[""MySQL Server"", ""Monitoring Agent""]"
Database Server,Windows Server,Windows Server 2019,SRV,Transactional Storage,Operations,[1433],"[""Oracle Database"", ""RDP"", ""Monitoring Service"", ""SQL Server""]","[""SQL Services"", ""Remote Administration""]","[""PostgreSQL"", ""Monitoring Agent""]"
Database Server,Windows Server,Windows Server 2022,SRV,Transactional Storage,IT,[5432],"[""MySQL"", ""Monitoring Service"", ""RDP""]","[""Database Server""]","[""MySQL Server""]"
Database Server,Windows Server,Windows Server 2022,SRV,Database Services,Finance,[3306],"[""MySQL"", ""RDP"", ""Event Log""]","[""SQL Services""]","[""PostgreSQL"", ""PowerShell"", ""Endpoint Protection""]"
Database Server,Windows Server,Windows Server 2016,SRV,Application Data,Operations,[3306],"[""MySQL""]","[""Database Server""]","[""Microsoft SQL Server"", ""PowerShell"", ""AV Scanner""]"
Database Server,Windows Server,Windows Server 2016,SRV,Application Data,Finance,[1521],"[""Oracle Database""]","[""Database Server""]","[""MySQL Server"", ""PowerShell""]"
Database Server,Windows Server,Windows Server 2022,SRV,Application Data,IT,[3306],"[""PostgreSQL"", ""WinRM""]","[""SQL Services""]","[""MySQL Server""]"
Database Server,Windows Server,Windows Server 2022,SRV,Transactional Storage,Finance,[1433],"[""Oracle Database"", ""SQL Server""]","[""Database Server""]","[""Oracle Client"", ""PowerShell"", ""Backup Agent""]"
Database Server,Windows Server,Windows Server 2022,SRV,Transactional Storage,IT,[1433],"[""Oracle Database"", ""SQL Server""]","[""SQL Services""]","[""PostgreSQL""]"
Database Server,Windows Server,Windows Server 2019,SRV,Transactional Storage,Finance,[3306],"[""SQL Server""]","[""SQL Services""]","[""Microsoft SQL Server""]"
Database Server,Windows Server,Windows Server 2022,SRV,Application Data,IT,[1433],"[""Oracle Database"", ""SQL Server""]","[""Database Server""]","[""MySQL Server""]"
Database Server,Windows Server,Windows Server 2022,SRV,Database Services,Finance,[3306],"[""MySQL""]","[""Database Server""]","[""Oracle Client""]"
Database Server,Windows Server,Windows Server 2022,SRV,Transactional Storage,IT,[3306],"[""PostgreSQL""]","[""SQL Services""]","[""Oracle Client"", ""Sysmon""]"
Database Server,Windows Server,Windows Server 2019,SRV,Application Data,Operations,[1433],"[""Oracle Database"", ""SQL Server""]","[""SQL Services""]","[""PostgreSQL""]"
Database Server,Windows Server,Windows Server 2022,SRV,Database Services,IT,[1521],"[""SQL Server"", ""Event Log""]","[""Database Server"", ""Management Tools"", ""Remote Administration""]","[""Oracle Client"", ""AV Scanner""]"
Database Server,Windows Server,Windows Server 2022,SRV,Database Services,Operations,[1521],"[""MySQL""]","[""SQL Services""]","[""Microsoft SQL Server"", ""Monitoring Agent""]"
Database Server,Windows Server,Windows Server 2016,SRV,Transactional Storage,Finance,[5432],"[""Oracle Database""]","[""SQL Services""]","[""Oracle Client""]"
Database Server,Windows Server,Windows Server 2022,SRV,Database Services,Operations,[3306],"[""PostgreSQL"", ""Event Log"", ""WinRM""]","[""Database Server""]","[""Oracle Client""]"
Database Server,Windows Server,Windows Server 2022,SRV,Database Services,Finance,[5432],"[""MySQL""]","[""Database Server"", ""Management Tools""]","[""PostgreSQL""]"
Database Server,Windows Server,Windows Server 2019,SRV,Application Data,Operations,[3306],"[""MySQL""]","[""Database Server""]","[""PostgreSQL"", ""AV Scanner"", ""Endpoint Protection""]"
Database Server,Windows Server,Windows Server 2022,SRV,Application Data,IT,[1433],"[""Oracle Database"", ""SQL Server""]","[""Database Server""]","[""PostgreSQL"", ""PowerShell"", ""Sysmon""]"
Database Server,Windows Server,Windows Server 2019,SRV,Application Data,Finance,[3306],"[""Oracle Database"", ""Monitoring Service""]","[""Database Server"", ""Remote Administration""]","[""Microsoft SQL Server""]"
Database Server,Windows Server,Windows Server 2016,SRV,Application Data,Operations,[1433],"[""PostgreSQL"", ""RDP"", ""SQL Server""]","[""SQL Services"", ""Remote Administration""]","[""Microsoft SQL Server""]"
Database Server,Windows Server,Windows Server 2019,SRV,Database Services,Operations,[5432],"[""SQL Server""]","[""SQL Services""]","[""Oracle Client"", ""Monitoring Agent"", ""Sysmon""]"
Database Server,Windows Server,Windows Server 2019,SRV,Application Data,Operations,[1521],"[""SQL Server"", ""Monitoring Service"", ""RDP""]","[""SQL Services"", ""Remote Administration"", ""Management Tools""]","[""Microsoft SQL Server"", ""Backup Agent"", ""AV Scanner""]"
Database Server,Windows Server,Windows Server 2019,SRV,Database Services,Finance,[1521],"[""SQL Server"", ""Monitoring Service"", ""WinRM""]","[""SQL Services""]","[""MySQL Server"", ""Sysmon"", ""AV Scanner""]"
Database Server,Windows Server,Windows Server 2019,SRV,Database Services,Operations,[5432],"[""Oracle Database""]","[""SQL Services"", ""Management Tools""]","[""PostgreSQL"", ""Monitoring Agent"", ""Sysmon""]"
Database Server,Windows Server,Windows Server 2019,SRV,Database Services,Operations,[3306],"[""SQL Server"", ""Monitoring Service"", ""WinRM""]","[""SQL Services""]","[""Oracle Client""]"
Database Server,Windows Server,Windows Server 2022,SRV,Transactional Storage,Operations,[1433],"[""PostgreSQL"", ""SQL Server""]","[""Database Server""]","[""MySQL Server""]"
Database Server,Windows Server,Windows Server 2016,SRV,Application Data,Operations,[3306],"[""PostgreSQL"", ""Event Log"", ""RDP""]","[""SQL Services"", ""Management Tools"", ""Remote Administration""]","[""MySQL Server""]"
Database Server,Windows Server,Windows Server 2022,SRV,Database Services,Finance,[5432],"[""PostgreSQL""]","[""SQL Services""]","[""PostgreSQL"", ""Endpoint Protection"", ""Monitoring Agent""]"
Database Server,Windows Server,Windows Server 2016,SRV,Transactional Storage,Operations,[5432],"[""Oracle Database""]","[""Database Server"", ""Management Tools""]","[""MySQL Server""]"
Database Server,Windows Server,Windows Server 2022,SRV,Transactional Storage,Finance,[1433],"[""Oracle Database"", ""SQL Server""]","[""Database Server"", ""Management Tools""]","[""Oracle Client"", ""Endpoint Protection"", ""Backup Agent""]"
Database Server,Windows Server,Windows Server 2022,SRV,Transactional Storage,Operations,[3306],"[""PostgreSQL"", ""RDP""]","[""Database Server""]","[""MySQL Server""]"
Database Server,Windows Server,Windows Server 2019,SRV,Database Services,IT,[3306],"[""SQL Server""]","[""Database Server"", ""Remote Administration"", ""Management Tools""]","[""MySQL Server"", ""Backup Agent""]"
Database Server,Windows Server,Windows Server 2016,SRV,Application Data,IT,[1433],"[""PostgreSQL"", ""SQL Server""]","[""Database Server""]","[""MySQL Server""]"
Database Server,Windows Server,Windows Server 2016,SRV,Database Services,Finance,[5432],"[""SQL Server"", ""Event Log"", ""RDP""]","[""Database Server""]","[""MySQL Server""]"
Database Server,Windows Server,Windows Server 2016,SRV,Database Services,Finance,[1433],"[""MySQL"", ""SQL Server""]","[""SQL Services"", ""Management Tools""]","[""MySQL Server""]"
Database Server,Windows Server,Windows Server 2022,SRV,Application Data,Operations,[3306],"[""Oracle Database""]","[""Database Server"", ""Remote Administration"", ""Management Tools""]","[""MySQL Server""]"
Database Server,Windows Server,Windows Server 2019,SRV,Database Services,Operations,[1433],"[""Oracle Database"", ""Monitoring Service"", ""SQL Server""]","[""SQL Services""]","[""Microsoft SQL Server"", ""Monitoring Agent"", ""Backup Agent""]"
Database Server,Windows Server,Windows Server 2019,SRV,Application Data,Finance,[5432],"[""Oracle Database"", ""Event Log"", ""RDP""]","[""Database Server""]","[""Oracle Client""]"
Database Server,Windows Server,Windows Server 2019,SRV,Database Services,IT,[1521],"[""SQL Server""]","[""Database Server"", ""Remote Administration"", ""Management Tools""]","[""MySQL Server"", ""Sysmon""]"
Database Server,Windows Server,Windows Server 2016,SRV,Transactional Storage,Operations,[1433],"[""MySQL"", ""SQL Server""]","[""SQL Services""]","[""PostgreSQL""]"
Database Server,Windows Server,Windows Server 2022,SRV,Application Data,Operations,[1521],"[""Oracle Database""]","[""SQL Services"", ""Management Tools"", ""Remote Administration""]","[""PostgreSQL""]"
Database Server,Windows Server,Windows Server 2016,SRV,Transactional Storage,IT,[1433],"[""SQL Server""]","[""Database Server""]","[""Microsoft SQL Server""]"
Database Server,Windows Server,Windows Server 2019,SRV,Transactional Storage,Finance,[5432],"[""MySQL"", ""WinRM""]","[""SQL Services""]","[""MySQL Server"", ""Backup Agent"", ""AV Scanner""]"
Database Server,Windows Server,Windows Server 2019,SRV,Transactional Storage,Operations,[1433],"[""SQL Server""]","[""Database Server""]","[""PostgreSQL""]"
Database Server,Windows Server,Windows Server 2019,SRV,Application Data,IT,[1433],"[""MySQL"", ""SQL Server""]","[""SQL Services""]","[""MySQL Server""]"
Database Server,Windows Server,Windows Server 2016,SRV,Application Data,Finance,[1521],"[""Oracle Database""]","[""SQL Services""]","[""Oracle Client""]"
Database Server,Windows Server,Windows Server 2016,SRV,Transactional Storage,IT,[1521],"[""PostgreSQL""]","[""SQL Services""]","[""PostgreSQL""]"
Database Server,Windows Server,Windows Server 2019,SRV,Application Data,IT,[1433],"[""SQL Server"", ""Event Log"", ""Monitoring Service""]","[""Database Server""]","[""PostgreSQL"", ""Sysmon"", ""PowerShell""]"
Database Server,Windows Server,Windows Server 2019,SRV,Application Data,IT,[3306],"[""MySQL"", ""WinRM"", ""Event Log""]","[""Database Server""]","[""Microsoft SQL Server"", ""AV Scanner""]"
Database Server,Windows Server,Windows Server 2019,SRV,Database Services,Operations,[1521],"[""Oracle Database"", ""WinRM"", ""RDP""]","[""SQL Services""]","[""PostgreSQL""]"
Database Server,Windows Server,Windows Server 2019,SRV,Database Services,Finance,[3306],"[""PostgreSQL""]","[""SQL Services"", ""Remote Administration"", ""Management Tools""]","[""MySQL Server""]"
Database Server,Windows Server,Windows Server 2016,SRV,Transactional Storage,IT,[5432],"[""PostgreSQL"", ""RDP"", ""Event Log""]","[""Database Server""]","[""Microsoft SQL Server""]"
Database Server,Windows Server,Windows Server 2019,SRV,Database Services,Finance,[1521],"[""Oracle Database"", ""Event Log""]","[""SQL Services""]","[""PostgreSQL"", ""Sysmon"", ""AV Scanner""]"
Database Server,Windows Server,Windows Server 2022,SRV,Application Data,Finance,[3306],"[""SQL Server""]","[""Database Server""]","[""MySQL Server""]"
Database Server,Windows Server,Windows Server 2022,SRV,Application Data,Operations,[1521],"[""SQL Server""]","[""SQL Services""]","[""MySQL Server"", ""Backup Agent"", ""PowerShell""]"
Database Server,Windows Server,Windows Server 2019,SRV,Database Services,Finance,[3306],"[""Oracle Database"", ""RDP"", ""Monitoring Service""]","[""Database Server""]","[""Microsoft SQL Server"", ""Endpoint Protection""]"
Database Server,Windows Server,Windows Server 2019,SRV,Application Data,Operations,[1521],"[""Oracle Database""]","[""Database Server"", ""Management Tools"", ""Remote Administration""]","[""PostgreSQL""]"
Database Server,Windows Server,Windows Server 2019,SRV,Transactional Storage,Finance,[3306],"[""SQL Server""]","[""SQL Services""]","[""Microsoft SQL Server""]"
Database Server,Windows Server,Windows Server 2016,SRV,Application Data,Finance,[5432],"[""SQL Server""]","[""SQL Services""]","[""Microsoft SQL Server"", ""Endpoint Protection""]"
Database Server,Windows Server,Windows Server 2016,SRV,Transactional Storage,Finance,[1433],"[""PostgreSQL"", ""SQL Server""]","[""Database Server"", ""Remote Administration""]","[""PostgreSQL""]"
Database Server,Windows Server,Windows Server 2022,SRV,Application Data,Finance,[3306],"[""Oracle Database"", ""RDP""]","[""Database Server""]","[""Oracle Client""]"
Database Server,Windows Server,Windows Server 2022,SRV,Database Services,Operations,[5432],"[""SQL Server"", ""Monitoring Service"", ""Event Log""]","[""Database Server""]","[""MySQL Server"", ""Sysmon"", ""Monitoring Agent""]"
Database Server,Windows Server,Windows Server 2022,SRV,Transactional Storage,IT,[1433],"[""MySQL"", ""Event Log"", ""Monitoring Service"", ""SQL Server""]","[""SQL Services""]","[""Microsoft SQL Server""]"
Database Server,Windows Server,Windows Server 2016,SRV,Application Data,Operations,[1433],"[""Oracle Database"", ""SQL Server""]","[""SQL Services""]","[""MySQL Server"", ""Backup Agent""]"
Database Server,Windows Server,Windows Server 2022,SRV,Application Data,Finance,[1521],"[""SQL Server"", ""Monitoring Service""]","[""SQL Services""]","[""PostgreSQL""]"
Database Server,Windows Server,Windows Server 2016,SRV,Database Services,Finance,[5432],"[""SQL Server""]","[""SQL Services""]","[""Microsoft SQL Server""]"
Database Server,Windows Server,Windows Server 2022,SRV,Transactional Storage,IT,[1521],"[""MySQL"", ""Event Log""]","[""SQL Services""]","[""Microsoft SQL Server"", ""AV Scanner""]"
Database Server,Windows Server,Windows Server 2022,SRV,Application Data,Operations,[1521],"[""Oracle Database""]","[""Database Server""]","[""PostgreSQL""]"
Database Server,Windows Server,Windows Server 2016,SRV,Database Services,Operations,[5432],"[""MySQL""]","[""SQL Services""]","[""MySQL Server"", ""AV Scanner""]"
Database Server,Windows Server,Windows Server 2022,SRV,Transactional Storage,Finance,[3306],"[""SQL Server""]","[""Database Server""]","[""MySQL Server"", ""AV Scanner"", ""Sysmon""]"
Database Server,Windows Server,Windows Server 2016,SRV,Database Services,Operations,[3306],"[""SQL Server"", ""Monitoring Service"", ""Event Log""]","[""SQL Services"", ""Management Tools""]","[""PostgreSQL"", ""Backup Agent"", ""Endpoint Protection""]"
Database Server,Windows Server,Windows Server 2019,SRV,Database Services,Finance,[3306],"[""PostgreSQL""]","[""Database Server""]","[""Oracle Client""]"
Database Server,Windows Server,Windows Server 2016,SRV,Application Data,Operations,[3306],"[""Oracle Database""]","[""SQL Services""]","[""Oracle Client"", ""Endpoint Protection"", ""Sysmon""]"
Database Server,Windows Server,Windows Server 2022,SRV,Application Data,Finance,[3306],"[""Oracle Database""]","[""SQL Services"", ""Management Tools""]","[""PostgreSQL""]"
Mail Server,Windows Server,Windows Server 2019,SRV,Messaging,IT,"[25, 587, 993]","[""Exchange"", ""SMTP"", ""SMTP""]","[""Messaging Server""]","[""Exchange Admin Tools""]"
Mail Server,Windows Server,Windows Server 2016,SRV,Corporate Communications,IT,"[25, 110, 143]","[""SMTP"", ""IMAP"", ""IMAP""]","[""Messaging Server""]","[""Microsoft Exchange"", ""Endpoint Protection"", ""Sysmon""]"
Mail Server,Windows Server,Windows Server 2016,SRV,Messaging,Infrastructure,"[25, 465, 587, 993]","[""Exchange"", ""SMTP""]","[""Messaging Server""]","[""Exchange Admin Tools""]"
Mail Server,Windows Server,Windows Server 2019,SRV,Corporate Communications,Infrastructure,"[25, 110, 143]","[""SMTP"", ""IMAP"", ""RDP"", ""Event Log""]","[""Messaging Server"", ""Management Tools""]","[""Microsoft Exchange"", ""Sysmon"", ""Endpoint Protection""]"
Mail Server,Windows Server,Windows Server 2019,SRV,Email Infrastructure,Infrastructure,"[25, 587, 993]","[""Exchange"", ""SMTP""]","[""Messaging Server""]","[""Microsoft Exchange""]"
Mail Server,Windows Server,Windows Server 2016,SRV,Messaging,IT,"[25, 587, 993]","[""Exchange"", ""SMTP"", ""Event Log""]","[""Mail Server""]","[""Microsoft Exchange""]"
Mail Server,Windows Server,Windows Server 2019,SRV,Email Infrastructure,IT,"[25, 110, 143]","[""Mail Transfer Agent"", ""SMTP"", ""WinRM"", ""RDP"", ""POP3""]","[""Mail Server""]","[""Mail Gateway Connector""]"
Mail Server,Windows Server,Windows Server 2016,SRV,Email Infrastructure,IT,"[25, 110, 143]","[""Mail Transfer Agent"", ""SMTP"", ""IMAP""]","[""Messaging Server""]","[""Exchange Admin Tools""]"
Mail Server,Windows Server,Windows Server 2022,SRV,Corporate Communications,Infrastructure,"[25, 110, 143]","[""Mail Transfer Agent"", ""SMTP""]","[""Mail Server"", ""Remote Administration""]","[""Exchange Admin Tools""]"
Mail Server,Windows Server,Windows Server 2022,SRV,Corporate Communications,Infrastructure,"[25, 587, 993]","[""Exchange"", ""SMTP"", ""Monitoring Service"", ""SMTP""]","[""Mail Server"", ""Management Tools""]","[""Exchange Admin Tools""]"
Mail Server,Windows Server,Windows Server 2016,SRV,Email Infrastructure,Infrastructure,"[25, 110, 143]","[""Exchange"", ""SMTP""]","[""Messaging Server""]","[""Mail Gateway Connector"", ""Sysmon""]"
Mail Server,Windows Server,Windows Server 2019,SRV,Messaging,Infrastructure,"[25, 110, 143]","[""Exchange"", ""SMTP"", ""SMTP""]","[""Messaging Server"", ""Remote Administration"", ""Management Tools""]","[""Exchange Admin Tools""]"
Mail Server,Windows Server,Windows Server 2019,SRV,Messaging,IT,"[25, 465, 587, 993]","[""Mail Transfer Agent"", ""SMTP"", ""POP3""]","[""Messaging Server""]","[""Mail Gateway Connector""]"
Mail Server,Windows Server,Windows Server 2016,SRV,Messaging,Infrastructure,"[25, 587, 993]","[""SMTP"", ""IMAP""]","[""Messaging Server""]","[""Mail Gateway Connector""]"
Mail Server,Windows Server,Windows Server 2022,SRV,Email Infrastructure,IT,"[25, 465, 587, 993]","[""SMTP"", ""IMAP""]","[""Messaging Server"", ""Remote Administration"", ""Management Tools""]","[""Mail Gateway Connector"", ""Monitoring Agent""]"
Mail Server,Windows Server,Windows Server 2019,SRV,Email Infrastructure,IT,"[25, 110, 143]","[""SMTP"", ""IMAP"", ""Event Log"", ""Monitoring Service"", ""IMAP""]","[""Messaging Server""]","[""Exchange Admin Tools""]"
Mail Server,Windows Server,Windows Server 2016,SRV,Email Infrastructure,IT,"[25, 465, 587, 993]","[""Mail Transfer Agent"", ""SMTP"", ""Monitoring Service""]","[""Mail Server"", ""Management Tools""]","[""Microsoft Exchange""]"
Mail Server,Windows Server,Windows Server 2019,SRV,Corporate Communications,Infrastructure,"[25, 110, 143]","[""Mail Transfer Agent"", ""SMTP""]","[""Messaging Server""]","[""Mail Gateway Connector""]"
Mail Server,Windows Server,Windows Server 2016,SRV,Email Infrastructure,IT,"[25, 587, 993]","[""SMTP"", ""IMAP"", ""RDP""]","[""Mail Server"", ""Management Tools""]","[""Exchange Admin Tools""]"
Mail Server,Windows Server,Windows Server 2022,SRV,Email Infrastructure,IT,"[25, 110, 143]","[""Exchange"", ""SMTP"", ""WinRM"", ""Monitoring Service""]","[""Mail Server""]","[""Mail Gateway Connector""]"
Mail Server,Windows Server,Windows Server 2019,SRV,Email Infrastructure,Infrastructure,"[25, 465, 587, 993]","[""SMTP"", ""IMAP"", ""WinRM"", ""RDP""]","[""Mail Server"", ""Remote Administration"", ""Management Tools""]","[""Mail Gateway Connector""]"
Mail Server,Windows Server,Windows Server 2019,SRV,Email Infrastructure,Infrastructure,"[25, 110, 143]","[""Exchange"", ""SMTP""]","[""Messaging Server"", ""Management Tools""]","[""Exchange Admin Tools""]"
Mail Server,Windows Server,Windows Server 2019,SRV,Corporate Communications,Infrastructure,"[25, 110, 143]","[""SMTP"", ""IMAP""]","[""Messaging Server""]","[""Exchange Admin Tools"", ""PowerShell"", ""Endpoint Protection""]"
Mail Server,Windows Server,Windows Server 2019,SRV,Email Infrastructure,IT,"[25, 465, 587, 993]","[""Mail Transfer Agent"", ""SMTP"", ""RDP"", ""Monitoring Service"", ""POP3""]","[""Messaging Server""]","[""Mail Gateway Connector""]"
Mail Server,Windows Server,Windows Server 2016,SRV,Corporate Communications,IT,"[25, 110, 143]","[""Mail Transfer Agent"", ""SMTP""]","[""Messaging Server"", ""Management Tools""]","[""Mail Gateway Connector""]"
Mail Server,Windows Server,Windows Server 2019,SRV,Messaging,IT,"[25, 587, 993]","[""Mail Transfer Agent"", ""SMTP"", ""Event Log"", ""IMAP""]","[""Messaging Server""]","[""Microsoft Exchange"", ""Monitoring Agent""]"
Mail Server,Windows Server,Windows Server 2022,SRV,Email Infrastructure,IT,"[25, 465, 587, 993]","[""SMTP"", ""IMAP""]","[""Messaging Server""]","[""Microsoft Exchange""]"
Mail Server,Windows Server,Windows Server 2016,SRV,Corporate Communications,IT,"[25, 465, 587, 993]","[""SMTP"", ""IMAP""]","[""Messaging Server""]","[""Microsoft Exchange""]"
Mail Server,Windows Server,Windows Server 2022,SRV,Email Infrastructure,IT,"[25, 465, 587, 993]","[""SMTP"", ""IMAP"", ""RDP"", ""POP3""]","[""Messaging Server"", ""Remote Administration"", ""Management Tools""]","[""Mail Gateway Connector""]"
Mail Server,Windows Server,Windows Server 2019,SRV,Email Infrastructure,IT,"[25, 587, 993]","[""Exchange"", ""SMTP"", ""SMTP""]","[""Mail Server"", ""Remote Administration"", ""Management Tools""]","[""Mail Gateway Connector"", ""Sysmon"", ""Backup Agent""]"
Mail Server,Windows Server,Windows Server 2016,SRV,Email Infrastructure,Infrastructure,"[25, 587, 993]","[""SMTP"", ""IMAP""]","[""Messaging Server""]","[""Exchange Admin Tools""]"
Mail Server,Windows Server,Windows Server 2022,SRV,Messaging,IT,"[25, 110, 143]","[""SMTP"", ""IMAP""]","[""Mail Server"", ""Remote Administration"", ""Management Tools""]","[""Exchange Admin Tools"", ""PowerShell""]"
Mail Server,Windows Server,Windows Server 2016,SRV,Corporate Communications,IT,"[25, 465, 587, 993]","[""Mail Transfer Agent"", ""SMTP""]","[""Messaging Server""]","[""Mail Gateway Connector""]"
Mail Server,Windows Server,Windows Server 2022,SRV,Corporate Communications,Infrastructure,"[25, 110, 143]","[""SMTP"", ""IMAP""]","[""Mail Server""]","[""Exchange Admin Tools""]"
Mail Server,Windows Server,Windows Server 2022,SRV,Corporate Communications,Infrastructure,"[25, 465, 587, 993]","[""Exchange"", ""SMTP""]","[""Messaging Server""]","[""Exchange Admin Tools"", ""Backup Agent"", ""Endpoint Protection""]"
Mail Server,Windows Server,Windows Server 2022,SRV,Messaging,IT,"[25, 587, 993]","[""Mail Transfer Agent"", ""SMTP""]","[""Messaging Server""]","[""Microsoft Exchange"", ""Endpoint Protection"", ""Sysmon""]"
Mail Server,Windows Server,Windows Server 2022,SRV,Email Infrastructure,IT,"[25, 110, 143]","[""Exchange"", ""SMTP"", ""POP3""]","[""Messaging Server"", ""Remote Administration""]","[""Exchange Admin Tools""]"
Mail Server,Windows Server,Windows Server 2016,SRV,Corporate Communications,IT,"[25, 110, 143]","[""Exchange"", ""SMTP"", ""Monitoring Service"", ""POP3""]","[""Mail Server"", ""Remote Administration""]","[""Exchange Admin Tools"", ""Backup Agent"", ""Monitoring Agent""]"
Mail Server,Windows Server,Windows Server 2016,SRV,Messaging,IT,"[25, 110, 143]","[""SMTP"", ""IMAP""]","[""Messaging Server""]","[""Mail Gateway Connector""]"
Mail Server,Windows Server,Windows Server 2022,SRV,Messaging,Infrastructure,"[25, 110, 143]","[""Mail Transfer Agent"", ""SMTP"", ""IMAP""]","[""Messaging Server""]","[""Exchange Admin Tools""]"
Mail Server,Windows Server,Windows Server 2019,SRV,Corporate Communications,Infrastructure,"[25, 587, 993]","[""Mail Transfer Agent"", ""SMTP""]","[""Mail Server""]","[""Exchange Admin Tools""]"
Mail Server,Windows Server,Windows Server 2022,SRV,Messaging,IT,"[25, 465, 587, 993]","[""Exchange"", ""SMTP"", ""Event Log"", ""WinRM""]","[""Mail Server"", ""Remote Administration"", ""Management Tools""]","[""Exchange Admin Tools""]"
Mail Server,Windows Server,Windows Server 2016,SRV,Corporate Communications,Infrastructure,"[25, 587, 993]","[""Exchange"", ""SMTP""]","[""Mail Server"", ""Management Tools"", ""Remote Administration""]","[""Mail Gateway Connector"", ""Backup Agent""]"
Mail Server,Windows Server,Windows Server 2019,SRV,Corporate Communications,Infrastructure,"[25, 110, 143]","[""Exchange"", ""SMTP""]","[""Mail Server""]","[""Mail Gateway Connector""]"
Mail Server,Windows Server,Windows Server 2022,SRV,Messaging,IT,"[25, 465, 587, 993]","[""Exchange"", ""SMTP"", ""Monitoring Service"", ""WinRM""]","[""Messaging Server""]","[""Microsoft Exchange""]"
Mail Server,Windows Server,Windows Server 2022,SRV,Messaging,IT,"[25, 587, 993]","[""Mail Transfer Agent"", ""SMTP"", ""WinRM"", ""Event Log"", ""SMTP""]","[""Mail Server"", ""Management Tools""]","[""Exchange Admin Tools""]"
Mail Server,Windows Server,Windows Server 2022,SRV,Email Infrastructure,IT,"[25, 110, 143]","[""SMTP"", ""IMAP"", ""WinRM"", ""Event Log""]","[""Messaging Server""]","[""Microsoft Exchange""]"
Mail Server,Windows Server,Windows Server 2019,SRV,Messaging,IT,"[25, 110, 143]","[""SMTP"", ""IMAP"", ""IMAP""]","[""Messaging Server""]","[""Microsoft Exchange"", ""AV Scanner""]"
Mail Server,Windows Server,Windows Server 2016,SRV,Messaging,IT,"[25, 587, 993]","[""Exchange"", ""SMTP"", ""POP3""]","[""Mail Server"", ""Management Tools"", ""Remote Administration""]","[""Mail Gateway Connector"", ""Monitoring Agent"", ""Sysmon""]"
Mail Server,Windows Server,Windows Server 2019,SRV,Messaging,IT,"[25, 587, 993]","[""SMTP"", ""IMAP"", ""Monitoring Service"", ""IMAP""]","[""Messaging Server""]","[""Exchange Admin Tools"", ""AV Scanner"", ""Backup Agent""]"
Mail Server,Windows Server,Windows Server 2019,SRV,Corporate Communications,IT,"[25, 587, 993]","[""Exchange"", ""SMTP"", ""SMTP""]","[""Mail Server"", ""Remote Administration""]","[""Mail Gateway Connector""]"
Mail Server,Windows Server,Windows Server 2022,SRV,Email Infrastructure,IT,"[25, 110, 143]","[""Mail Transfer Agent"", ""SMTP""]","[""Mail Server""]","[""Exchange Admin Tools""]"
Mail Server,Windows Server,Windows Server 2016,SRV,Email Infrastructure,Infrastructure,"[25, 465, 587, 993]","[""Exchange"", ""SMTP""]","[""Mail Server"", ""Remote Administration"", ""Management Tools""]","[""Mail Gateway Connector"", ""PowerShell"", ""Endpoint Protection""]"
Mail Server,Windows Server,Windows Server 2022,SRV,Messaging,IT,"[25, 587, 993]","[""Mail Transfer Agent"", ""SMTP""]","[""Mail Server""]","[""Exchange Admin Tools""]"
Mail Server,Windows Server,Windows Server 2022,SRV,Corporate Communications,Infrastructure,"[25, 110, 143]","[""SMTP"", ""IMAP""]","[""Messaging Server""]","[""Exchange Admin Tools""]"
Mail Server,Windows Server,Windows Server 2022,SRV,Messaging,Infrastructure,"[25, 587, 993]","[""Mail Transfer Agent"", ""SMTP""]","[""Messaging Server"", ""Management Tools"", ""Remote Administration""]","[""Mail Gateway Connector""]"
Mail Server,Windows Server,Windows Server 2016,SRV,Email Infrastructure,IT,"[25, 110, 143]","[""Mail Transfer Agent"", ""SMTP"", ""SMTP""]","[""Messaging Server""]","[""Mail Gateway Connector"", ""AV Scanner""]"
Mail Server,Windows Server,Windows Server 2019,SRV,Corporate Communications,IT,"[25, 110, 143]","[""Exchange"", ""SMTP"", ""POP3""]","[""Messaging Server""]","[""Mail Gateway Connector""]"
Mail Server,Windows Server,Windows Server 2016,SRV,Messaging,IT,"[25, 587, 993]","[""Mail Transfer Agent"", ""SMTP"", ""Event Log"", ""WinRM""]","[""Mail Server""]","[""Mail Gateway Connector"", ""Endpoint Protection""]"
Mail Server,Windows Server,Windows Server 2019,SRV,Email Infrastructure,Infrastructure,"[25, 110, 143]","[""Mail Transfer Agent"", ""SMTP"", ""IMAP""]","[""Mail Server"", ""Management Tools"", ""Remote Administration""]","[""Mail Gateway Connector""]"
Mail Server,Windows Server,Windows Server 2022,SRV,Corporate Communications,IT,"[25, 587, 993]","[""Mail Transfer Agent"", ""SMTP"", ""RDP""]","[""Messaging Server""]","[""Microsoft Exchange""]"
Mail Server,Windows Server,Windows Server 2019,SRV,Email Infrastructure,IT,"[25, 465, 587, 993]","[""Mail Transfer Agent"", ""SMTP""]","[""Messaging Server""]","[""Exchange Admin Tools"", ""PowerShell"", ""Monitoring Agent""]"
Mail Server,Windows Server,Windows Server 2019,SRV,Messaging,Infrastructure,"[25, 110, 143]","[""SMTP"", ""IMAP""]","[""Messaging Server""]","[""Mail Gateway Connector""]"
Mail Server,Windows Server,Windows Server 2016,SRV,Email Infrastructure,Infrastructure,"[25, 110, 143]","[""Mail Transfer Agent"", ""SMTP"", ""SMTP""]","[""Mail Server""]","[""Exchange Admin Tools"", ""PowerShell""]"
Mail Server,Windows Server,Windows Server 2019,SRV,Email Infrastructure,IT,"[25, 587, 993]","[""SMTP"", ""IMAP"", ""WinRM""]","[""Mail Server""]","[""Microsoft Exchange""]"
Mail Server,Windows Server,Windows Server 2019,SRV,Messaging,IT,"[25, 587, 993]","[""Exchange"", ""SMTP"", ""WinRM"", ""RDP""]","[""Mail Server""]","[""Mail Gateway Connector""]"
Mail Server,Windows Server,Windows Server 2022,SRV,Messaging,IT,"[25, 587, 993]","[""SMTP"", ""IMAP""]","[""Messaging Server""]","[""Mail Gateway Connector"", ""Monitoring Agent""]"
Mail Server,Windows Server,Windows Server 2019,SRV,Email Infrastructure,Infrastructure,"[25, 465, 587, 993]","[""Mail Transfer Agent"", ""SMTP""]","[""Mail Server""]","[""Mail Gateway Connector"", ""Backup Agent"", ""Monitoring Agent""]"
Mail Server,Windows Server,Windows Server 2019,SRV,Email Infrastructure,IT,"[25, 110, 143]","[""Exchange"", ""SMTP""]","[""Messaging Server""]","[""Mail Gateway Connector"", ""Backup Agent""]"
Mail Server,Windows Server,Windows Server 2022,SRV,Email Infrastructure,IT,"[25, 587, 993]","[""SMTP"", ""IMAP"", ""SMTP""]","[""Mail Server""]","[""Microsoft Exchange""]"
Mail Server,Windows Server,Windows Server 2019,SRV,Messaging,Infrastructure,"[25, 110, 143]","[""Mail Transfer Agent"", ""SMTP"", ""SMTP""]","[""Mail Server"", ""Management Tools""]","[""Microsoft Exchange"", ""AV Scanner"", ""Sysmon""]"
Mail Server,Windows Server,Windows Server 2016,SRV,Email Infrastructure,Infrastructure,"[25, 110, 143]","[""Mail Transfer Agent"", ""SMTP"", ""WinRM"", ""Event Log""]","[""Mail Server"", ""Remote Administration""]","[""Exchange Admin Tools"", ""PowerShell""]"
Mail Server,Windows Server,Windows Server 2016,SRV,Messaging,IT,"[25, 465, 587, 993]","[""Exchange"", ""SMTP""]","[""Messaging Server""]","[""Exchange Admin Tools""]"
Mail Server,Windows Server,Windows Server 2019,SRV,Corporate Communications,Infrastructure,"[25, 110, 143]","[""Exchange"", ""SMTP"", ""WinRM"", ""RDP""]","[""Mail Server""]","[""Mail Gateway Connector"", ""Backup Agent""]"
Mail Server,Windows Server,Windows Server 2016,SRV,Messaging,Infrastructure,"[25, 465, 587, 993]","[""Exchange"", ""SMTP"", ""WinRM""]","[""Messaging Server"", ""Management Tools"", ""Remote Administration""]","[""Microsoft Exchange"", ""PowerShell""]"
Mail Server,Windows Server,Windows Server 2019,SRV,Email Infrastructure,IT,"[25, 587, 993]","[""SMTP"", ""IMAP"", ""Event Log"", ""POP3""]","[""Mail Server""]","[""Mail Gateway Connector"", ""Monitoring Agent""]"
Mail Server,Windows Server,Windows Server 2016,SRV,Email Infrastructure,IT,"[25, 110, 143]","[""Mail Transfer Agent"", ""SMTP""]","[""Mail Server""]","[""Microsoft Exchange"", ""Sysmon""]"
Mail Server,Windows Server,Windows Server 2022,SRV,Email Infrastructure,Infrastructure,"[25, 465, 587, 993]","[""SMTP"", ""IMAP"", ""RDP""]","[""Mail Server""]","[""Mail Gateway Connector"", ""PowerShell"", ""Endpoint Protection""]"
Mail Server,Windows Server,Windows Server 2022,SRV,Corporate Communications,IT,"[25, 465, 587, 993]","[""Exchange"", ""SMTP""]","[""Messaging Server"", ""Management Tools"", ""Remote Administration""]","[""Microsoft Exchange""]"
Mail Server,Windows Server,Windows Server 2022,SRV,Corporate Communications,IT,"[25, 587, 993]","[""Mail Transfer Agent"", ""SMTP""]","[""Messaging Server""]","[""Exchange Admin Tools"", ""AV Scanner"", ""Backup Agent""]"
Mail Server,Windows Server,Windows Server 2019,SRV,Messaging,Infrastructure,"[25, 465, 587, 993]","[""Exchange"", ""SMTP""]","[""Mail Server"", ""Remote Administration""]","[""Microsoft Exchange"", ""Backup Agent"", ""PowerShell""]"
Mail Server,Windows Server,Windows Server 2019,SRV,Messaging,IT,"[25, 587, 993]","[""SMTP"", ""IMAP"", ""RDP"", ""Event Log""]","[""Mail Server""]","[""Mail Gateway Connector"", ""Backup Agent"", ""PowerShell""]"
Mail Server,Windows Server,Windows Server 2019,SRV,Messaging,Infrastructure,"[25, 110, 143]","[""SMTP"", ""IMAP"", ""Event Log""]","[""Mail Server""]","[""Microsoft Exchange"", ""Sysmon""]"
Mail Server,Windows Server,Windows Server 2016,SRV,Email Infrastructure,IT,"[25, 110, 143]","[""SMTP"", ""IMAP""]","[""Messaging Server"", ""Remote Administration"", ""Management Tools""]","[""Mail Gateway Connector""]"
Mail Server,Windows Server,Windows Server 2019,SRV,Email Infrastructure,IT,"[25, 465, 587, 993]","[""Mail Transfer Agent"", ""SMTP""]","[""Messaging Server"", ""Remote Administration"", ""Management Tools""]","[""Exchange Admin Tools""]"
Mail Server,Windows Server,Windows Server 2022,SRV,Email Infrastructure,Infrastructure,"[25, 465, 587, 993]","[""Mail Transfer Agent"", ""SMTP"", ""SMTP""]","[""Mail Server""]","[""Microsoft Exchange"", ""Backup Agent""]"
Mail Server,Windows Server,Windows Server 2022,SRV,Messaging,Infrastructure,"[25, 110, 143]","[""SMTP"", ""IMAP"", ""Monitoring Service"", ""SMTP""]","[""Messaging Server"", ""Management Tools"", ""Remote Administration""]","[""Microsoft Exchange""]"
Mail Server,Windows Server,Windows Server 2016,SRV,Messaging,Infrastructure,"[25, 110, 143]","[""SMTP"", ""IMAP"", ""IMAP""]","[""Messaging Server""]","[""Mail Gateway Connector""]"
Mail Server,Windows Server,Windows Server 2022,SRV,Email Infrastructure,IT,"[25, 587, 993]","[""Exchange"", ""SMTP"", ""POP3""]","[""Messaging Server""]","[""Microsoft Exchange""]"
Mail Server,Windows Server,Windows Server 2016,SRV,Messaging,IT,"[25, 110, 143]","[""Mail Transfer Agent"", ""SMTP""]","[""Messaging Server"", ""Management Tools""]","[""Microsoft Exchange""]"
Mail Server,Windows Server,Windows Server 2016,SRV,Email Infrastructure,IT,"[25, 587, 993]","[""Exchange"", ""SMTP"", ""Event Log"", ""POP3""]","[""Mail Server""]","[""Exchange Admin Tools""]"
Mail Server,Windows Server,Windows Server 2019,SRV,Email Infrastructure,IT,"[25, 587, 993]","[""Mail Transfer Agent"", ""SMTP""]","[""Mail Server""]","[""Microsoft Exchange"", ""Sysmon""]"
Mail Server,Windows Server,Windows Server 2022,SRV,Corporate Communications,Infrastructure,"[25, 587, 993]","[""Mail Transfer Agent"", ""SMTP""]","[""Messaging Server""]","[""Mail Gateway Connector""]"
Mail Server,Windows Server,Windows Server 2016,SRV,Email Infrastructure,IT,"[25, 110, 143]","[""SMTP"", ""IMAP""]","[""Mail Server""]","[""Mail Gateway Connector""]"
Mail Server,Windows Server,Windows Server 2022,SRV,Email Infrastructure,IT,"[25, 110, 143]","[""Mail Transfer Agent"", ""SMTP"", ""IMAP""]","[""Messaging Server""]","[""Mail Gateway Connector""]"
Mail Server,Windows Server,Windows Server 2019,SRV,Email Infrastructure,IT,"[25, 465, 587, 993]","[""Mail Transfer Agent"", ""SMTP"", ""SMTP""]","[""Messaging Server""]","[""Microsoft Exchange""]"
Mail Server,Windows Server,Windows Server 2016,SRV,Email Infrastructure,IT,"[25, 110, 143]","[""Mail Transfer Agent"", ""SMTP""]","[""Mail Server""]","[""Mail Gateway Connector""]"
Mail Server,Windows Server,Windows Server 2019,SRV,Corporate Communications,IT,"[25, 110, 143]","[""SMTP"", ""IMAP"", ""SMTP""]","[""Messaging Server""]","[""Microsoft Exchange"", ""Backup Agent""]"
Mail Server,Windows Server,Windows Server 2022,SRV,Corporate Communications,Infrastructure,"[25, 110, 143]","[""Exchange"", ""SMTP""]","[""Mail Server""]","[""Microsoft Exchange"", ""Sysmon""]"
Mail Server,Windows Server,Windows Server 2019,SRV,Messaging,Infrastructure,"[25, 587, 993]","[""SMTP"", ""IMAP""]","[""Mail Server""]","[""Exchange Admin Tools"", ""Endpoint Protection"", ""PowerShell""]"
VPN Server,Windows Server,Windows Server 2022,SRV,Remote Access,IT,"[443, 1723]","[""VPN"", ""IPsec""]","[""VPN Server"", ""Remote Administration""]","[""RRAS""]"
VPN Server,Windows Server,Windows Server 2022,SRV,Remote Access,Infrastructure,"[443, 1194]","[""VPN"", ""IPsec""]","[""Remote Access""]","[""IPsec Tools""]"
VPN Server,Windows Server,Windows Server 2016,SRV,Secure Connectivity,Infrastructure,"[443, 1723]","[""PPTP"", ""Remote Access"", ""WinRM""]","[""VPN Server""]","[""RRAS"", ""Endpoint Protection""]"
VPN Server,Windows Server,Windows Server 2019,SRV,Remote Access,IT,[1723],"[""VPN"", ""IPsec""]","[""Remote Access"", ""Management Tools""]","[""IPsec Tools"", ""AV Scanner"", ""Monitoring Agent""]"
VPN Server,Windows Server,Windows Server 2019,SRV,Partner Connectivity,Infrastructure,"[443, 500, 1701, 4500]","[""OpenVPN"", ""VPN"", ""Monitoring Service"", ""WinRM""]","[""Remote Access"", ""Remote Administration"", ""Management Tools""]","[""RRAS""]"
VPN Server,Windows Server,Windows Server 2019,SRV,Remote Access,Security,"[443, 500, 1701, 4500]","[""VPN"", ""IPsec""]","[""VPN Server""]","[""OpenVPN"", ""Backup Agent""]"
VPN Server,Windows Server,Windows Server 2022,SRV,Secure Connectivity,IT,"[443, 1194]","[""OpenVPN"", ""VPN""]","[""Remote Access""]","[""RRAS""]"
VPN Server,Windows Server,Windows Server 2022,SRV,Secure Connectivity,Infrastructure,"[443, 1194]","[""VPN"", ""IPsec"", ""Monitoring Service"", ""WinRM""]","[""VPN Server"", ""Remote Administration"", ""Management Tools""]","[""IPsec Tools""]"
VPN Server,Windows Server,Windows Server 2016,SRV,Remote Access,Infrastructure,"[443, 500, 1701, 4500]","[""PPTP"", ""Remote Access"", ""RDP"", ""Event Log""]","[""Remote Access"", ""Remote Administration"", ""Management Tools""]","[""RRAS"", ""PowerShell""]"
VPN Server,Windows Server,Windows Server 2022,SRV,Partner Connectivity,Security,"[443, 1194]","[""PPTP"", ""Remote Access"", ""WinRM"", ""Event Log""]","[""VPN Server""]","[""OpenVPN""]"
VPN Server,Windows Server,Windows Server 2022,SRV,Secure Connectivity,Security,"[500, 1701, 4500]","[""VPN"", ""IPsec""]","[""Remote Access""]","[""IPsec Tools""]"
VPN Server,Windows Server,Windows Server 2019,SRV,Partner Connectivity,Security,"[443, 500, 1701, 4500]","[""PPTP"", ""Remote Access""]","[""Remote Access""]","[""RRAS""]"
VPN Server,Windows Server,Windows Server 2016,SRV,Remote Access,IT,"[443, 500, 1701, 4500]","[""VPN"", ""IPsec""]","[""Remote Access"", ""Remote Administration""]","[""IPsec Tools""]"
VPN Server,Windows Server,Windows Server 2016,SRV,Remote Access,Security,"[443, 500, 1701, 4500]","[""OpenVPN"", ""VPN"", ""Monitoring Service"", ""Event Log""]","[""Remote Access""]","[""OpenVPN"", ""Backup Agent"", ""PowerShell""]"
VPN Server,Windows Server,Windows Server 2019,SRV,Secure Connectivity,Infrastructure,"[443, 1194]","[""OpenVPN"", ""VPN""]","[""Remote Access""]","[""OpenVPN"", ""Backup Agent"", ""Monitoring Agent""]"
VPN Server,Windows Server,Windows Server 2019,SRV,Partner Connectivity,Infrastructure,"[443, 500, 1701, 4500]","[""OpenVPN"", ""VPN""]","[""VPN Server""]","[""OpenVPN""]"
VPN Server,Windows Server,Windows Server 2022,SRV,Secure Connectivity,IT,[1723],"[""VPN"", ""IPsec""]","[""Remote Access"", ""Management Tools""]","[""RRAS""]"
VPN Server,Windows Server,Windows Server 2019,SRV,Secure Connectivity,Security,[1723],"[""PPTP"", ""Remote Access""]","[""VPN Server""]","[""OpenVPN""]"
VPN Server,Windows Server,Windows Server 2019,SRV,Remote Access,IT,"[443, 1723]","[""OpenVPN"", ""VPN"", ""Event Log"", ""Monitoring Service""]","[""VPN Server""]","[""OpenVPN""]"
VPN Server,Windows Server,Windows Server 2016,SRV,Partner Connectivity,Security,"[443, 1723]","[""OpenVPN"", ""VPN"", ""WinRM"", ""RDP""]","[""Remote Access""]","[""IPsec Tools"", ""PowerShell"", ""Endpoint Protection""]"
VPN Server,Windows Server,Windows Server 2022,SRV,Partner Connectivity,Infrastructure,"[443, 500, 1701, 4500]","[""VPN"", ""IPsec"", ""Monitoring Service""]","[""VPN Server""]","[""RRAS""]"
VPN Server,Windows Server,Windows Server 2019,SRV,Remote Access,Security,"[443, 1723]","[""OpenVPN"", ""VPN"", ""Event Log"", ""Monitoring Service""]","[""VPN Server""]","[""IPsec Tools""]"
VPN Server,Windows Server,Windows Server 2022,SRV,Secure Connectivity,IT,[1723],"[""OpenVPN"", ""VPN"", ""Event Log"", ""WinRM""]","[""Remote Access""]","[""RRAS"", ""AV Scanner"", ""Backup Agent""]"
VPN Server,Windows Server,Windows Server 2022,SRV,Secure Connectivity,IT,"[443, 500, 1701, 4500]","[""PPTP"", ""Remote Access"", ""RDP""]","[""VPN Server"", ""Remote Administration""]","[""IPsec Tools""]"
VPN Server,Windows Server,Windows Server 2016,SRV,Partner Connectivity,IT,"[443, 500, 1701, 4500]","[""PPTP"", ""Remote Access""]","[""VPN Server""]","[""IPsec Tools"", ""Monitoring Agent""]"
VPN Server,Windows Server,Windows Server 2019,SRV,Remote Access,Security,"[500, 1701, 4500]","[""PPTP"", ""Remote Access"", ""Monitoring Service""]","[""VPN Server""]","[""RRAS"", ""Monitoring Agent"", ""AV Scanner""]"
VPN Server,Windows Server,Windows Server 2016,SRV,Remote Access,IT,"[443, 1194]","[""VPN"", ""IPsec""]","[""VPN Server""]","[""OpenVPN""]"
VPN Server,Windows Server,Windows Server 2019,SRV,Secure Connectivity,Infrastructure,[1723],"[""PPTP"", ""Remote Access""]","[""VPN Server""]","[""OpenVPN""]"
VPN Server,Windows Server,Windows Server 2019,SRV,Remote Access,IT,"[443, 1723]","[""OpenVPN"", ""VPN""]","[""Remote Access"", ""Remote Administration""]","[""IPsec Tools""]"
VPN Server,Windows Server,Windows Server 2019,SRV,Partner Connectivity,Infrastructure,"[443, 1194]","[""PPTP"", ""Remote Access""]","[""Remote Access"", ""Management Tools"", ""Remote Administration""]","[""RRAS""]"
VPN Server,Windows Server,Windows Server 2022,SRV,Secure Connectivity,IT,"[443, 1194]","[""PPTP"", ""Remote Access""]","[""Remote Access""]","[""OpenVPN""]"
VPN Server,Windows Server,Windows Server 2016,SRV,Partner Connectivity,Security,[1723],"[""OpenVPN"", ""VPN"", ""WinRM""]","[""Remote Access""]","[""RRAS"", ""Endpoint Protection"", ""Backup Agent""]"
VPN Server,Windows Server,Windows Server 2019,SRV,Partner Connectivity,Infrastructure,"[443, 500, 1701, 4500]","[""VPN"", ""IPsec"", ""WinRM""]","[""VPN Server""]","[""RRAS"", ""Backup Agent"", ""Sysmon""]"
VPN Server,Windows Server,Windows Server 2019,SRV,Partner Connectivity,Security,"[443, 1194]","[""VPN"", ""IPsec""]","[""VPN Server"", ""Management Tools"", ""Remote Administration""]","[""IPsec Tools"", ""PowerShell"", ""AV Scanner""]"
VPN Server,Windows Server,Windows Server 2019,SRV,Remote Access,IT,"[443, 1723]","[""VPN"", ""IPsec"", ""WinRM""]","[""VPN Server""]","[""RRAS""]"
VPN Server,Windows Server,Windows Server 2019,SRV,Remote Access,Security,[1723],"[""OpenVPN"", ""VPN""]","[""VPN Server"", ""Remote Administration""]","[""OpenVPN"", ""PowerShell"", ""Endpoint Protection""]"
VPN Server,Windows Server,Windows Server 2022,SRV,Partner Connectivity,IT,"[443, 500, 1701, 4500]","[""PPTP"", ""Remote Access"", ""Event Log"", ""WinRM""]","[""VPN Server""]","[""OpenVPN""]"
VPN Server,Windows Server,Windows Server 2019,SRV,Remote Access,Infrastructure,"[443, 1194]","[""OpenVPN"", ""VPN"", ""Event Log"", ""Monitoring Service""]","[""Remote Access""]","[""IPsec Tools""]"
VPN Server,Windows Server,Windows Server 2016,SRV,Secure Connectivity,Security,"[443, 1194]","[""PPTP"", ""Remote Access"", ""RDP"", ""Event Log""]","[""Remote Access""]","[""RRAS""]"
VPN Server,Windows Server,Windows Server 2016,SRV,Secure Connectivity,Infrastructure,[1723],"[""PPTP"", ""Remote Access""]","[""Remote Access""]","[""IPsec Tools"", ""PowerShell"", ""Backup Agent""]"
VPN Server,Windows Server,Windows Server 2019,SRV,Secure Connectivity,IT,"[443, 1194]","[""OpenVPN"", ""VPN"", ""Monitoring Service""]","[""Remote Access"", ""Remote Administration""]","[""OpenVPN""]"
VPN Server,Windows Server,Windows Server 2019,SRV,Partner Connectivity,Security,[1723],"[""VPN"", ""IPsec"", ""WinRM""]","[""VPN Server""]","[""IPsec Tools"", ""Backup Agent""]"
VPN Server,Windows Server,Windows Server 2019,SRV,Partner Connectivity,IT,"[500, 1701, 4500]","[""VPN"", ""IPsec""]","[""VPN Server"", ""Management Tools""]","[""IPsec Tools""]"
VPN Server,Windows Server,Windows Server 2016,SRV,Partner Connectivity,Infrastructure,[1723],"[""VPN"", ""IPsec"", ""Monitoring Service""]","[""VPN Server""]","[""IPsec Tools""]"
VPN Server,Windows Server,Windows Server 2019,SRV,Partner Connectivity,Infrastructure,"[443, 1194]","[""VPN"", ""IPsec""]","[""VPN Server""]","[""IPsec Tools""]"
VPN Server,Windows Server,Windows Server 2016,SRV,Remote Access,IT,"[443, 1723]","[""OpenVPN"", ""VPN""]","[""Remote Access"", ""Remote Administration"", ""Management Tools""]","[""IPsec Tools"", ""PowerShell"", ""Backup Agent""]"
VPN Server,Windows Server,Windows Server 2016,SRV,Remote Access,Security,"[500, 1701, 4500]","[""OpenVPN"", ""VPN""]","[""Remote Access""]","[""IPsec Tools"", ""Monitoring Agent"", ""AV Scanner""]"
VPN Server,Windows Server,Windows Server 2022,SRV,Partner Connectivity,Infrastructure,"[443, 500, 1701, 4500]","[""VPN"", ""IPsec""]","[""Remote Access"", ""Management Tools""]","[""IPsec Tools""]"
VPN Server,Windows Server,Windows Server 2016,SRV,Remote Access,Infrastructure,"[443, 500, 1701, 4500]","[""OpenVPN"", ""VPN"", ""WinRM"", ""Monitoring Service""]","[""Remote Access""]","[""OpenVPN""]"
VPN Server,Windows Server,Windows Server 2022,SRV,Remote Access,IT,[1723],"[""VPN"", ""IPsec""]","[""VPN Server""]","[""OpenVPN"", ""PowerShell"", ""Sysmon""]"
VPN Server,Windows Server,Windows Server 2019,SRV,Partner Connectivity,Infrastructure,"[443, 1194]","[""VPN"", ""IPsec""]","[""Remote Access"", ""Management Tools""]","[""OpenVPN""]"
VPN Server,Windows Server,Windows Server 2016,SRV,Partner Connectivity,Infrastructure,"[500, 1701, 4500]","[""OpenVPN"", ""VPN""]","[""Remote Access""]","[""OpenVPN"", ""Sysmon"", ""Backup Agent""]"
VPN Server,Windows Server,Windows Server 2016,SRV,Secure Connectivity,Security,"[443, 500, 1701, 4500]","[""PPTP"", ""Remote Access""]","[""Remote Access""]","[""RRAS""]"
VPN Server,Windows Server,Windows Server 2022,SRV,Partner Connectivity,Infrastructure,"[500, 1701, 4500]","[""OpenVPN"", ""VPN""]","[""Remote Access""]","[""RRAS"", ""Backup Agent"", ""Monitoring Agent""]"
VPN Server,Windows Server,Windows Server 2016,SRV,Remote Access,Security,"[443, 500, 1701, 4500]","[""OpenVPN"", ""VPN"", ""WinRM"", ""RDP""]","[""Remote Access""]","[""OpenVPN""]"
VPN Server,Windows Server,Windows Server 2016,SRV,Secure Connectivity,IT,"[443, 500, 1701, 4500]","[""PPTP"", ""Remote Access""]","[""Remote Access""]","[""RRAS""]"
VPN Server,Windows Server,Windows Server 2022,SRV,Partner Connectivity,Security,"[443, 1194]","[""PPTP"", ""Remote Access"", ""Event Log"", ""Monitoring Service""]","[""VPN Server""]","[""RRAS"", ""Endpoint Protection"", ""Sysmon""]"
VPN Server,Windows Server,Windows Server 2022,SRV,Partner Connectivity,Infrastructure,"[443, 1194]","[""PPTP"", ""Remote Access""]","[""Remote Access""]","[""IPsec Tools""]"
VPN Server,Windows Server,Windows Server 2016,SRV,Remote Access,Security,"[443, 1194]","[""OpenVPN"", ""VPN"", ""RDP"", ""Event Log""]","[""VPN Server""]","[""RRAS""]"
VPN Server,Windows Server,Windows Server 2019,SRV,Partner Connectivity,Security,[1723],"[""PPTP"", ""Remote Access""]","[""Remote Access""]","[""RRAS""]"
VPN Server,Windows Server,Windows Server 2019,SRV,Remote Access,Infrastructure,"[500, 1701, 4500]","[""VPN"", ""IPsec""]","[""Remote Access"", ""Management Tools""]","[""IPsec Tools"", ""Monitoring Agent"", ""Backup Agent""]"
VPN Server,Windows Server,Windows Server 2022,SRV,Remote Access,Security,[1723],"[""OpenVPN"", ""VPN""]","[""Remote Access""]","[""IPsec Tools"", ""PowerShell""]"
VPN Server,Windows Server,Windows Server 2022,SRV,Partner Connectivity,Security,"[500, 1701, 4500]","[""OpenVPN"", ""VPN""]","[""Remote Access""]","[""RRAS""]"
VPN Server,Windows Server,Windows Server 2022,SRV,Remote Access,IT,"[443, 500, 1701, 4500]","[""PPTP"", ""Remote Access""]","[""VPN Server""]","[""OpenVPN""]"
VPN Server,Windows Server,Windows Server 2016,SRV,Secure Connectivity,Infrastructure,"[500, 1701, 4500]","[""OpenVPN"", ""VPN""]","[""Remote Access""]","[""OpenVPN"", ""Monitoring Agent""]"
VPN Server,Windows Server,Windows Server 2022,SRV,Secure Connectivity,IT,"[443, 1723]","[""OpenVPN"", ""VPN""]","[""Remote Access""]","[""IPsec Tools""]"
VPN Server,Windows Server,Windows Server 2016,SRV,Partner Connectivity,Security,[1723],"[""PPTP"", ""Remote Access""]","[""Remote Access""]","[""IPsec Tools"", ""Monitoring Agent"", ""PowerShell""]"
VPN Server,Windows Server,Windows Server 2016,SRV,Remote Access,Infrastructure,"[443, 1194]","[""VPN"", ""IPsec""]","[""VPN Server"", ""Management Tools"", ""Remote Administration""]","[""OpenVPN"", ""Backup Agent"", ""Endpoint Protection""]"
VPN Server,Windows Server,Windows Server 2019,SRV,Remote Access,Security,"[443, 1194]","[""PPTP"", ""Remote Access"", ""Monitoring Service"", ""WinRM""]","[""VPN Server""]","[""IPsec Tools"", ""Sysmon""]"
VPN Server,Windows Server,Windows Server 2019,SRV,Secure Connectivity,Infrastructure,[1723],"[""VPN"", ""IPsec"", ""Monitoring Service""]","[""VPN Server"", ""Remote Administration"", ""Management Tools""]","[""OpenVPN""]"
VPN Server,Windows Server,Windows Server 2019,SRV,Partner Connectivity,Infrastructure,"[443, 1194]","[""PPTP"", ""Remote Access"", ""WinRM""]","[""Remote Access"", ""Management Tools""]","[""RRAS""]"
VPN Server,Windows Server,Windows Server 2022,SRV,Partner Connectivity,IT,"[443, 1723]","[""PPTP"", ""Remote Access"", ""WinRM"", ""RDP""]","[""Remote Access""]","[""IPsec Tools""]"
VPN Server,Windows Server,Windows Server 2016,SRV,Secure Connectivity,Infrastructure,"[500, 1701, 4500]","[""OpenVPN"", ""VPN""]","[""Remote Access""]","[""RRAS""]"
VPN Server,Windows Server,Windows Server 2016,SRV,Remote Access,Infrastructure,"[443, 1194]","[""OpenVPN"", ""VPN"", ""RDP""]","[""VPN Server"", ""Management Tools""]","[""OpenVPN"", ""Monitoring Agent""]"
VPN Server,Windows Server,Windows Server 2019,SRV,Secure Connectivity,Infrastructure,"[443, 1723]","[""OpenVPN"", ""VPN""]","[""Remote Access"", ""Remote Administration"", ""Management Tools""]","[""IPsec Tools""]"
VPN Server,Windows Server,Windows Server 2016,SRV,Secure Connectivity,Security,[1723],"[""PPTP"", ""Remote Access""]","[""Remote Access""]","[""RRAS"", ""Monitoring Agent""]"
VPN Server,Windows Server,Windows Server 2019,SRV,Remote Access,Security,"[443, 1723]","[""PPTP"", ""Remote Access""]","[""Remote Access""]","[""OpenVPN""]"
VPN Server,Windows Server,Windows Server 2019,SRV,Remote Access,IT,"[443, 1194]","[""VPN"", ""IPsec""]","[""Remote Access""]","[""IPsec Tools""]"
VPN Server,Windows Server,Windows Server 2022,SRV,Partner Connectivity,Infrastructure,"[443, 1723]","[""VPN"", ""IPsec""]","[""Remote Access""]","[""RRAS""]"
VPN Server,Windows Server,Windows Server 2022,SRV,Partner Connectivity,IT,"[443, 500, 1701, 4500]","[""OpenVPN"", ""VPN""]","[""Remote Access"", ""Management Tools"", ""Remote Administration""]","[""IPsec Tools""]"
VPN Server,Windows Server,Windows Server 2019,SRV,Remote Access,Infrastructure,"[443, 1194]","[""VPN"", ""IPsec"", ""Monitoring Service""]","[""VPN Server""]","[""IPsec Tools""]"
VPN Server,Windows Server,Windows Server 2019,SRV,Partner Connectivity,Infrastructure,"[443, 500, 1701, 4500]","[""PPTP"", ""Remote Access"", ""WinRM"", ""Monitoring Service""]","[""VPN Server""]","[""RRAS"", ""PowerShell""]"
VPN Server,Windows Server,Windows Server 2019,SRV,Secure Connectivity,Infrastructure,"[443, 1194]","[""OpenVPN"", ""VPN""]","[""Remote Access""]","[""IPsec Tools"", ""Backup Agent"", ""AV Scanner""]"
VPN Server,Windows Server,Windows Server 2016,SRV,Remote Access,IT,"[443, 1194]","[""VPN"", ""IPsec""]","[""Remote Access""]","[""IPsec Tools""]"
VPN Server,Windows Server,Windows Server 2022,SRV,Secure Connectivity,Security,"[500, 1701, 4500]","[""PPTP"", ""Remote Access""]","[""Remote Access"", ""Management Tools""]","[""OpenVPN"", ""Sysmon""]"
VPN Server,Windows Server,Windows Server 2019,SRV,Remote Access,Infrastructure,"[443, 500, 1701, 4500]","[""VPN"", ""IPsec""]","[""Remote Access""]","[""IPsec Tools""]"
VPN Server,Windows Server,Windows Server 2016,SRV,Partner Connectivity,Infrastructure,"[443, 1723]","[""OpenVPN"", ""VPN"", ""Event Log"", ""WinRM""]","[""Remote Access""]","[""RRAS""]"
VPN Server,Windows Server,Windows Server 2019,SRV,Remote Access,Infrastructure,"[443, 1194]","[""OpenVPN"", ""VPN"", ""Event Log"", ""Monitoring Service""]","[""Remote Access""]","[""RRAS"", ""AV Scanner""]"
VPN Server,Windows Server,Windows Server 2019,SRV,Remote Access,Security,"[500, 1701, 4500]","[""OpenVPN"", ""VPN""]","[""VPN Server"", ""Management Tools"", ""Remote Administration""]","[""RRAS""]"
VPN Server,Windows Server,Windows Server 2016,SRV,Remote Access,Infrastructure,"[443, 1723]","[""OpenVPN"", ""VPN"", ""WinRM"", ""RDP""]","[""Remote Access""]","[""OpenVPN""]"
VPN Server,Windows Server,Windows Server 2016,SRV,Remote Access,Security,"[500, 1701, 4500]","[""PPTP"", ""Remote Access""]","[""VPN Server"", ""Management Tools""]","[""IPsec Tools"", ""Monitoring Agent"", ""PowerShell""]"
VPN Server,Windows Server,Windows Server 2022,SRV,Remote Access,IT,"[443, 500, 1701, 4500]","[""VPN"", ""IPsec"", ""WinRM""]","[""Remote Access""]","[""OpenVPN""]"
VPN Server,Windows Server,Windows Server 2016,SRV,Secure Connectivity,Infrastructure,"[443, 1723]","[""VPN"", ""IPsec"", ""RDP"", ""WinRM""]","[""Remote Access""]","[""OpenVPN""]"
VPN Server,Windows Server,Windows Server 2016,SRV,Remote Access,Infrastructure,"[443, 1723]","[""VPN"", ""IPsec""]","[""VPN Server"", ""Management Tools""]","[""RRAS""]"
VPN Server,Windows Server,Windows Server 2022,SRV,Secure Connectivity,IT,"[443, 1194]","[""PPTP"", ""Remote Access""]","[""Remote Access""]","[""RRAS"", ""Sysmon"", ""Monitoring Agent""]"
VPN Server,Windows Server,Windows Server 2016,SRV,Secure Connectivity,IT,"[500, 1701, 4500]","[""OpenVPN"", ""VPN"", ""Event Log"", ""Monitoring Service""]","[""Remote Access""]","[""RRAS""]"
VPN Server,Windows Server,Windows Server 2022,SRV,Secure Connectivity,Security,"[500, 1701, 4500]","[""PPTP"", ""Remote Access""]","[""VPN Server""]","[""IPsec Tools""]"
VPN Server,Windows Server,Windows Server 2016,SRV,Partner Connectivity,IT,[1723],"[""VPN"", ""IPsec""]","[""VPN Server""]","[""RRAS""]"
VPN Server,Windows Server,Windows Server 2019,SRV,Remote Access,IT,[1723],"[""VPN"", ""IPsec"", ""Event Log"", ""RDP""]","[""VPN Server""]","[""IPsec Tools""]"
VPN Server,Windows Server,Windows Server 2022,SRV,Secure Connectivity,IT,"[443, 1194]","[""VPN"", ""IPsec""]","[""VPN Server""]","[""OpenVPN""]"
Firewall,Windows Server,Windows Server 2019,SRV,Perimeter Security,IT,"[22, 80, 443]","[""UTM"", ""Firewall""]","[""Firewall""]","[""Windows Defender Firewall"", ""Monitoring Agent""]"
Firewall,Windows Server,Windows Server 2019,SRV,Network Defense,Infrastructure,"[22, 443]","[""Firewall"", ""Packet Filter"", ""Event Log"", ""WinRM""]","[""Security Gateway""]","[""Palo Alto Management""]"
Firewall,Windows Server,Windows Server 2019,SRV,Perimeter Security,Security,"[22, 443]","[""Firewall"", ""Packet Filter""]","[""Firewall""]","[""Palo Alto Management"", ""PowerShell""]"
Firewall,Windows Server,Windows Server 2019,SRV,Traffic Filtering,Security,"[22, 80, 443]","[""Firewall"", ""Packet Filter""]","[""Firewall""]","[""Palo Alto Management""]"
Firewall,Windows Server,Windows Server 2016,SRV,Perimeter Security,Infrastructure,"[22, 443]","[""Firewall"", ""Packet Filter"", ""Monitoring Service""]","[""Firewall""]","[""FortiGate Tools""]"
Firewall,Windows Server,Windows Server 2022,SRV,Network Defense,IT,[443],"[""UTM"", ""Firewall""]","[""Security Gateway""]","[""Palo Alto Management""]"
Firewall,Windows Server,Windows Server 2019,SRV,Perimeter Security,Security,"[22, 443]","[""Network Firewall"", ""RDP""]","[""Firewall""]","[""FortiGate Tools""]"
Firewall,Windows Server,Windows Server 2019,SRV,Network Defense,IT,[443],"[""Network Firewall""]","[""Firewall""]","[""Windows Defender Firewall"", ""AV Scanner""]"
Firewall,Windows Server,Windows Server 2019,SRV,Perimeter Security,IT,"[22, 443]","[""UTM"", ""Firewall""]","[""Firewall""]","[""Palo Alto Management""]"
Firewall,Windows Server,Windows Server 2022,SRV,Perimeter Security,IT,[443],"[""UTM"", ""Firewall"", ""Monitoring Service"", ""WinRM""]","[""Firewall""]","[""Palo Alto Management""]"
Firewall,Windows Server,Windows Server 2019,SRV,Perimeter Security,Security,"[22, 443]","[""UTM"", ""Firewall""]","[""Security Gateway"", ""Management Tools"", ""Remote Administration""]","[""Windows Defender Firewall"", ""Sysmon""]"
Firewall,Windows Server,Windows Server 2016,SRV,Network Defense,Security,"[22, 80, 443]","[""Firewall"", ""Packet Filter"", ""WinRM""]","[""Security Gateway"", ""Management Tools"", ""Remote Administration""]","[""Windows Defender Firewall""]"
Firewall,Windows Server,Windows Server 2019,SRV,Traffic Filtering,IT,"[22, 443]","[""UTM"", ""Firewall""]","[""Security Gateway""]","[""Palo Alto Management""]"
Firewall,Windows Server,Windows Server 2019,SRV,Traffic Filtering,IT,"[22, 80, 443]","[""Firewall"", ""Packet Filter""]","[""Firewall"", ""Remote Administration"", ""Management Tools""]","[""FortiGate Tools"", ""Monitoring Agent"", ""PowerShell""]"
Firewall,Windows Server,Windows Server 2022,SRV,Perimeter Security,Security,"[22, 80, 443]","[""Network Firewall"", ""Event Log""]","[""Security Gateway""]","[""FortiGate Tools"", ""Monitoring Agent"", ""Backup Agent""]"
Firewall,Windows Server,Windows Server 2016,SRV,Perimeter Security,IT,"[22, 80, 443]","[""Firewall"", ""Packet Filter""]","[""Security Gateway"", ""Management Tools""]","[""FortiGate Tools""]"
Firewall,Windows Server,Windows Server 2016,SRV,Traffic Filtering,Security,[443],"[""UTM"", ""Firewall"", ""RDP"", ""WinRM""]","[""Security Gateway""]","[""FortiGate Tools"", ""PowerShell""]"
Firewall,Windows Server,Windows Server 2019,SRV,Traffic Filtering,Infrastructure,[443],"[""UTM"", ""Firewall""]","[""Firewall""]","[""Palo Alto Management""]"
Firewall,Windows Server,Windows Server 2019,SRV,Traffic Filtering,Infrastructure,[443],"[""Network Firewall""]","[""Firewall""]","[""Palo Alto Management""]"
Firewall,Windows Server,Windows Server 2019,SRV,Traffic Filtering,Security,"[22, 80, 443]","[""UTM"", ""Firewall""]","[""Security Gateway""]","[""Palo Alto Management"", ""PowerShell""]"
Firewall,Windows Server,Windows Server 2016,SRV,Network Defense,IT,"[22, 443]","[""Firewall"", ""Packet Filter""]","[""Security Gateway""]","[""Palo Alto Management"", ""Endpoint Protection""]"
Firewall,Windows Server,Windows Server 2019,SRV,Traffic Filtering,IT,"[22, 443]","[""UTM"", ""Firewall""]","[""Security Gateway"", ""Management Tools""]","[""FortiGate Tools""]"
Firewall,Windows Server,Windows Server 2016,SRV,Traffic Filtering,Infrastructure,"[22, 443]","[""UTM"", ""Firewall"", ""RDP"", ""Event Log""]","[""Security Gateway"", ""Management Tools"", ""Remote Administration""]","[""FortiGate Tools"", ""Sysmon""]"
Firewall,Windows Server,Windows Server 2022,SRV,Perimeter Security,IT,[443],"[""Firewall"", ""Packet Filter""]","[""Security Gateway""]","[""FortiGate Tools"", ""Monitoring Agent""]"
Firewall,Windows Server,Windows Server 2022,SRV,Traffic Filtering,Infrastructure,[443],"[""Network Firewall"", ""WinRM""]","[""Security Gateway""]","[""FortiGate Tools""]"
Firewall,Windows Server,Windows Server 2019,SRV,Traffic Filtering,IT,"[22, 443]","[""Network Firewall""]","[""Firewall""]","[""Windows Defender Firewall""]"
Firewall,Windows Server,Windows Server 2019,SRV,Traffic Filtering,Infrastructure,"[22, 443]","[""Firewall"", ""Packet Filter"", ""Monitoring Service"", ""RDP""]","[""Firewall""]","[""FortiGate Tools"", ""Monitoring Agent"", ""AV Scanner""]"
Firewall,Windows Server,Windows Server 2022,SRV,Perimeter Security,Security,"[22, 80, 443]","[""Network Firewall""]","[""Firewall""]","[""Palo Alto Management""]"
Firewall,Windows Server,Windows Server 2022,SRV,Network Defense,Infrastructure,"[22, 443]","[""Firewall"", ""Packet Filter""]","[""Firewall""]","[""FortiGate Tools"", ""Sysmon"", ""AV Scanner""]"
Firewall,Windows Server,Windows Server 2022,SRV,Perimeter Security,Infrastructure,"[22, 443]","[""Network Firewall""]","[""Firewall"", ""Remote Administration""]","[""Palo Alto Management""]"
Firewall,Windows Server,Windows Server 2016,SRV,Network Defense,Infrastructure,"[22, 443]","[""UTM"", ""Firewall"", ""WinRM""]","[""Security Gateway""]","[""Windows Defender Firewall"", ""AV Scanner"", ""Monitoring Agent""]"
Firewall,Windows Server,Windows Server 2022,SRV,Traffic Filtering,IT,[443],"[""UTM"", ""Firewall""]","[""Security Gateway""]","[""FortiGate Tools""]"
Firewall,Windows Server,Windows Server 2019,SRV,Perimeter Security,Security,[443],"[""UTM"", ""Firewall""]","[""Firewall""]","[""FortiGate Tools"", ""PowerShell"", ""Sysmon""]"
Firewall,Windows Server,Windows Server 2022,SRV,Network Defense,Security,"[22, 443]","[""Firewall"", ""Packet Filter"", ""Monitoring Service""]","[""Firewall""]","[""Palo Alto Management""]"
Firewall,Windows Server,Windows Server 2016,SRV,Network Defense,Infrastructure,"[22, 80, 443]","[""Network Firewall""]","[""Security Gateway""]","[""Windows Defender Firewall"", ""AV Scanner"", ""Backup Agent""]"
Firewall,Windows Server,Windows Server 2016,SRV,Perimeter Security,Infrastructure,"[22, 443]","[""UTM"", ""Firewall""]","[""Security Gateway""]","[""Palo Alto Management""]"
Firewall,Windows Server,Windows Server 2022,SRV,Traffic Filtering,Security,[443],"[""Firewall"", ""Packet Filter""]","[""Security Gateway""]","[""FortiGate Tools"", ""PowerShell"", ""Endpoint Protection""]"
Firewall,Windows Server,Windows Server 2016,SRV,Traffic Filtering,Security,"[22, 443]","[""Firewall"", ""Packet Filter"", ""Event Log"", ""RDP""]","[""Firewall""]","[""FortiGate Tools"", ""Endpoint Protection"", ""AV Scanner""]"
Firewall,Windows Server,Windows Server 2022,SRV,Traffic Filtering,Security,"[22, 80, 443]","[""UTM"", ""Firewall"", ""RDP"", ""Monitoring Service""]","[""Security Gateway""]","[""FortiGate Tools"", ""AV Scanner""]"
Firewall,Windows Server,Windows Server 2016,SRV,Network Defense,IT,[443],"[""Network Firewall""]","[""Firewall""]","[""Windows Defender Firewall"", ""Backup Agent""]"
Firewall,Windows Server,Windows Server 2016,SRV,Network Defense,IT,"[22, 443]","[""Firewall"", ""Packet Filter""]","[""Firewall""]","[""Windows Defender Firewall""]"
Firewall,Windows Server,Windows Server 2016,SRV,Traffic Filtering,IT,"[22, 80, 443]","[""UTM"", ""Firewall"", ""Event Log""]","[""Firewall""]","[""Windows Defender Firewall""]"
Firewall,Windows Server,Windows Server 2019,SRV,Traffic Filtering,IT,"[22, 443]","[""UTM"", ""Firewall"", ""WinRM""]","[""Firewall"", ""Management Tools""]","[""Windows Defender Firewall"", ""Monitoring Agent""]"
Firewall,Windows Server,Windows Server 2016,SRV,Traffic Filtering,Infrastructure,"[22, 443]","[""UTM"", ""Firewall"", ""Monitoring Service""]","[""Firewall""]","[""Palo Alto Management"", ""Backup Agent"", ""Sysmon""]"
Firewall,Windows Server,Windows Server 2022,SRV,Traffic Filtering,Security,"[22, 443]","[""UTM"", ""Firewall"", ""WinRM""]","[""Firewall""]","[""FortiGate Tools""]"
Firewall,Windows Server,Windows Server 2022,SRV,Network Defense,IT,"[22, 443]","[""Firewall"", ""Packet Filter""]","[""Security Gateway""]","[""Windows Defender Firewall""]"
Firewall,Windows Server,Windows Server 2022,SRV,Perimeter Security,IT,"[22, 80, 443]","[""Firewall"", ""Packet Filter"", ""WinRM"", ""Monitoring Service""]","[""Firewall""]","[""Windows Defender Firewall"", ""Sysmon""]"
Firewall,Windows Server,Windows Server 2019,SRV,Traffic Filtering,Security,"[22, 443]","[""UTM"", ""Firewall""]","[""Security Gateway""]","[""FortiGate Tools""]"
Firewall,Windows Server,Windows Server 2019,SRV,Perimeter Security,Infrastructure,"[22, 443]","[""Firewall"", ""Packet Filter""]","[""Security Gateway""]","[""Windows Defender Firewall""]"
Firewall,Windows Server,Windows Server 2022,SRV,Traffic Filtering,Security,"[22, 443]","[""Network Firewall""]","[""Security Gateway""]","[""Palo Alto Management"", ""AV Scanner"", ""Monitoring Agent""]"
Firewall,Windows Server,Windows Server 2022,SRV,Traffic Filtering,Infrastructure,"[22, 443]","[""Network Firewall""]","[""Firewall""]","[""Windows Defender Firewall""]"
Firewall,Windows Server,Windows Server 2019,SRV,Network Defense,Infrastructure,[443],"[""Network Firewall""]","[""Security Gateway""]","[""Windows Defender Firewall"", ""Backup Agent"", ""Endpoint Protection""]"
Firewall,Windows Server,Windows Server 2019,SRV,Perimeter Security,Security,"[22, 443]","[""Network Firewall""]","[""Firewall""]","[""Windows Defender Firewall"", ""PowerShell""]"
Firewall,Windows Server,Windows Server 2019,SRV,Perimeter Security,Infrastructure,"[22, 80, 443]","[""UTM"", ""Firewall""]","[""Firewall""]","[""Palo Alto Management"", ""Monitoring Agent""]"
Firewall,Windows Server,Windows Server 2022,SRV,Traffic Filtering,IT,"[22, 80, 443]","[""Network Firewall"", ""Monitoring Service"", ""RDP""]","[""Security Gateway"", ""Remote Administration""]","[""FortiGate Tools"", ""Backup Agent"", ""Monitoring Agent""]"
Firewall,Windows Server,Windows Server 2016,SRV,Traffic Filtering,Security,"[22, 80, 443]","[""UTM"", ""Firewall""]","[""Firewall""]","[""FortiGate Tools"", ""Backup Agent""]"
Firewall,Windows Server,Windows Server 2019,SRV,Perimeter Security,Infrastructure,"[22, 443]","[""Network Firewall""]","[""Firewall""]","[""Windows Defender Firewall"", ""Backup Agent""]"
Firewall,Windows Server,Windows Server 2022,SRV,Traffic Filtering,Infrastructure,[443],"[""UTM"", ""Firewall""]","[""Security Gateway""]","[""Windows Defender Firewall"", ""Backup Agent"", ""Monitoring Agent""]"
Firewall,Windows Server,Windows Server 2019,SRV,Network Defense,Security,"[22, 443]","[""Firewall"", ""Packet Filter"", ""RDP""]","[""Firewall""]","[""Palo Alto Management""]"
Firewall,Windows Server,Windows Server 2016,SRV,Perimeter Security,Security,"[22, 443]","[""Network Firewall""]","[""Security Gateway""]","[""Palo Alto Management""]"
Firewall,Windows Server,Windows Server 2022,SRV,Perimeter Security,Infrastructure,"[22, 443]","[""Firewall"", ""Packet Filter"", ""WinRM"", ""RDP""]","[""Security Gateway""]","[""FortiGate Tools"", ""Endpoint Protection""]"
Firewall,Windows Server,Windows Server 2022,SRV,Traffic Filtering,Security,"[22, 443]","[""UTM"", ""Firewall""]","[""Security Gateway""]","[""Palo Alto Management"", ""AV Scanner""]"
Firewall,Windows Server,Windows Server 2019,SRV,Network Defense,Infrastructure,[443],"[""UTM"", ""Firewall""]","[""Security Gateway"", ""Remote Administration"", ""Management Tools""]","[""FortiGate Tools""]"
Firewall,Windows Server,Windows Server 2016,SRV,Network Defense,IT,"[22, 80, 443]","[""Firewall"", ""Packet Filter""]","[""Firewall""]","[""Windows Defender Firewall"", ""Backup Agent""]"
Firewall,Windows Server,Windows Server 2019,SRV,Perimeter Security,Infrastructure,"[22, 443]","[""UTM"", ""Firewall"", ""Event Log"", ""Monitoring Service""]","[""Security Gateway""]","[""Palo Alto Management"", ""Endpoint Protection""]"
Firewall,Windows Server,Windows Server 2019,SRV,Traffic Filtering,Infrastructure,"[22, 80, 443]","[""Network Firewall"", ""RDP"", ""WinRM""]","[""Security Gateway""]","[""Palo Alto Management"", ""Endpoint Protection""]"
Firewall,Windows Server,Windows Server 2019,SRV,Perimeter Security,IT,"[22, 443]","[""Firewall"", ""Packet Filter"", ""RDP"", ""Monitoring Service""]","[""Firewall""]","[""Palo Alto Management""]"
Firewall,Windows Server,Windows Server 2019,SRV,Perimeter Security,IT,"[22, 443]","[""UTM"", ""Firewall""]","[""Firewall""]","[""FortiGate Tools""]"
Firewall,Windows Server,Windows Server 2016,SRV,Traffic Filtering,Infrastructure,[443],"[""Firewall"", ""Packet Filter"", ""Monitoring Service"", ""WinRM""]","[""Security Gateway"", ""Remote Administration""]","[""Palo Alto Management""]"
Firewall,Windows Server,Windows Server 2022,SRV,Traffic Filtering,Security,"[22, 80, 443]","[""Firewall"", ""Packet Filter""]","[""Firewall"", ""Management Tools""]","[""Palo Alto Management"", ""AV Scanner""]"
Firewall,Windows Server,Windows Server 2016,SRV,Traffic Filtering,Security,"[22, 80, 443]","[""Network Firewall""]","[""Security Gateway""]","[""Windows Defender Firewall""]"
Firewall,Windows Server,Windows Server 2022,SRV,Traffic Filtering,Infrastructure,"[22, 443]","[""Firewall"", ""Packet Filter""]","[""Security Gateway""]","[""Palo Alto Management""]"
Firewall,Windows Server,Windows Server 2022,SRV,Perimeter Security,Security,"[22, 443]","[""Network Firewall""]","[""Security Gateway""]","[""Palo Alto Management"", ""PowerShell"", ""Monitoring Agent""]"
Firewall,Windows Server,Windows Server 2016,SRV,Perimeter Security,Infrastructure,[443],"[""Firewall"", ""Packet Filter""]","[""Security Gateway""]","[""Windows Defender Firewall"", ""Monitoring Agent"", ""Endpoint Protection""]"
Firewall,Windows Server,Windows Server 2022,SRV,Perimeter Security,IT,[443],"[""UTM"", ""Firewall""]","[""Security Gateway""]","[""FortiGate Tools"", ""AV Scanner""]"
Firewall,Windows Server,Windows Server 2022,SRV,Traffic Filtering,Security,"[22, 80, 443]","[""Network Firewall"", ""WinRM""]","[""Firewall""]","[""Palo Alto Management"", ""PowerShell"", ""Sysmon""]"
Firewall,Windows Server,Windows Server 2022,SRV,Traffic Filtering,IT,[443],"[""UTM"", ""Firewall""]","[""Firewall""]","[""FortiGate Tools""]"
Firewall,Windows Server,Windows Server 2022,SRV,Network Defense,IT,[443],"[""Firewall"", ""Packet Filter"", ""RDP""]","[""Security Gateway""]","[""Palo Alto Management""]"
Firewall,Windows Server,Windows Server 2019,SRV,Traffic Filtering,Security,"[22, 443]","[""Network Firewall""]","[""Security Gateway""]","[""Palo Alto Management"", ""PowerShell"", ""Monitoring Agent""]"
Firewall,Windows Server,Windows Server 2019,SRV,Network Defense,IT,"[22, 80, 443]","[""UTM"", ""Firewall""]","[""Firewall""]","[""Palo Alto Management"", ""Backup Agent"", ""AV Scanner""]"
Firewall,Windows Server,Windows Server 2019,SRV,Traffic Filtering,Infrastructure,"[22, 443]","[""Firewall"", ""Packet Filter""]","[""Security Gateway""]","[""Windows Defender Firewall""]"
Firewall,Windows Server,Windows Server 2019,SRV,Network Defense,Infrastructure,[443],"[""Firewall"", ""Packet Filter""]","[""Security Gateway""]","[""Windows Defender Firewall""]"
Firewall,Windows Server,Windows Server 2016,SRV,Network Defense,Infrastructure,"[22, 80, 443]","[""Network Firewall""]","[""Security Gateway""]","[""Windows Defender Firewall""]"
Firewall,Windows Server,Windows Server 2016,SRV,Traffic Filtering,Security,"[22, 443]","[""UTM"", ""Firewall""]","[""Firewall"", ""Management Tools"", ""Remote Administration""]","[""FortiGate Tools""]"
Firewall,Windows Server,Windows Server 2016,SRV,Perimeter Security,Infrastructure,"[22, 443]","[""UTM"", ""Firewall""]","[""Firewall""]","[""Palo Alto Management"", ""Backup Agent""]"
Firewall,Windows Server,Windows Server 2022,SRV,Perimeter Security,Infrastructure,"[22, 443]","[""Firewall"", ""Packet Filter""]","[""Security Gateway"", ""Remote Administration"", ""Management Tools""]","[""Windows Defender Firewall""]"
Firewall,Windows Server,Windows Server 2019,SRV,Network Defense,Infrastructure,"[22, 443]","[""Network Firewall""]","[""Security Gateway""]","[""Windows Defender Firewall""]"
Firewall,Windows Server,Windows Server 2016,SRV,Traffic Filtering,Security,[443],"[""Network Firewall"", ""WinRM"", ""RDP""]","[""Security Gateway""]","[""FortiGate Tools""]"
Firewall,Windows Server,Windows Server 2019,SRV,Perimeter Security,Security,"[22, 80, 443]","[""UTM"", ""Firewall""]","[""Security Gateway""]","[""FortiGate Tools""]"
Firewall,Windows Server,Windows Server 2019,SRV,Traffic Filtering,Security,"[22, 80, 443]","[""Firewall"", ""Packet Filter""]","[""Security Gateway"", ""Remote Administration""]","[""Windows Defender Firewall""]"
Firewall,Windows Server,Windows Server 2019,SRV,Perimeter Security,IT,"[22, 80, 443]","[""Network Firewall""]","[""Firewall""]","[""FortiGate Tools"", ""Backup Agent""]"
Firewall,Windows Server,Windows Server 2022,SRV,Traffic Filtering,Security,"[22, 443]","[""Firewall"", ""Packet Filter"", ""Event Log""]","[""Firewall""]","[""Palo Alto Management""]"
Firewall,Windows Server,Windows Server 2019,SRV,Perimeter Security,Security,"[22, 80, 443]","[""Network Firewall""]","[""Firewall""]","[""Palo Alto Management"", ""Endpoint Protection"", ""PowerShell""]"
Firewall,Windows Server,Windows Server 2022,SRV,Network Defense,Security,[443],"[""Network Firewall"", ""Monitoring Service""]","[""Firewall"", ""Management Tools""]","[""Palo Alto Management""]"
Firewall,Windows Server,Windows Server 2022,SRV,Perimeter Security,Security,"[22, 443]","[""Firewall"", ""Packet Filter""]","[""Security Gateway""]","[""Windows Defender Firewall"", ""Endpoint Protection"", ""PowerShell""]"
Firewall,Windows Server,Windows Server 2022,SRV,Traffic Filtering,IT,"[22, 80, 443]","[""UTM"", ""Firewall""]","[""Firewall""]","[""Palo Alto Management"", ""PowerShell""]"
Firewall,Windows Server,Windows Server 2022,SRV,Perimeter Security,Security,"[22, 80, 443]","[""Network Firewall""]","[""Firewall""]","[""FortiGate Tools"", ""AV Scanner""]"
Firewall,Windows Server,Windows Server 2019,SRV,Traffic Filtering,IT,[443],"[""UTM"", ""Firewall""]","[""Firewall""]","[""FortiGate Tools"", ""Backup Agent"", ""Monitoring Agent""]"
Firewall,Windows Server,Windows Server 2022,SRV,Traffic Filtering,Security,"[22, 80, 443]","[""UTM"", ""Firewall"", ""WinRM"", ""RDP""]","[""Firewall""]","[""Palo Alto Management""]"
Firewall,Windows Server,Windows Server 2016,SRV,Perimeter Security,Infrastructure,"[22, 80, 443]","[""Network Firewall"", ""WinRM"", ""Monitoring Service""]","[""Firewall""]","[""Palo Alto Management""]"
Backup Server,Windows Server,Windows Server 2019,SRV,Recovery Services,IT,[445],"[""Recovery Service"", ""WinRM"", ""Event Log""]","[""Backup and Restore""]","[""Commvault""]"
Backup Server,Windows Server,Windows Server 2016,SRV,Recovery Services,Operations,"[445, 3389, 5985]","[""Recovery Service""]","[""Backup Server""]","[""Backup Exec""]"
Backup Server,Windows Server,Windows Server 2019,SRV,Recovery Services,Operations,[445],"[""Backup Service"", ""RDP""]","[""Backup Server""]","[""Commvault""]"
Backup Server,Windows Server,Windows Server 2019,SRV,Data Protection,IT,"[445, 3389, 5985]","[""Backup Service"", ""Monitoring Service""]","[""Backup and Restore""]","[""Veeam""]"
Backup Server,Windows Server,Windows Server 2016,SRV,Backup and Recovery,Operations,"[445, 5985]","[""Veeam Backup""]","[""Backup Server""]","[""Commvault"", ""Backup Agent"", ""Endpoint Protection""]"
Backup Server,Windows Server,Windows Server 2022,SRV,Recovery Services,Operations,"[445, 5985]","[""Backup Service"", ""Event Log"", ""WinRM""]","[""Backup Server""]","[""Commvault""]"
Backup Server,Windows Server,Windows Server 2016,SRV,Backup and Recovery,Operations,"[445, 5985]","[""Recovery Service""]","[""Backup Server"", ""Management Tools""]","[""Commvault""]"
Backup Server,Windows Server,Windows Server 2022,SRV,Recovery Services,IT,[445],"[""Backup Service""]","[""Backup and Restore"", ""Remote Administration""]","[""Backup Exec"", ""Monitoring Agent""]"
Backup Server,Windows Server,Windows Server 2019,SRV,Data Protection,Operations,[445],"[""Backup Service""]","[""Backup Server""]","[""Commvault"", ""Endpoint Protection"", ""Monitoring Agent""]"
Backup Server,Windows Server,Windows Server 2022,SRV,Recovery Services,Infrastructure,"[445, 5985]","[""Backup Service""]","[""Backup and Restore""]","[""Commvault"", ""Monitoring Agent"", ""Endpoint Protection""]"
Backup Server,Windows Server,Windows Server 2019,SRV,Backup and Recovery,Operations,"[445, 3389, 5985]","[""Backup Service""]","[""Backup and Restore""]","[""Veeam""]"
Backup Server,Windows Server,Windows Server 2016,SRV,Recovery Services,Infrastructure,[445],"[""Recovery Service"", ""Monitoring Service"", ""RDP""]","[""Backup Server""]","[""Veeam"", ""PowerShell"", ""Monitoring Agent""]"
Backup Server,Windows Server,Windows Server 2016,SRV,Data Protection,IT,"[445, 3389, 5985]","[""Recovery Service""]","[""Backup Server""]","[""Veeam""]"
Backup Server,Windows Server,Windows Server 2022,SRV,Recovery Services,Operations,"[445, 5985]","[""Recovery Service""]","[""Backup Server""]","[""Veeam"", ""AV Scanner"", ""Endpoint Protection""]"
Backup Server,Windows Server,Windows Server 2022,SRV,Data Protection,Infrastructure,[445],"[""Veeam Backup""]","[""Backup Server"", ""Management Tools""]","[""Veeam""]"
Backup Server,Windows Server,Windows Server 2019,SRV,Recovery Services,Operations,"[445, 3389, 5985]","[""Backup Service""]","[""Backup Server""]","[""Commvault""]"
Backup Server,Windows Server,Windows Server 2019,SRV,Recovery Services,Infrastructure,"[445, 3389, 5985]","[""Backup Service"", ""Event Log""]","[""Backup and Restore"", ""Management Tools"", ""Remote Administration""]","[""Veeam"", ""Endpoint Protection""]"
Backup Server,Windows Server,Windows Server 2019,SRV,Recovery Services,Operations,"[445, 3389, 5985]","[""Backup Service""]","[""Backup Server""]","[""Veeam""]"
Backup Server,Windows Server,Windows Server 2016,SRV,Backup and Recovery,IT,[445],"[""Backup Service"", ""Event Log"", ""Monitoring Service""]","[""Backup Server""]","[""Veeam""]"
Backup Server,Windows Server,Windows Server 2019,SRV,Recovery Services,IT,"[445, 3389, 5985]","[""Backup Service"", ""Monitoring Service""]","[""Backup and Restore""]","[""Veeam""]"
Backup Server,Windows Server,Windows Server 2019,SRV,Data Protection,Operations,[445],"[""Recovery Service"", ""Event Log"", ""Monitoring Service""]","[""Backup Server"", ""Remote Administration"", ""Management Tools""]","[""Veeam"", ""AV Scanner""]"
Backup Server,Windows Server,Windows Server 2016,SRV,Data Protection,Operations,"[445, 3389, 5985]","[""Backup Service"", ""WinRM""]","[""Backup Server""]","[""Backup Exec""]"
Backup Server,Windows Server,Windows Server 2016,SRV,Backup and Recovery,Infrastructure,"[445, 5985]","[""Veeam Backup"", ""Event Log"", ""WinRM""]","[""Backup Server""]","[""Backup Exec"", ""Backup Agent""]"
Backup Server,Windows Server,Windows Server 2019,SRV,Data Protection,IT,"[445, 5985]","[""Backup Service""]","[""Backup and Restore""]","[""Backup Exec"", ""Monitoring Agent"", ""AV Scanner""]"
Backup Server,Windows Server,Windows Server 2019,SRV,Data Protection,Operations,"[445, 5985]","[""Backup Service"", ""Monitoring Service"", ""Event Log""]","[""Backup Server""]","[""Backup Exec"", ""AV Scanner"", ""Backup Agent""]"
Backup Server,Windows Server,Windows Server 2019,SRV,Recovery Services,Operations,"[445, 3389, 5985]","[""Recovery Service"", ""Monitoring Service"", ""Event Log""]","[""Backup Server"", ""Remote Administration""]","[""Backup Exec""]"
Backup Server,Windows Server,Windows Server 2016,SRV,Backup and Recovery,Operations,[445],"[""Veeam Backup""]","[""Backup Server""]","[""Commvault"", ""PowerShell"", ""AV Scanner""]"
Backup Server,Windows Server,Windows Server 2016,SRV,Backup and Recovery,Infrastructure,"[445, 3389, 5985]","[""Recovery Service"", ""RDP"", ""Monitoring Service""]","[""Backup and Restore"", ""Remote Administration""]","[""Veeam""]"
Backup Server,Windows Server,Windows Server 2019,SRV,Recovery Services,Operations,"[445, 5985]","[""Veeam Backup"", ""Event Log""]","[""Backup and Restore""]","[""Commvault"", ""Sysmon"", ""Backup Agent""]"
Backup Server,Windows Server,Windows Server 2016,SRV,Backup and Recovery,Operations,"[445, 5985]","[""Backup Service""]","[""Backup Server"", ""Management Tools""]","[""Backup Exec""]"
Backup Server,Windows Server,Windows Server 2019,SRV,Recovery Services,Infrastructure,"[445, 5985]","[""Recovery Service""]","[""Backup Server""]","[""Commvault""]"
Backup Server,Windows Server,Windows Server 2016,SRV,Recovery Services,Infrastructure,"[445, 3389, 5985]","[""Recovery Service"", ""Event Log""]","[""Backup Server"", ""Management Tools"", ""Remote Administration""]","[""Veeam"", ""PowerShell"", ""Backup Agent""]"
Backup Server,Windows Server,Windows Server 2016,SRV,Recovery Services,Infrastructure,[445],"[""Backup Service"", ""Event Log"", ""RDP""]","[""Backup and Restore""]","[""Commvault""]"
Backup Server,Windows Server,Windows Server 2016,SRV,Data Protection,IT,[445],"[""Backup Service""]","[""Backup Server"", ""Remote Administration""]","[""Backup Exec""]"
Backup Server,Windows Server,Windows Server 2022,SRV,Recovery Services,Operations,"[445, 3389, 5985]","[""Veeam Backup""]","[""Backup and Restore""]","[""Veeam""]"
Backup Server,Windows Server,Windows Server 2016,SRV,Data Protection,Operations,"[445, 5985]","[""Backup Service""]","[""Backup Server""]","[""Backup Exec""]"
Backup Server,Windows Server,Windows Server 2022,SRV,Data Protection,Operations,"[445, 3389, 5985]","[""Backup Service""]","[""Backup Server""]","[""Backup Exec""]"
Backup Server,Windows Server,Windows Server 2019,SRV,Data Protection,Infrastructure,"[445, 5985]","[""Recovery Service"", ""Event Log""]","[""Backup Server""]","[""Commvault"", ""PowerShell"", ""Monitoring Agent""]"
Backup Server,Windows Server,Windows Server 2022,SRV,Backup and Recovery,Infrastructure,"[445, 3389, 5985]","[""Veeam Backup""]","[""Backup and Restore""]","[""Veeam""]"
Backup Server,Windows Server,Windows Server 2022,SRV,Data Protection,Operations,"[445, 5985]","[""Veeam Backup""]","[""Backup Server""]","[""Veeam""]"
Backup Server,Windows Server,Windows Server 2016,SRV,Data Protection,Operations,"[445, 3389, 5985]","[""Recovery Service"", ""Event Log"", ""RDP""]","[""Backup and Restore"", ""Remote Administration"", ""Management Tools""]","[""Backup Exec""]"
Backup Server,Windows Server,Windows Server 2016,SRV,Backup and Recovery,Infrastructure,"[445, 5985]","[""Backup Service"", ""Monitoring Service"", ""Event Log""]","[""Backup Server"", ""Remote Administration""]","[""Veeam""]"
Backup Server,Windows Server,Windows Server 2016,SRV,Backup and Recovery,Operations,"[445, 3389, 5985]","[""Veeam Backup""]","[""Backup and Restore"", ""Remote Administration""]","[""Veeam"", ""AV Scanner"", ""PowerShell""]"
Backup Server,Windows Server,Windows Server 2022,SRV,Backup and Recovery,Operations,"[445, 5985]","[""Backup Service""]","[""Backup and Restore""]","[""Commvault""]"
Backup Server,Windows Server,Windows Server 2022,SRV,Data Protection,Infrastructure,[445],"[""Recovery Service"", ""WinRM""]","[""Backup Server""]","[""Backup Exec""]"
Backup Server,Windows Server,Windows Server 2022,SRV,Recovery Services,Infrastructure,[445],"[""Veeam Backup""]","[""Backup and Restore""]","[""Veeam"", ""Sysmon"", ""Monitoring Agent""]"
Backup Server,Windows Server,Windows Server 2022,SRV,Recovery Services,Operations,"[445, 3389, 5985]","[""Recovery Service""]","[""Backup and Restore""]","[""Commvault"", ""Endpoint Protection""]"
Backup Server,Windows Server,Windows Server 2016,SRV,Recovery Services,Operations,"[445, 5985]","[""Veeam Backup""]","[""Backup and Restore"", ""Management Tools"", ""Remote Administration""]","[""Commvault"", ""Endpoint Protection"", ""PowerShell""]"
Backup Server,Windows Server,Windows Server 2019,SRV,Data Protection,Operations,"[445, 5985]","[""Backup Service""]","[""Backup Server"", ""Management Tools""]","[""Backup Exec""]"
Backup Server,Windows Server,Windows Server 2022,SRV,Recovery Services,IT,"[445, 5985]","[""Veeam Backup""]","[""Backup Server""]","[""Commvault""]"
Backup Server,Windows Server,Windows Server 2022,SRV,Data Protection,Operations,[445],"[""Recovery Service"", ""Event Log"", ""WinRM""]","[""Backup Server""]","[""Commvault""]"
Backup Server,Windows Server,Windows Server 2016,SRV,Backup and Recovery,Infrastructure,"[445, 3389, 5985]","[""Recovery Service"", ""WinRM"", ""Event Log""]","[""Backup Server""]","[""Commvault"", ""Sysmon"", ""Backup Agent""]"
Backup Server,Windows Server,Windows Server 2022,SRV,Recovery Services,Operations,"[445, 3389, 5985]","[""Backup Service""]","[""Backup and Restore""]","[""Veeam""]"
Backup Server,Windows Server,Windows Server 2022,SRV,Recovery Services,Infrastructure,"[445, 5985]","[""Recovery Service""]","[""Backup Server""]","[""Backup Exec"", ""AV Scanner""]"
Backup Server,Windows Server,Windows Server 2019,SRV,Backup and Recovery,Operations,"[445, 5985]","[""Veeam Backup""]","[""Backup and Restore""]","[""Backup Exec""]"
Backup Server,Windows Server,Windows Server 2016,SRV,Backup and Recovery,Operations,"[445, 5985]","[""Recovery Service""]","[""Backup Server"", ""Remote Administration""]","[""Backup Exec""]"
Backup Server,Windows Server,Windows Server 2022,SRV,Backup and Recovery,IT,[445],"[""Recovery Service"", ""RDP"", ""Event Log""]","[""Backup and Restore""]","[""Backup Exec""]"
Backup Server,Windows Server,Windows Server 2019,SRV,Backup and Recovery,Infrastructure,"[445, 3389, 5985]","[""Veeam Backup""]","[""Backup and Restore""]","[""Backup Exec""]"
Backup Server,Windows Server,Windows Server 2016,SRV,Backup and Recovery,IT,[445],"[""Veeam Backup""]","[""Backup and Restore"", ""Management Tools"", ""Remote Administration""]","[""Commvault""]"
Backup Server,Windows Server,Windows Server 2022,SRV,Backup and Recovery,Infrastructure,"[445, 3389, 5985]","[""Veeam Backup""]","[""Backup and Restore""]","[""Commvault""]"
Backup Server,Windows Server,Windows Server 2022,SRV,Backup and Recovery,IT,[445],"[""Veeam Backup""]","[""Backup and Restore"", ""Remote Administration"", ""Management Tools""]","[""Commvault"", ""Backup Agent"", ""PowerShell""]"
Backup Server,Windows Server,Windows Server 2019,SRV,Backup and Recovery,Infrastructure,[445],"[""Recovery Service"", ""Event Log""]","[""Backup and Restore""]","[""Backup Exec""]"
Backup Server,Windows Server,Windows Server 2022,SRV,Backup and Recovery,Operations,"[445, 5985]","[""Recovery Service""]","[""Backup Server""]","[""Veeam""]"
Backup Server,Windows Server,Windows Server 2016,SRV,Data Protection,IT,"[445, 3389, 5985]","[""Veeam Backup""]","[""Backup Server""]","[""Backup Exec"", ""Endpoint Protection""]"
Backup Server,Windows Server,Windows Server 2022,SRV,Data Protection,Operations,"[445, 5985]","[""Veeam Backup""]","[""Backup and Restore""]","[""Veeam""]"
Backup Server,Windows Server,Windows Server 2016,SRV,Backup and Recovery,IT,"[445, 5985]","[""Recovery Service"", ""Monitoring Service"", ""WinRM""]","[""Backup Server""]","[""Veeam"", ""Monitoring Agent""]"
Backup Server,Windows Server,Windows Server 2019,SRV,Recovery Services,IT,[445],"[""Recovery Service""]","[""Backup and Restore""]","[""Veeam"", ""Monitoring Agent"", ""PowerShell""]"
Backup Server,Windows Server,Windows Server 2022,SRV,Recovery Services,Operations,"[445, 5985]","[""Backup Service""]","[""Backup and Restore"", ""Remote Administration"", ""Management Tools""]","[""Backup Exec""]"
Backup Server,Windows Server,Windows Server 2019,SRV,Data Protection,Infrastructure,"[445, 5985]","[""Backup Service"", ""Monitoring Service"", ""RDP""]","[""Backup and Restore"", ""Remote Administration"", ""Management Tools""]","[""Commvault""]"
Backup Server,Windows Server,Windows Server 2022,SRV,Recovery Services,IT,[445],"[""Backup Service""]","[""Backup and Restore""]","[""Backup Exec""]"
Backup Server,Windows Server,Windows Server 2019,SRV,Backup and Recovery,Operations,"[445, 5985]","[""Veeam Backup""]","[""Backup and Restore""]","[""Backup Exec"", ""Sysmon"", ""Endpoint Protection""]"
Backup Server,Windows Server,Windows Server 2022,SRV,Backup and Recovery,IT,"[445, 3389, 5985]","[""Backup Service"", ""RDP"", ""WinRM""]","[""Backup Server""]","[""Commvault""]"
Backup Server,Windows Server,Windows Server 2022,SRV,Backup and Recovery,IT,[445],"[""Veeam Backup""]","[""Backup and Restore""]","[""Veeam"", ""Monitoring Agent"", ""Sysmon""]"
Backup Server,Windows Server,Windows Server 2022,SRV,Backup and Recovery,Operations,[445],"[""Recovery Service""]","[""Backup Server""]","[""Backup Exec""]"
Backup Server,Windows Server,Windows Server 2022,SRV,Recovery Services,Operations,"[445, 5985]","[""Backup Service""]","[""Backup Server""]","[""Veeam"", ""Endpoint Protection""]"
Backup Server,Windows Server,Windows Server 2016,SRV,Data Protection,IT,"[445, 5985]","[""Veeam Backup""]","[""Backup and Restore"", ""Remote Administration"", ""Management Tools""]","[""Commvault"", ""PowerShell"", ""Sysmon""]"
Backup Server,Windows Server,Windows Server 2022,SRV,Data Protection,Operations,[445],"[""Recovery Service""]","[""Backup Server""]","[""Backup Exec"", ""AV Scanner"", ""PowerShell""]"
Backup Server,Windows Server,Windows Server 2019,SRV,Data Protection,Infrastructure,"[445, 5985]","[""Veeam Backup""]","[""Backup Server"", ""Management Tools"", ""Remote Administration""]","[""Commvault"", ""Monitoring Agent"", ""PowerShell""]"
Backup Server,Windows Server,Windows Server 2019,SRV,Recovery Services,IT,"[445, 5985]","[""Recovery Service"", ""Event Log"", ""WinRM""]","[""Backup Server""]","[""Backup Exec"", ""PowerShell"", ""AV Scanner""]"
Backup Server,Windows Server,Windows Server 2016,SRV,Data Protection,Operations,"[445, 5985]","[""Backup Service"", ""Event Log"", ""RDP""]","[""Backup and Restore""]","[""Backup Exec""]"
Backup Server,Windows Server,Windows Server 2022,SRV,Backup and Recovery,IT,"[445, 3389, 5985]","[""Backup Service"", ""Event Log""]","[""Backup Server""]","[""Veeam"", ""Sysmon"", ""AV Scanner""]"
Backup Server,Windows Server,Windows Server 2022,SRV,Recovery Services,Infrastructure,"[445, 3389, 5985]","[""Recovery Service""]","[""Backup and Restore"", ""Management Tools""]","[""Veeam"", ""Endpoint Protection""]"
Backup Server,Windows Server,Windows Server 2016,SRV,Data Protection,IT,[445],"[""Backup Service""]","[""Backup Server"", ""Remote Administration"", ""Management Tools""]","[""Commvault"", ""Endpoint Protection""]"
Backup Server,Windows Server,Windows Server 2022,SRV,Data Protection,Infrastructure,[445],"[""Recovery Service""]","[""Backup and Restore""]","[""Commvault""]"
Backup Server,Windows Server,Windows Server 2022,SRV,Backup and Recovery,IT,"[445, 3389, 5985]","[""Veeam Backup""]","[""Backup and Restore""]","[""Commvault""]"
Backup Server,Windows Server,Windows Server 2019,SRV,Recovery Services,IT,"[445, 3389, 5985]","[""Veeam Backup""]","[""Backup Server"", ""Remote Administration"", ""Management Tools""]","[""Backup Exec""]"
Backup Server,Windows Server,Windows Server 2022,SRV,Recovery Services,IT,[445],"[""Veeam Backup"", ""RDP""]","[""Backup and Restore""]","[""Veeam"", ""Sysmon"", ""Monitoring Agent""]"
Backup Server,Windows Server,Windows Server 2019,SRV,Data Protection,Operations,"[445, 5985]","[""Recovery Service"", ""Monitoring Service"", ""RDP""]","[""Backup Server""]","[""Backup Exec"", ""AV Scanner""]"
Backup Server,Windows Server,Windows Server 2016,SRV,Recovery Services,Infrastructure,"[445, 3389, 5985]","[""Recovery Service""]","[""Backup Server""]","[""Backup Exec""]"
Backup Server,Windows Server,Windows Server 2016,SRV,Backup and Recovery,Infrastructure,"[445, 5985]","[""Recovery Service""]","[""Backup Server""]","[""Veeam""]"
Backup Server,Windows Server,Windows Server 2016,SRV,Backup and Recovery,Infrastructure,"[445, 5985]","[""Backup Service""]","[""Backup Server""]","[""Backup Exec"", ""PowerShell""]"
Backup Server,Windows Server,Windows Server 2022,SRV,Recovery Services,IT,[445],"[""Recovery Service""]","[""Backup and Restore""]","[""Veeam""]"
Backup Server,Windows Server,Windows Server 2022,SRV,Recovery Services,Infrastructure,"[445, 3389, 5985]","[""Backup Service""]","[""Backup and Restore""]","[""Backup Exec""]"
Backup Server,Windows Server,Windows Server 2016,SRV,Backup and Recovery,Operations,"[445, 5985]","[""Recovery Service"", ""Monitoring Service""]","[""Backup Server""]","[""Veeam""]"
Backup Server,Windows Server,Windows Server 2019,SRV,Backup and Recovery,Operations,"[445, 3389, 5985]","[""Backup Service"", ""WinRM"", ""RDP""]","[""Backup and Restore""]","[""Backup Exec"", ""Monitoring Agent"", ""PowerShell""]"
Backup Server,Windows Server,Windows Server 2016,SRV,Backup and Recovery,Operations,"[445, 5985]","[""Backup Service"", ""RDP""]","[""Backup Server"", ""Remote Administration"", ""Management Tools""]","[""Backup Exec""]"
Backup Server,Windows Server,Windows Server 2019,SRV,Recovery Services,Operations,"[445, 5985]","[""Recovery Service""]","[""Backup Server""]","[""Commvault""]"
Backup Server,Windows Server,Windows Server 2016,SRV,Data Protection,IT,"[445, 3389, 5985]","[""Veeam Backup""]","[""Backup Server""]","[""Veeam"", ""Sysmon"", ""Backup Agent""]"
Backup Server,Windows Server,Windows Server 2019,SRV,Backup and Recovery,Infrastructure,[445],"[""Recovery Service""]","[""Backup and Restore""]","[""Backup Exec""]"
Backup Server,Windows Server,Windows Server 2016,SRV,Recovery Services,Infrastructure,"[445, 5985]","[""Recovery Service""]","[""Backup and Restore""]","[""Backup Exec""]"
