hostname,os_family,os_version,cpu_cores,memory_gb,gpu_present,domain_joined,open_ports,running_services,software_indicators,ad_groups,privilege_level,workstation_role,confidentiality,integrity,availability,record_source,confidence,is_synthetic
wks-0001,Windows,10,8,8,False,True,[ 445 3389 8888],['EDR Agent' 'OneDrive Sync' 'VPN Client'],['Docker Desktop' 'Git' 'IntelliJ' 'Node.js' 'PyCharm' 'VS Code' 'Zoom'],['Developers' 'Domain Users'],Standard User,Developer Workstation,Moderate,Moderate,Moderate,synthetic_rules,0.74,True
wks-0002,Windows,11,4,8,False,True,[ 139  445 3389],['EDR Agent' 'OneDrive Sync' 'Print Spooler' 'SSH'],['PowerShell' 'PuTTY' 'RSAT' 'Teams' 'VMware Workstation'],['Data Scientists' 'Retail'],Local Admin,IT Admin Workstation,High,High,Moderate,synthetic_ml_seed,0.89,True
wks-0003,Ubuntu Desktop,22.04,32,8,False,True,[ 22 631],['Print Spooler' 'SSH'],['Chrome' 'Firefox' 'KioskShell' 'Teams'],['Domain Users'],Standard User,Kiosk Workstation,Moderate,Moderate,Moderate,synthetic_rules,0.92,True
wks-0004,Windows,10,8,8,True,True,[135],['SSH' 'VPN Client'],['AutoCAD' 'MATLAB' 'SolidWorks'],['Domain Users' 'Executives'],Standard User,Engineering CAD Workstation,Moderate,Moderate,Moderate,synthetic_rules,0.96,True
wks-0005,macOS,14,16,32,False,False,[ 22 631],[],['Chrome' 'Firefox' 'Office' 'VS Code' 'Zoom'],['Help Desk'],Standard User,Training Lab Workstation,Moderate,Moderate,Moderate,synthetic_rules,0.87,True
wks-0006,Windows,11,4,32,False,True,[ 135  445 3389],['Print Spooler' 'SSH'],['Firefox' 'Office' 'Teams' 'VPN Client' 'Zoom'],['IT Operations'],Local Admin,Executive Workstation,High,High,Moderate,synthetic_rules,0.76,True
wks-0007,Windows,11,4,8,True,True,[135],['Defender' 'EDR Agent' 'SSH'],['CRM Client' 'Chrome' 'Softphone' 'Teams' 'Zoom'],['IT Operations'],Local Admin,Call Center Workstation,Moderate,High,High,synthetic_hybrid,0.97,True
wks-0008,Windows,10,32,16,False,True,[ 135  445 8000],['Backup Agent' 'SSH'],['Chrome' 'Postman' 'Selenium'],['IT Operations'],Standard User,QA Test Workstation,Moderate,Moderate,Moderate,synthetic_rules,0.75,True
wks-0009,macOS,14,32,16,True,True,[ 22 631],['Defender' 'EDR Agent' 'VPN Client'],['AutoCAD' 'MATLAB' 'Office' 'SolidWorks' 'VPN Client'],['Engineering' 'QA'],Local Admin,Engineering CAD Workstation,Moderate,High,Moderate,synthetic_rules,0.76,True
wks-0010,Ubuntu Desktop,22.04,16,16,False,True,[ 22 631],['Backup Agent' 'RDP'],['Office' 'Teams' 'Workday'],['Engineering' 'SOC'],Standard User,HR Workstation,High,High,Moderate,synthetic_ml_seed,0.8,True
wks-0011,Windows,10,4,8,False,True,[ 135  139  445 3389],['Backup Agent' 'RDP' 'VPN Client'],['Chrome' 'Office' 'Teams'],['Help Desk'],Standard User,Standard User Workstation,Moderate,Moderate,Moderate,synthetic_rules,0.91,True
wks-0012,Windows,10,32,16,False,True,[ 139  445 3389],['Backup Agent' 'VPN Client'],['Office' 'Teams' 'Workday'],['Help Desk'],Local Admin,HR Workstation,High,High,Moderate,synthetic_rules,0.72,True
wks-0013,macOS,13,32,16,True,False,[22],['EDR Agent' 'VPN Client'],['AutoCAD' 'MATLAB' 'SolidWorks'],['Domain Users' 'Finance'],Standard User,Engineering CAD Workstation,Moderate,Moderate,Moderate,synthetic_rules,0.8,True
wks-0014,Ubuntu Desktop,22.04,4,32,False,True,[631],['Defender' 'EDR Agent' 'RDP' 'SSH'],['Office' 'PowerShell' 'PuTTY' 'RSAT' 'VMware Workstation'],['Engineering' 'SOC'],Privileged Admin,IT Admin Workstation,High,High,Moderate,synthetic_rules,0.91,True
wks-0015,Windows,10,4,16,False,True,[135 139],[],['Chrome' 'PowerShell' 'PuTTY' 'RSAT' 'VMware Workstation'],['Retail'],Local Admin,IT Admin Workstation,High,High,Moderate,synthetic_rules,0.93,True
wks-0016,Windows,11,16,16,False,True,[ 139  445 3389 5601],[],['Burp Suite' 'Chrome' 'Office' 'Splunk' 'Sysinternals' 'Wireshark' 'Zoom'],['Call Center' 'SOC'],Privileged Admin,SOC Analyst Workstation,High,High,Moderate,synthetic_rules,0.79,True
wks-0017,Ubuntu Desktop,22.04,4,32,False,True,[  22  631 5601],['Backup Agent' 'OneDrive Sync' 'SSH'],['Burp Suite' 'Splunk' 'Sysinternals' 'Wireshark'],['HR' 'Help Desk'],Local Admin,SOC Analyst Workstation,High,High,Moderate,synthetic_hybrid,0.94,True
wks-0018,Windows,11,4,16,True,True,[135 445],['Defender' 'EDR Agent' 'VPN Client'],['Adobe Creative Cloud' 'Blender' 'Figma' 'Office'],['Domain Users'],Power User,Graphic Design Workstation,Moderate,Moderate,Moderate,synthetic_rules,0.89,True
wks-0019,Windows,11,4,16,False,True,[135],['Backup Agent' 'EDR Agent' 'Print Spooler' 'RDP'],['PuTTY' 'RDP' 'ServiceNow' 'Teams'],['Engineering' 'Training'],Local Admin,Help Desk Workstation,Moderate,High,High,synthetic_ml_seed,0.9,True
wks-0020,Windows,11,32,64,True,True,[ 139 3389],['Defender' 'OneDrive Sync' 'SSH' 'VPN Client'],['Excel' 'Power BI Desktop' 'SAP GUI' 'VPN Client'],['SOC'],Standard User,Finance Workstation,High,High,Moderate,synthetic_rules,0.87,True
wks-0021,Windows,10,8,8,False,True,[135 445],[],['POS Client' 'Receipt Printer Driver'],['Executives'],Standard User,Point of Sale Workstation,Moderate,Moderate,High,synthetic_ml_seed,0.75,True
wks-0022,macOS,13,32,64,False,True,[ 22 631],['Backup Agent' 'EDR Agent' 'OneDrive Sync'],['Chrome' 'Firefox' 'Office' 'Teams' 'VS Code' 'Zoom'],['Finance'],Power User,Training Lab Workstation,Moderate,Moderate,Moderate,synthetic_hybrid,0.83,True
wks-0023,Windows,11,32,64,True,True,[ 135  139 3389 8000],['Defender' 'OneDrive Sync' 'RDP' 'SSH'],['Anaconda' 'Jupyter' 'PyTorch' 'Python' 'RStudio' 'TensorFlow'],['Data Scientists'],Power User,Data Science Workstation,Moderate,Moderate,Moderate,synthetic_ml_seed,0.95,True
wks-0024,Windows,10,16,16,True,True,[135 445],['EDR Agent' 'Print Spooler' 'RDP' 'VPN Client'],['Excel' 'Power BI Desktop' 'SAP GUI'],['Help Desk'],Standard User,Finance Workstation,High,High,Moderate,synthetic_hybrid,0.85,True
wks-0025,Windows,11,8,16,False,True,[ 135 8000],['Backup Agent' 'Defender' 'EDR Agent' 'RDP'],['Chrome' 'Postman' 'Selenium' 'Teams' 'VPN Client'],['SOC' 'Training'],Power User,QA Test Workstation,Moderate,Moderate,Moderate,synthetic_rules,0.88,True
wks-0026,Windows,11,4,64,False,True,[ 135  445 3389],[],['Chrome' 'Office' 'VS Code'],['Training'],Standard User,Training Lab Workstation,Moderate,Moderate,Moderate,synthetic_rules,0.81,True
wks-0027,Windows,11,16,16,False,True,[139],['Backup Agent' 'RDP'],['Firefox' 'Office' 'POS Client' 'Receipt Printer Driver' 'Zoom'],['Engineering'],Local Admin,Point of Sale Workstation,Moderate,High,High,synthetic_rules,0.83,True
wks-0028,Ubuntu Desktop,22.04,4,64,False,True,[631],['OneDrive Sync' 'RDP' 'VPN Client'],['Chrome' 'Office' 'Teams'],['Domain Users' 'IT Operations'],Power User,Standard User Workstation,Moderate,Moderate,Moderate,synthetic_ml_seed,0.87,True
wks-0029,Windows,10,8,64,False,True,[ 135  139 3389],[],['CRM Client' 'Chrome' 'Office' 'Softphone' 'Zoom'],['Finance' 'IT Operations'],Power User,Call Center Workstation,Moderate,Moderate,High,synthetic_rules,0.84,True
wks-0030,Windows,10,16,8,False,True,[135 139 445],['OneDrive Sync' 'RDP' 'SSH' 'VPN Client'],['PowerShell' 'PuTTY' 'RSAT' 'VMware Workstation'],['Executives'],Power User,IT Admin Workstation,High,High,Moderate,synthetic_hybrid,0.73,True
wks-0031,Windows,10,8,8,False,True,[ 135 8000 8888],['Backup Agent' 'OneDrive Sync' 'RDP' 'VPN Client'],['Docker Desktop' 'Firefox' 'Git' 'IntelliJ' 'Node.js' 'PyCharm' 'VS Code'],['Developers' 'SOC'],Standard User,Developer Workstation,Moderate,Moderate,Moderate,synthetic_hybrid,0.88,True
wks-0032,macOS,13,8,32,False,False,[631],['EDR Agent' 'Print Spooler' 'RDP' 'VPN Client'],['Office' 'Teams' 'Workday'],['Domain Users'],Local Admin,HR Workstation,High,High,Moderate,synthetic_rules,0.84,True
wks-0033,macOS,14,4,8,False,False,[ 22 631],['Print Spooler' 'SSH'],['Chrome' 'Firefox' 'KioskShell' 'Office' 'Zoom'],['QA' 'SOC'],Standard User,Kiosk Workstation,Moderate,Moderate,Moderate,synthetic_hybrid,0.79,True
wks-0034,Windows,11,8,8,False,True,[ 135  139  445 3389],['OneDrive Sync' 'VPN Client'],['Chrome' 'Office' 'VS Code'],['Domain Users'],Standard User,Training Lab Workstation,Moderate,Moderate,Moderate,synthetic_rules,0.99,True
wks-0035,Windows,10,8,32,False,True,[ 139 3389 5601],['EDR Agent' 'OneDrive Sync'],['Burp Suite' 'Splunk' 'Sysinternals' 'Wireshark'],['Developers'],Local Admin,SOC Analyst Workstation,High,High,Moderate,synthetic_rules,0.81,True
wks-0036,macOS,13,8,16,False,False,[22],['Print Spooler' 'RDP'],['Chrome' 'Office' 'VS Code'],['HR' 'IT Operations'],Standard User,Training Lab Workstation,Moderate,Moderate,Moderate,synthetic_ml_seed,0.82,True
wks-0037,Windows,11,16,32,False,True,[139],['Backup Agent' 'Defender' 'Print Spooler'],['Burp Suite' 'Splunk' 'Sysinternals' 'Wireshark'],['Executives' 'Training'],Local Admin,SOC Analyst Workstation,High,High,Moderate,synthetic_rules,0.73,True
wks-0038,Ubuntu Desktop,22.04,16,8,True,True,[631],['EDR Agent' 'OneDrive Sync'],['Excel' 'Firefox' 'Power BI Desktop' 'SAP GUI' 'Teams' 'Zoom'],['Data Scientists' 'IT Operations'],Local Admin,Finance Workstation,High,High,Moderate,synthetic_rules,0.78,True
wks-0039,Windows,11,32,16,False,True,[139 445],['EDR Agent' 'SSH'],['Office' 'Teams' 'Zoom'],['Developers' 'Help Desk'],Power User,Executive Workstation,High,High,Moderate,synthetic_rules,0.86,True
wks-0040,Windows,11,8,8,False,True,[445],['Print Spooler' 'RDP'],['Firefox' 'PowerShell' 'PuTTY' 'RSAT' 'Teams' 'VMware Workstation'],['Finance' 'QA'],Local Admin,IT Admin Workstation,High,High,Moderate,synthetic_rules,0.74,True
wks-0041,Windows,11,32,16,True,True,[ 135  139  445 3389],['Backup Agent' 'EDR Agent' 'SSH' 'VPN Client'],['Burp Suite' 'Splunk' 'Sysinternals' 'Wireshark'],['Domain Users'],Standard User,SOC Analyst Workstation,High,High,Moderate,synthetic_rules,0.85,True
wks-0042,Windows,10,4,32,True,True,[139],['Defender' 'Print Spooler' 'RDP' 'VPN Client'],['Chrome' 'Firefox' 'Office' 'Teams' 'Zoom'],['Data Scientists' 'Retail'],Standard User,Standard User Workstation,Moderate,Moderate,Moderate,synthetic_ml_seed,0.85,True
wks-0043,Windows,10,8,16,False,True,[445],['Print Spooler' 'RDP' 'VPN Client'],['Office' 'Teams' 'Workday'],['Executives'],Local Admin,HR Workstation,High,High,Moderate,synthetic_hybrid,0.85,True
wks-0044,Windows,10,4,16,False,True,[ 139  445 8000 8888],['Backup Agent' 'OneDrive Sync' 'Print Spooler' 'SSH'],['Docker Desktop' 'Git' 'IntelliJ' 'Node.js' 'PyCharm' 'VS Code'],['Developers' 'Engineering'],Power User,Developer Workstation,Moderate,Moderate,Moderate,synthetic_hybrid,0.77,True
wks-0045,macOS,13,16,64,False,True,[ 22 631],['Backup Agent' 'Defender' 'OneDrive Sync' 'SSH'],['Office' 'Teams' 'Workday' 'Zoom'],['Engineering'],Standard User,HR Workstation,High,High,Moderate,synthetic_rules,0.98,True
wks-0046,macOS,13,8,16,True,True,[ 22 631],['OneDrive Sync' 'SSH' 'VPN Client'],['Office' 'Teams' 'Zoom'],['Engineering' 'Retail'],Power User,Executive Workstation,High,High,Moderate,synthetic_hybrid,0.96,True
wks-0047,Windows,11,16,16,False,True,[ 135  139  445 3389],[],['CRM Client' 'Chrome' 'Softphone'],['Data Scientists'],Standard User,Call Center Workstation,Moderate,Moderate,High,synthetic_rules,0.84,True
wks-0048,Ubuntu Desktop,22.04,32,8,False,True,[ 22 631],[],['CRM Client' 'Chrome' 'Softphone' 'VPN Client' 'Zoom'],['Executives' 'HR'],Power User,Call Center Workstation,Moderate,Moderate,High,synthetic_hybrid,0.95,True
wks-0049,Ubuntu Desktop,22.04,8,16,False,True,[ 22 631],['Defender' 'EDR Agent'],['PuTTY' 'RDP' 'ServiceNow' 'Teams' 'Zoom'],['Retail'],Standard User,Help Desk Workstation,Moderate,Moderate,High,synthetic_rules,0.77,True
wks-0050,macOS,13,8,64,True,False,[ 22 631],['SSH' 'VPN Client'],['Chrome' 'Postman' 'Selenium' 'Teams' 'Zoom'],['Finance'],Standard User,QA Test Workstation,Moderate,Moderate,Moderate,synthetic_hybrid,0.81,True
wks-0051,Windows,11,32,64,True,True,[8888],['Defender' 'OneDrive Sync' 'SSH' 'VPN Client'],"['Anaconda' 'Chrome' 'Jupyter' 'PyTorch' 'Python' 'RStudio' 'Teams'
 'TensorFlow' 'Zoom']",['Engineering'],Power User,Data Science Workstation,Moderate,Moderate,Moderate,synthetic_rules,0.88,True
wks-0052,Windows,10,16,16,True,True,[ 139  445 8000 8888],['Backup Agent' 'Defender' 'OneDrive Sync' 'RDP'],['Anaconda' 'Jupyter' 'PyTorch' 'Python' 'RStudio' 'TensorFlow'],['Call Center' 'SOC'],Privileged Admin,Data Science Workstation,Moderate,High,Moderate,synthetic_hybrid,0.97,True
wks-0053,Windows,10,4,16,True,True,[ 135 3389],['Backup Agent' 'EDR Agent' 'Print Spooler'],['Adobe Creative Cloud' 'Blender' 'Figma'],['IT Operations'],Standard User,Graphic Design Workstation,Moderate,Moderate,Moderate,synthetic_rules,0.92,True
wks-0054,Windows,11,16,16,False,True,[135 445],['OneDrive Sync' 'Print Spooler' 'SSH'],['Chrome' 'Firefox' 'KioskShell' 'Office' 'Teams'],['QA'],Power User,Kiosk Workstation,Moderate,Moderate,Moderate,synthetic_rules,0.82,True
wks-0055,Windows,10,4,16,False,True,[135],['OneDrive Sync' 'SSH'],['POS Client' 'Receipt Printer Driver'],['Call Center'],Standard User,Point of Sale Workstation,Moderate,Moderate,High,synthetic_ml_seed,0.77,True
wks-0056,Windows,11,4,64,False,True,[ 135  445 3389 8000],['EDR Agent' 'Print Spooler' 'SSH' 'VPN Client'],['Chrome' 'Postman' 'Selenium' 'Teams' 'VPN Client'],['Developers'],Standard User,QA Test Workstation,Moderate,Moderate,Moderate,synthetic_ml_seed,0.92,True
wks-0057,macOS,14,4,16,False,False,[ 22 631],['Backup Agent' 'Defender' 'EDR Agent'],['CRM Client' 'Chrome' 'Softphone'],['Data Scientists'],Standard User,Call Center Workstation,Moderate,Moderate,High,synthetic_ml_seed,0.76,True
wks-0058,Windows,10,4,32,True,True,[445],['Backup Agent' 'Defender' 'Print Spooler' 'RDP'],['Chrome' 'Office' 'Teams'],['Engineering'],Standard User,Standard User Workstation,Moderate,Moderate,Moderate,synthetic_rules,0.76,True
wks-0059,Windows,11,4,32,False,True,[ 135  445 3389],['Backup Agent' 'OneDrive Sync' 'Print Spooler' 'RDP'],['Chrome' 'Office' 'Teams'],['Executives' 'Retail'],Power User,Standard User Workstation,Moderate,Moderate,Moderate,synthetic_rules,0.92,True
wks-0060,macOS,13,16,32,True,False,[ 22 631],['Defender' 'EDR Agent' 'OneDrive Sync'],['Office' 'Teams' 'Zoom'],['Retail' 'Training'],Local Admin,Executive Workstation,High,High,Moderate,synthetic_hybrid,0.71,True
wks-0061,Windows,10,16,64,False,True,[ 135  139  445 3389],['EDR Agent' 'Print Spooler' 'SSH'],['Office' 'Teams' 'VPN Client' 'Workday'],['Call Center'],Standard User,HR Workstation,High,High,Moderate,synthetic_rules,0.77,True
wks-0062,Windows,11,4,16,False,True,[ 135  139  445 3389],['Backup Agent' 'Defender' 'VPN Client'],['Chrome' 'Firefox' 'Office' 'Teams'],['Engineering'],Power User,Standard User Workstation,Moderate,Moderate,Moderate,synthetic_rules,0.9,True
wks-0063,Windows,11,8,16,True,True,[3389],['Backup Agent' 'Defender' 'EDR Agent' 'RDP'],['Chrome' 'Firefox' 'KioskShell' 'Zoom'],['Domain Users'],Standard User,Kiosk Workstation,Moderate,Moderate,Moderate,synthetic_ml_seed,0.92,True
wks-0064,Windows,10,16,32,True,True,[ 139  445 3389 5601],['Defender' 'SSH'],['Burp Suite' 'Splunk' 'Sysinternals' 'Wireshark'],['Data Scientists' 'Retail'],Privileged Admin,SOC Analyst Workstation,High,High,Moderate,synthetic_rules,0.7,True
wks-0065,macOS,13,32,16,False,True,[22],['Defender' 'OneDrive Sync' 'SSH'],['PuTTY' 'RDP' 'ServiceNow' 'Teams'],['Data Scientists'],Power User,Help Desk Workstation,Moderate,Moderate,High,synthetic_ml_seed,0.84,True
wks-0066,Windows,10,4,8,False,True,[ 139 3389],['EDR Agent' 'SSH'],['Chrome' 'Excel' 'Power BI Desktop' 'SAP GUI' 'VPN Client' 'Zoom'],['Call Center' 'IT Operations'],Local Admin,Finance Workstation,High,High,Moderate,synthetic_ml_seed,0.7,True
wks-0067,Windows,10,8,64,False,True,[3389],['Backup Agent' 'Defender' 'EDR Agent'],['Docker Desktop' 'Git' 'IntelliJ' 'Node.js' 'PyCharm' 'VS Code'],['Data Scientists' 'Developers'],Standard User,Developer Workstation,Moderate,Moderate,Moderate,synthetic_rules,0.76,True
wks-0068,Windows,11,8,8,False,True,[ 135  139  445 3389],[],['Chrome' 'Office' 'POS Client' 'Receipt Printer Driver' 'Teams'],['Developers' 'Engineering'],Power User,Point of Sale Workstation,Moderate,Moderate,High,synthetic_rules,0.95,True
wks-0069,Windows,11,8,16,True,True,[ 135 3389],[],['Anaconda' 'Jupyter' 'Office' 'PyTorch' 'Python' 'RStudio' 'TensorFlow'],['Call Center' 'Retail'],Standard User,Data Science Workstation,Moderate,Moderate,Moderate,synthetic_hybrid,0.74,True
wks-0070,Windows,11,8,8,True,True,[139 445],['SSH' 'VPN Client'],['Excel' 'Power BI Desktop' 'SAP GUI'],['Engineering'],Standard User,Finance Workstation,High,High,Moderate,synthetic_rules,0.93,True
wks-0071,Ubuntu Desktop,22.04,4,32,False,True,[22],['Defender' 'EDR Agent' 'SSH' 'VPN Client'],['CRM Client' 'Chrome' 'Softphone'],['Developers' 'Help Desk'],Standard User,Call Center Workstation,Moderate,Moderate,High,synthetic_ml_seed,0.89,True
wks-0072,Ubuntu Desktop,22.04,4,16,False,True,[  22  631 5601],['Defender' 'EDR Agent'],['Burp Suite' 'Office' 'Splunk' 'Sysinternals' 'Wireshark'],['Data Scientists'],Standard User,SOC Analyst Workstation,High,High,Moderate,synthetic_hybrid,0.87,True
wks-0073,macOS,14,32,64,False,False,[ 22 631],['Backup Agent' 'EDR Agent' 'OneDrive Sync' 'Print Spooler'],['Chrome' 'POS Client' 'Receipt Printer Driver'],['HR' 'IT Operations'],Power User,Point of Sale Workstation,Moderate,Moderate,High,synthetic_rules,0.86,True
wks-0074,Windows,11,4,64,True,True,[3389],['Backup Agent' 'Defender' 'Print Spooler' 'VPN Client'],['Office' 'Teams' 'VPN Client' 'Zoom'],['Help Desk'],Power User,Executive Workstation,High,High,Moderate,synthetic_ml_seed,0.93,True
wks-0075,macOS,13,4,16,True,False,[ 22 631],[],['AutoCAD' 'Chrome' 'MATLAB' 'SolidWorks'],['Engineering'],Local Admin,Engineering CAD Workstation,Moderate,High,Moderate,synthetic_hybrid,0.83,True
wks-0076,Windows,10,4,16,True,True,[139 445],['Backup Agent' 'Defender' 'OneDrive Sync' 'VPN Client'],['PowerShell' 'PuTTY' 'RSAT' 'VMware Workstation'],['Finance'],Standard User,IT Admin Workstation,High,High,Moderate,synthetic_hybrid,0.7,True
wks-0077,Windows,10,8,16,False,True,[ 135  139  445 3389],['Defender' 'EDR Agent' 'OneDrive Sync' 'VPN Client'],['Chrome' 'Docker Desktop' 'Git' 'IntelliJ' 'Node.js' 'PyCharm' 'VS Code'],['Developers' 'Help Desk'],Standard User,Developer Workstation,Moderate,Moderate,Moderate,synthetic_ml_seed,0.93,True
wks-0078,macOS,13,8,16,True,False,[ 22 631],['Defender' 'RDP' 'SSH' 'VPN Client'],['AutoCAD' 'MATLAB' 'SolidWorks'],['HR' 'IT Operations'],Standard User,Engineering CAD Workstation,Moderate,Moderate,Moderate,synthetic_rules,0.71,True
wks-0079,Windows,10,16,64,False,True,[ 139 3389],['Backup Agent' 'Print Spooler'],['Docker Desktop' 'Git' 'IntelliJ' 'Node.js' 'PyCharm' 'VS Code' 'Zoom'],['Developers' 'Executives'],Power User,Developer Workstation,Moderate,Moderate,Moderate,synthetic_rules,0.89,True
wks-0080,Windows,11,4,64,False,True,[135 139 445],['Backup Agent' 'Defender' 'EDR Agent' 'VPN Client'],['Chrome' 'KioskShell' 'Office'],['Domain Users' 'Help Desk'],Standard User,Kiosk Workstation,Moderate,Moderate,Moderate,synthetic_rules,0.82,True
wks-0081,Windows,10,8,32,False,True,[ 135 3389],['RDP' 'SSH'],['PuTTY' 'RDP' 'ServiceNow' 'Teams'],['Training'],Local Admin,Help Desk Workstation,Moderate,High,High,synthetic_hybrid,0.99,True
wks-0082,Windows,11,4,16,True,True,[ 135  445 3389 8000],[],['Anaconda' 'Jupyter' 'PyTorch' 'Python' 'RStudio' 'TensorFlow' 'Zoom'],['Developers' 'SOC'],Standard User,Data Science Workstation,Moderate,Moderate,Moderate,synthetic_ml_seed,0.92,True
wks-0083,macOS,14,8,16,False,True,[631],[],['Chrome' 'Firefox' 'PowerShell' 'PuTTY' 'RSAT' 'VMware Workstation'],['Retail'],Standard User,IT Admin Workstation,High,High,Moderate,synthetic_ml_seed,0.74,True
wks-0084,Windows,10,32,16,False,True,[ 135  445 3389],['Defender' 'EDR Agent' 'OneDrive Sync'],['Firefox' 'PowerShell' 'PuTTY' 'RSAT' 'VMware Workstation'],['HR'],Local Admin,IT Admin Workstation,High,High,Moderate,synthetic_rules,0.7,True
wks-0085,Windows,10,16,16,False,True,[135],['EDR Agent' 'OneDrive Sync' 'RDP' 'VPN Client'],['Docker Desktop' 'Git' 'IntelliJ' 'Node.js' 'PyCharm' 'VS Code'],['Developers' 'Executives'],Power User,Developer Workstation,Moderate,Moderate,Moderate,synthetic_rules,0.7,True
wks-0086,macOS,14,4,32,False,False,[ 22 631],['Defender' 'EDR Agent' 'SSH' 'VPN Client'],['PuTTY' 'RDP' 'ServiceNow' 'Teams'],['Finance' 'Help Desk'],Power User,Help Desk Workstation,Moderate,Moderate,High,synthetic_hybrid,0.79,True
wks-0087,macOS,13,16,8,False,True,[ 22 631],['EDR Agent' 'RDP'],['Chrome' 'POS Client' 'Receipt Printer Driver' 'Teams'],['Data Scientists' 'SOC'],Standard User,Point of Sale Workstation,Moderate,Moderate,High,synthetic_rules,0.8,True
wks-0088,Ubuntu Desktop,22.04,8,16,True,True,[ 22 631],['OneDrive Sync' 'SSH' 'VPN Client'],['Adobe Creative Cloud' 'Blender' 'Figma'],['Call Center'],Standard User,Graphic Design Workstation,Moderate,Moderate,Moderate,synthetic_rules,0.72,True
wks-0089,macOS,13,16,32,False,False,[ 22 631],[],['CRM Client' 'Chrome' 'Softphone'],['QA'],Standard User,Call Center Workstation,Moderate,Moderate,High,synthetic_rules,0.7,True
wks-0090,Windows,11,16,16,False,True,[ 135  139  445 8000],['Defender' 'Print Spooler' 'VPN Client'],"['Docker Desktop' 'Git' 'IntelliJ' 'Node.js' 'PyCharm' 'Teams'
 'VPN Client' 'VS Code']",['Developers'],Local Admin,Developer Workstation,Moderate,High,Moderate,synthetic_rules,0.8,True
wks-0091,macOS,13,8,16,False,False,[22],[],['Chrome' 'Office' 'VS Code'],['HR' 'Retail'],Power User,Training Lab Workstation,Moderate,Moderate,Moderate,synthetic_ml_seed,0.72,True
wks-0092,Windows,10,8,16,True,True,[139],['EDR Agent' 'OneDrive Sync'],['Adobe Creative Cloud' 'Blender' 'Figma' 'VPN Client' 'Zoom'],['Call Center' 'SOC'],Power User,Graphic Design Workstation,Moderate,Moderate,Moderate,synthetic_hybrid,0.93,True
wks-0093,Windows,11,8,64,True,True,[3389],['OneDrive Sync' 'SSH'],['Anaconda' 'Chrome' 'Jupyter' 'PyTorch' 'Python' 'RStudio' 'TensorFlow'],['Developers'],Standard User,Data Science Workstation,Moderate,Moderate,Moderate,synthetic_rules,0.98,True
wks-0094,Windows,10,8,8,False,True,[135 139],['Defender' 'RDP' 'VPN Client'],['Chrome' 'KioskShell'],['Domain Users' 'Finance'],Power User,Kiosk Workstation,Moderate,Moderate,Moderate,synthetic_ml_seed,0.73,True
wks-0095,Windows,10,4,8,False,True,[135 445],['Backup Agent' 'Defender' 'OneDrive Sync' 'VPN Client'],['Firefox' 'POS Client' 'Receipt Printer Driver'],['Developers' 'IT Operations'],Standard User,Point of Sale Workstation,Moderate,Moderate,High,synthetic_rules,0.94,True
wks-0096,Ubuntu Desktop,22.04,8,64,False,True,[8888],[],['Chrome' 'Postman' 'Selenium' 'VPN Client' 'Zoom'],['Training'],Power User,QA Test Workstation,Moderate,Moderate,Moderate,synthetic_ml_seed,0.73,True
wks-0097,macOS,13,8,16,False,False,[22],[],['Burp Suite' 'Firefox' 'Splunk' 'Sysinternals' 'Wireshark' 'Zoom'],['Domain Users'],Power User,SOC Analyst Workstation,High,High,Moderate,synthetic_ml_seed,0.75,True
wks-0098,Windows,11,4,32,False,True,[139],['Defender' 'EDR Agent' 'Print Spooler'],['CRM Client' 'Chrome' 'Softphone' 'Teams' 'Zoom'],['Data Scientists'],Standard User,Call Center Workstation,Moderate,Moderate,High,synthetic_hybrid,0.91,True
wks-0099,Windows,10,4,64,False,True,[ 135  139 3389],[],['Chrome' 'POS Client' 'Receipt Printer Driver'],['Retail'],Standard User,Point of Sale Workstation,Moderate,Moderate,High,synthetic_rules,0.7,True
wks-0100,Ubuntu Desktop,22.04,16,8,True,True,[ 22 631],['Backup Agent' 'Print Spooler'],['Chrome' 'KioskShell'],['Call Center'],Standard User,Kiosk Workstation,Moderate,Moderate,Moderate,synthetic_rules,0.88,True
wks-0101,Ubuntu Desktop,22.04,32,32,False,True,[  22  631 8000 8888],['Defender' 'Print Spooler' 'SSH'],['Docker Desktop' 'Git' 'IntelliJ' 'Node.js' 'PyCharm' 'VS Code'],['Developers' 'Finance'],Standard User,Developer Workstation,Moderate,Moderate,Moderate,synthetic_ml_seed,0.99,True
wks-0102,Windows,11,4,8,False,True,[3389],[],['Chrome' 'KioskShell'],['Developers' 'Domain Users'],Local Admin,Kiosk Workstation,Moderate,High,Moderate,synthetic_ml_seed,0.7,True
wks-0103,Windows,10,32,64,False,True,[135 445],['Backup Agent' 'EDR Agent' 'OneDrive Sync' 'RDP'],['Office' 'Teams' 'Workday' 'Zoom'],['Finance'],Standard User,HR Workstation,High,High,Moderate,synthetic_rules,0.79,True
wks-0104,Ubuntu Desktop,22.04,4,8,True,True,[ 22 631],['EDR Agent' 'OneDrive Sync' 'Print Spooler'],['Adobe Creative Cloud' 'Blender' 'Figma'],['HR' 'Training'],Power User,Graphic Design Workstation,Moderate,Moderate,Moderate,synthetic_rules,0.95,True
wks-0105,Windows,10,16,16,False,True,[135],['EDR Agent' 'OneDrive Sync'],['Office' 'Teams' 'Zoom'],['IT Operations'],Local Admin,Executive Workstation,High,High,Moderate,synthetic_ml_seed,0.95,True
wks-0106,macOS,13,8,16,False,True,[22],['Backup Agent' 'Print Spooler'],['Chrome' 'Firefox' 'Office' 'VS Code'],['Engineering'],Standard User,Training Lab Workstation,Moderate,Moderate,Moderate,synthetic_rules,0.88,True
wks-0107,Windows,11,8,16,False,True,[8888],[],['Chrome' 'Postman' 'Selenium' 'VPN Client'],['Data Scientists' 'Domain Users'],Standard User,QA Test Workstation,Moderate,Moderate,Moderate,synthetic_rules,0.79,True
wks-0108,Ubuntu Desktop,22.04,8,16,False,True,[ 22 631],['Backup Agent' 'Defender'],['Chrome' 'Office' 'VS Code'],['Developers' 'Executives'],Local Admin,Training Lab Workstation,Moderate,High,Moderate,synthetic_rules,0.78,True
wks-0109,Windows,11,4,32,False,True,[139],['Backup Agent' 'EDR Agent' 'RDP'],['Chrome' 'Postman' 'Selenium' 'Teams'],['Call Center' 'Developers'],Power User,QA Test Workstation,Moderate,Moderate,Moderate,synthetic_hybrid,0.86,True
wks-0110,Ubuntu Desktop,22.04,16,16,False,True,[ 22 631],[],"['Chrome' 'Office' 'PowerShell' 'PuTTY' 'RSAT' 'Teams'
 'VMware Workstation']",['HR' 'Help Desk'],Local Admin,IT Admin Workstation,High,High,Moderate,synthetic_rules,0.84,True
wks-0111,Windows,11,4,16,False,True,[ 139 3389],['RDP' 'SSH'],['POS Client' 'Receipt Printer Driver' 'Teams' 'VPN Client' 'Zoom'],['Help Desk'],Standard User,Point of Sale Workstation,Moderate,Moderate,High,synthetic_hybrid,0.92,True
wks-0112,Ubuntu Desktop,22.04,16,32,False,True,[22],['EDR Agent' 'OneDrive Sync' 'SSH'],['Chrome' 'Office' 'Teams' 'Zoom'],['IT Operations'],Standard User,Standard User Workstation,Moderate,Moderate,Moderate,synthetic_rules,0.83,True
wks-0113,macOS,14,8,32,True,False,[8000],['Defender' 'OneDrive Sync' 'Print Spooler' 'SSH'],['Anaconda' 'Jupyter' 'PyTorch' 'Python' 'RStudio' 'TensorFlow'],['IT Operations' 'Training'],Standard User,Data Science Workstation,Moderate,Moderate,Moderate,synthetic_rules,0.78,True
wks-0114,Windows,11,32,8,False,True,[ 135  139 3389],['Print Spooler' 'SSH' 'VPN Client'],['Excel' 'Power BI Desktop' 'SAP GUI' 'VPN Client'],['Data Scientists'],Standard User,Finance Workstation,High,High,Moderate,synthetic_hybrid,0.74,True
wks-0115,Windows,10,8,16,False,True,[ 135  139 3389 8000],['Defender' 'OneDrive Sync'],['Chrome' 'Office' 'Postman' 'Selenium' 'Zoom'],['HR' 'SOC'],Local Admin,QA Test Workstation,Moderate,High,Moderate,synthetic_rules,0.87,True
wks-0116,Windows,10,4,32,False,True,[139],['Defender' 'VPN Client'],['Office' 'Teams' 'Zoom'],['Engineering' 'Retail'],Standard User,Executive Workstation,High,High,Moderate,synthetic_ml_seed,0.73,True
wks-0117,Windows,10,8,8,True,True,[135],['OneDrive Sync' 'Print Spooler'],['PuTTY' 'RDP' 'ServiceNow' 'Teams'],['Finance' 'IT Operations'],Standard User,Help Desk Workstation,Moderate,Moderate,High,synthetic_hybrid,0.71,True
wks-0118,Windows,11,4,16,False,True,[ 135  139  445 3389],['Backup Agent' 'EDR Agent'],['Firefox' 'PowerShell' 'PuTTY' 'RSAT' 'Teams' 'VMware Workstation'],['SOC'],Local Admin,IT Admin Workstation,High,High,Moderate,synthetic_rules,0.88,True
wks-0119,Ubuntu Desktop,22.04,8,16,True,True,[  22 8000 8888],['Print Spooler' 'VPN Client'],['Docker Desktop' 'Git' 'IntelliJ' 'Node.js' 'PyCharm' 'VS Code'],['Data Scientists' 'Developers' 'SOC'],Local Admin,Developer Workstation,Moderate,High,Moderate,synthetic_hybrid,0.75,True
wks-0120,macOS,13,32,8,True,True,[ 22 631],[],['Adobe Creative Cloud' 'Blender' 'Figma'],['Help Desk' 'QA'],Standard User,Graphic Design Workstation,Moderate,Moderate,Moderate,synthetic_rules,0.75,True
wks-0121,macOS,13,8,16,False,False,[ 22 631],['OneDrive Sync' 'VPN Client'],['CRM Client' 'Chrome' 'Softphone'],['IT Operations' 'Training'],Power User,Call Center Workstation,Moderate,Moderate,High,synthetic_hybrid,0.94,True
wks-0122,macOS,13,4,64,True,False,[22],['OneDrive Sync' 'VPN Client'],['Chrome' 'Firefox' 'Office' 'VS Code'],['HR'],Standard User,Training Lab Workstation,Moderate,Moderate,Moderate,synthetic_rules,0.88,True
wks-0123,Windows,11,4,16,False,True,[ 139 8888],['Print Spooler' 'VPN Client'],['Docker Desktop' 'Git' 'IntelliJ' 'Node.js' 'Office' 'PyCharm' 'VS Code'],['Developers' 'Domain Users' 'Executives'],Standard User,Developer Workstation,Moderate,Moderate,Moderate,synthetic_rules,0.98,True
wks-0124,macOS,14,32,8,False,False,[ 22 631],['EDR Agent' 'Print Spooler'],['Office' 'Teams' 'Zoom'],['Engineering'],Standard User,Executive Workstation,High,High,Moderate,synthetic_rules,0.7,True
wks-0125,Windows,10,16,16,True,True,[ 135  445 3389],[],['Chrome' 'Office' 'Teams' 'Zoom'],['Call Center' 'Engineering'],Power User,Standard User Workstation,Moderate,Moderate,Moderate,synthetic_ml_seed,0.74,True
wks-0126,Windows,10,8,32,False,True,[ 139  445 3389 8000],['EDR Agent' 'OneDrive Sync'],"['Chrome' 'Docker Desktop' 'Git' 'IntelliJ' 'Node.js' 'PyCharm'
 'VPN Client' 'VS Code']",['Developers' 'IT Operations'],Standard User,Developer Workstation,Moderate,Moderate,Moderate,synthetic_rules,0.95,True
wks-0127,Windows,11,8,8,True,True,[135 139],['EDR Agent' 'OneDrive Sync' 'Print Spooler' 'VPN Client'],['Adobe Creative Cloud' 'Blender' 'Figma' 'VPN Client'],['HR' 'Help Desk'],Standard User,Graphic Design Workstation,Moderate,Moderate,Moderate,synthetic_rules,0.98,True
wks-0128,Ubuntu Desktop,22.04,8,8,True,True,[ 22 631],['OneDrive Sync' 'RDP' 'SSH' 'VPN Client'],['AutoCAD' 'MATLAB' 'SolidWorks'],['Call Center' 'Data Scientists'],Local Admin,Engineering CAD Workstation,Moderate,High,Moderate,synthetic_rules,0.76,True
wks-0129,Ubuntu Desktop,22.04,32,16,False,True,[ 22 631],['Defender' 'VPN Client'],['Excel' 'Office' 'Power BI Desktop' 'SAP GUI'],['QA'],Standard User,Finance Workstation,High,High,Moderate,synthetic_hybrid,0.86,True
wks-0130,Windows,11,32,16,False,True,[ 445 3389],['Defender' 'VPN Client'],['CRM Client' 'Chrome' 'Softphone' 'VPN Client'],['QA' 'Retail'],Power User,Call Center Workstation,Moderate,Moderate,High,synthetic_ml_seed,0.92,True
wks-0131,Windows,11,4,16,True,True,[ 135  139  445 3389],['EDR Agent' 'OneDrive Sync' 'Print Spooler' 'SSH'],['Adobe Creative Cloud' 'Blender' 'Chrome' 'Figma' 'Office' 'Teams'],['Call Center' 'Engineering'],Power User,Graphic Design Workstation,Moderate,Moderate,Moderate,synthetic_hybrid,0.75,True
wks-0132,Windows,11,8,8,False,True,[ 135  445 3389],[],['PowerShell' 'PuTTY' 'RSAT' 'Teams' 'VMware Workstation' 'VPN Client'],['Data Scientists' 'Help Desk'],Privileged Admin,IT Admin Workstation,High,High,Moderate,synthetic_hybrid,0.7,True
wks-0133,Windows,11,16,16,False,True,[ 445 3389],['Backup Agent' 'EDR Agent' 'OneDrive Sync' 'RDP'],['Chrome' 'PuTTY' 'RDP' 'ServiceNow' 'Teams' 'VPN Client'],['Executives'],Standard User,Help Desk Workstation,Moderate,Moderate,High,synthetic_hybrid,0.91,True
wks-0134,Windows,10,8,32,False,True,[ 135  139  445 3389],['OneDrive Sync' 'VPN Client'],['Chrome' 'Office' 'POS Client' 'Receipt Printer Driver'],['Engineering'],Local Admin,Point of Sale Workstation,Moderate,High,High,synthetic_rules,0.7,True
wks-0135,Windows,11,8,8,True,True,[ 135  139  445 3389],[],['Chrome' 'Firefox' 'Office' 'VS Code'],['IT Operations'],Local Admin,Training Lab Workstation,Moderate,High,Moderate,synthetic_hybrid,0.9,True
wks-0136,Windows,10,4,8,False,True,[8000],['OneDrive Sync' 'Print Spooler' 'RDP'],['Docker Desktop' 'Git' 'IntelliJ' 'Node.js' 'Office' 'PyCharm' 'VS Code'],['Call Center' 'Developers'],Standard User,Developer Workstation,Moderate,Moderate,Moderate,synthetic_hybrid,0.77,True
wks-0137,macOS,13,8,8,False,True,[ 22 631],['EDR Agent' 'OneDrive Sync' 'SSH'],['POS Client' 'Receipt Printer Driver' 'Teams'],['Call Center' 'Data Scientists'],Power User,Point of Sale Workstation,Moderate,Moderate,High,synthetic_rules,0.76,True
wks-0138,Windows,10,4,32,False,True,[ 135  139 3389],[],['Chrome' 'KioskShell'],['QA'],Power User,Kiosk Workstation,Moderate,Moderate,Moderate,synthetic_rules,0.97,True
wks-0139,Ubuntu Desktop,22.04,32,64,False,True,[631],['EDR Agent' 'Print Spooler'],['Chrome' 'Firefox' 'Office' 'Teams' 'Workday'],['Data Scientists' 'IT Operations'],Standard User,HR Workstation,High,High,Moderate,synthetic_ml_seed,0.98,True
wks-0140,Windows,11,8,8,False,True,[ 445 3389],['Defender' 'OneDrive Sync' 'Print Spooler' 'VPN Client'],['POS Client' 'Receipt Printer Driver'],['Call Center' 'Executives'],Standard User,Point of Sale Workstation,Moderate,Moderate,High,synthetic_rules,0.87,True
wks-0141,Windows,10,8,64,False,True,[ 139 3389],['Backup Agent' 'VPN Client'],['CRM Client' 'Chrome' 'Office' 'Softphone' 'VPN Client'],['Developers' 'Retail'],Standard User,Call Center Workstation,Moderate,Moderate,High,synthetic_ml_seed,0.77,True
wks-0142,Windows,10,4,64,False,True,[ 135  445 3389],['Backup Agent' 'EDR Agent' 'SSH'],['PuTTY' 'RDP' 'ServiceNow' 'Teams'],['HR'],Local Admin,Help Desk Workstation,Moderate,High,High,synthetic_ml_seed,0.75,True
wks-0143,Windows,11,8,8,False,True,[445],['Backup Agent' 'Print Spooler' 'SSH'],['Office' 'Teams' 'Workday'],['Developers'],Power User,HR Workstation,High,High,Moderate,synthetic_rules,0.78,True
wks-0144,Windows,10,4,8,False,True,[ 445 3389],['Defender' 'OneDrive Sync' 'Print Spooler' 'VPN Client'],['Office' 'Teams' 'Zoom'],['Developers' 'Training'],Power User,Executive Workstation,High,High,Moderate,synthetic_rules,0.84,True
wks-0145,Windows,10,8,32,True,True,[ 135  139  445 3389],[],['Firefox' 'PuTTY' 'RDP' 'ServiceNow' 'Teams'],['Executives'],Standard User,Help Desk Workstation,Moderate,Moderate,High,synthetic_ml_seed,0.98,True
wks-0146,Windows,11,32,64,True,True,[135],['Defender' 'RDP' 'VPN Client'],"['Anaconda' 'Chrome' 'Jupyter' 'Office' 'PyTorch' 'Python' 'RStudio'
 'TensorFlow' 'VPN Client']",['QA' 'SOC'],Local Admin,Data Science Workstation,Moderate,High,Moderate,synthetic_rules,0.79,True
wks-0147,Windows,11,8,8,False,True,[139],['Backup Agent' 'Print Spooler' 'RDP'],['Chrome' 'Office' 'Teams' 'Zoom'],['IT Operations' 'QA'],Local Admin,Executive Workstation,High,High,Moderate,synthetic_rules,0.76,True
wks-0148,macOS,13,4,64,False,True,[631],['Defender' 'OneDrive Sync' 'RDP'],['Chrome' 'Office' 'Teams'],['QA' 'SOC'],Standard User,Standard User Workstation,Moderate,Moderate,Moderate,synthetic_ml_seed,0.8,True
wks-0149,Windows,11,16,8,False,True,[ 135 3389],['Backup Agent' 'Print Spooler'],['Office' 'Teams' 'VPN Client' 'Workday'],['Call Center'],Standard User,HR Workstation,High,High,Moderate,synthetic_ml_seed,0.79,True
wks-0150,Windows,10,8,8,True,True,[ 135  445 3389],['Backup Agent' 'Defender' 'Print Spooler'],['AutoCAD' 'Chrome' 'MATLAB' 'SolidWorks'],['Help Desk'],Standard User,Engineering CAD Workstation,Moderate,Moderate,Moderate,synthetic_hybrid,0.88,True
wks-0151,Windows,11,16,64,False,True,[139],['Backup Agent' 'Print Spooler' 'SSH' 'VPN Client'],['Chrome' 'Office' 'Teams'],['Retail'],Local Admin,Standard User Workstation,Moderate,High,Moderate,synthetic_hybrid,0.84,True
wks-0152,Windows,11,4,64,True,True,[ 135  445 8000 8888],['Defender' 'EDR Agent' 'VPN Client'],['Anaconda' 'Jupyter' 'PyTorch' 'Python' 'RStudio' 'TensorFlow'],['Developers'],Local Admin,Data Science Workstation,Moderate,High,Moderate,synthetic_ml_seed,0.77,True
wks-0153,Windows,10,4,8,False,True,[ 135  139  445 3389],['Backup Agent' 'Defender' 'EDR Agent'],"['Firefox' 'Office' 'PowerShell' 'PuTTY' 'RSAT' 'VMware Workstation'
 'Zoom']",['SOC'],Privileged Admin,IT Admin Workstation,High,High,Moderate,synthetic_hybrid,0.93,True
wks-0154,Windows,11,4,16,False,True,[3389],['OneDrive Sync' 'Print Spooler'],['PuTTY' 'RDP' 'ServiceNow' 'Teams'],['HR' 'QA'],Standard User,Help Desk Workstation,Moderate,Moderate,High,synthetic_ml_seed,0.91,True
wks-0155,Windows,10,16,8,True,True,[3389],['OneDrive Sync' 'SSH' 'VPN Client'],['Adobe Creative Cloud' 'Blender' 'Chrome' 'Figma' 'Firefox'],['Domain Users' 'Retail'],Power User,Graphic Design Workstation,Moderate,Moderate,Moderate,synthetic_rules,0.71,True
wks-0156,Windows,11,8,8,True,True,[135 445],['EDR Agent' 'Print Spooler'],['AutoCAD' 'MATLAB' 'SolidWorks' 'Zoom'],['Engineering'],Standard User,Engineering CAD Workstation,Moderate,Moderate,Moderate,synthetic_hybrid,0.87,True
wks-0157,Windows,11,8,64,False,True,[135],['EDR Agent' 'Print Spooler' 'RDP' 'SSH'],['Excel' 'Power BI Desktop' 'SAP GUI'],['Developers'],Local Admin,Finance Workstation,High,High,Moderate,synthetic_rules,0.7,True
wks-0158,macOS,14,32,64,False,True,[22],['Defender' 'EDR Agent' 'OneDrive Sync'],['Chrome' 'Firefox' 'Office' 'VPN Client' 'VS Code'],['IT Operations'],Power User,Training Lab Workstation,Moderate,Moderate,Moderate,synthetic_rules,0.94,True
wks-0159,macOS,14,32,16,False,True,[ 22 631],['Backup Agent' 'Defender' 'EDR Agent' 'OneDrive Sync'],['Excel' 'Firefox' 'Office' 'Power BI Desktop' 'SAP GUI' 'VPN Client'],['QA'],Standard User,Finance Workstation,High,High,Moderate,synthetic_hybrid,0.76,True
wks-0160,Windows,11,4,16,False,True,[ 135 3389],['Backup Agent' 'Print Spooler' 'SSH'],['Chrome' 'Office' 'Teams' 'VPN Client' 'VS Code'],['Retail'],Power User,Training Lab Workstation,Moderate,Moderate,Moderate,synthetic_rules,0.82,True
wks-0161,Windows,10,4,16,False,True,[ 135  139  445 3389],['Defender' 'EDR Agent' 'Print Spooler'],['PowerShell' 'PuTTY' 'RSAT' 'VMware Workstation'],['Call Center' 'SOC'],Local Admin,IT Admin Workstation,High,High,Moderate,synthetic_ml_seed,0.73,True
wks-0162,macOS,13,8,16,False,True,[ 22 631],[],['Chrome' 'KioskShell'],['Help Desk'],Power User,Kiosk Workstation,Moderate,Moderate,Moderate,synthetic_rules,0.82,True
wks-0163,Windows,11,16,32,False,True,[139],['Backup Agent' 'OneDrive Sync' 'SSH'],['CRM Client' 'Chrome' 'Softphone'],['Training'],Power User,Call Center Workstation,Moderate,Moderate,High,synthetic_rules,0.78,True
wks-0164,Windows,11,4,32,False,True,[135 139],['Backup Agent' 'RDP'],['Excel' 'Firefox' 'Power BI Desktop' 'SAP GUI'],['Engineering' 'Help Desk'],Standard User,Finance Workstation,High,High,Moderate,synthetic_hybrid,0.99,True
wks-0165,Windows,11,32,64,True,True,[ 139 3389],['Backup Agent' 'OneDrive Sync' 'Print Spooler' 'RDP'],['AutoCAD' 'Firefox' 'MATLAB' 'SolidWorks' 'Teams' 'VPN Client'],['Help Desk' 'Retail'],Power User,Engineering CAD Workstation,Moderate,Moderate,Moderate,synthetic_rules,0.73,True
wks-0166,Windows,10,16,16,False,True,[135 139],['Defender' 'OneDrive Sync' 'Print Spooler' 'RDP'],['Office' 'Teams' 'Zoom'],['Domain Users'],Standard User,Executive Workstation,High,High,Moderate,synthetic_rules,0.72,True
wks-0167,Windows,10,8,32,True,True,[445],['Defender' 'OneDrive Sync' 'Print Spooler' 'VPN Client'],['Burp Suite' 'Splunk' 'Sysinternals' 'Wireshark'],['Finance'],Power User,SOC Analyst Workstation,High,High,Moderate,synthetic_rules,0.7,True
wks-0168,Windows,11,8,16,False,True,[ 135  139  445 3389],[],['Office' 'Teams' 'VPN Client' 'Workday'],['HR'],Power User,HR Workstation,High,High,Moderate,synthetic_hybrid,0.8,True
wks-0169,Windows,10,8,16,True,True,[3389],[],['AutoCAD' 'MATLAB' 'SolidWorks' 'Zoom'],['Engineering' 'SOC'],Standard User,Engineering CAD Workstation,Moderate,Moderate,Moderate,synthetic_rules,0.99,True
wks-0170,Windows,11,8,64,True,True,[135],['Defender' 'Print Spooler' 'SSH'],"['Chrome' 'Docker Desktop' 'Git' 'IntelliJ' 'Node.js' 'PyCharm' 'Teams'
 'VS Code']",['Developers' 'Engineering' 'Executives'],Local Admin,Developer Workstation,Moderate,High,Moderate,synthetic_hybrid,0.74,True
wks-0171,macOS,13,8,16,True,True,[22],['OneDrive Sync' 'Print Spooler' 'SSH'],['Burp Suite' 'Splunk' 'Sysinternals' 'Teams' 'Wireshark'],['Finance' 'IT Operations'],Privileged Admin,SOC Analyst Workstation,High,High,Moderate,synthetic_ml_seed,0.72,True
wks-0172,macOS,14,4,32,True,False,[  22 8888],['Backup Agent' 'EDR Agent' 'OneDrive Sync' 'RDP'],['Chrome' 'Postman' 'Selenium' 'Teams'],['Finance'],Standard User,QA Test Workstation,Moderate,Moderate,Moderate,synthetic_rules,0.75,True
wks-0173,macOS,13,8,64,False,False,[ 22 631],['Backup Agent' 'EDR Agent' 'OneDrive Sync' 'SSH'],['Burp Suite' 'Chrome' 'Splunk' 'Sysinternals' 'Wireshark'],['Executives' 'Help Desk'],Standard User,SOC Analyst Workstation,High,High,Moderate,synthetic_rules,0.94,True
wks-0174,Ubuntu Desktop,22.04,32,64,True,True,[  22  631 8888],[],"['Anaconda' 'Chrome' 'Jupyter' 'Office' 'PyTorch' 'Python' 'RStudio'
 'TensorFlow' 'Zoom']",['Executives' 'Help Desk'],Power User,Data Science Workstation,Moderate,Moderate,Moderate,synthetic_rules,0.78,True
wks-0175,Windows,11,8,64,True,True,[ 135 8000 8888],['RDP' 'SSH' 'VPN Client'],['Docker Desktop' 'Git' 'IntelliJ' 'Node.js' 'PyCharm' 'VS Code'],['Developers' 'Executives' 'QA'],Standard User,Developer Workstation,Moderate,Moderate,Moderate,synthetic_rules,0.91,True
wks-0176,macOS,14,8,32,True,True,[ 22 631],[],['Adobe Creative Cloud' 'Blender' 'Figma'],['Executives' 'HR'],Standard User,Graphic Design Workstation,Moderate,Moderate,Moderate,synthetic_rules,0.78,True
wks-0177,macOS,14,32,64,True,True,[22],['OneDrive Sync' 'SSH' 'VPN Client'],['Chrome' 'Office' 'Teams'],['SOC'],Standard User,Standard User Workstation,Moderate,Moderate,Moderate,synthetic_rules,0.96,True
wks-0178,Windows,11,32,8,False,True,[139],['Defender' 'SSH'],['POS Client' 'Receipt Printer Driver'],['HR' 'Training'],Standard User,Point of Sale Workstation,Moderate,Moderate,High,synthetic_rules,0.89,True
wks-0179,macOS,13,8,32,True,True,[631],['Defender' 'OneDrive Sync'],['Office' 'Teams' 'Workday'],['Domain Users' 'IT Operations'],Power User,HR Workstation,High,High,Moderate,synthetic_ml_seed,0.89,True
wks-0180,macOS,14,4,8,False,False,[8000],[],['Chrome' 'Postman' 'Selenium' 'VPN Client'],['Retail'],Standard User,QA Test Workstation,Moderate,Moderate,Moderate,synthetic_rules,0.73,True
wks-0181,Windows,10,8,64,True,True,[445],['EDR Agent' 'Print Spooler' 'SSH'],['Adobe Creative Cloud' 'Blender' 'Chrome' 'Figma' 'Teams' 'VPN Client'],['IT Operations' 'Retail'],Standard User,Graphic Design Workstation,Moderate,Moderate,Moderate,synthetic_ml_seed,0.75,True
wks-0182,Windows,10,8,8,True,True,[ 135  139  445 3389],['Defender' 'EDR Agent' 'OneDrive Sync' 'RDP'],['AutoCAD' 'MATLAB' 'SolidWorks'],['Developers'],Standard User,Engineering CAD Workstation,Moderate,Moderate,Moderate,synthetic_rules,0.72,True
wks-0183,Windows,11,8,16,False,True,[ 135  139 3389 5601],[],['Burp Suite' 'Splunk' 'Sysinternals' 'VPN Client' 'Wireshark' 'Zoom'],['Domain Users' 'Executives'],Standard User,SOC Analyst Workstation,High,High,Moderate,synthetic_rules,0.7,True
wks-0184,Ubuntu Desktop,22.04,16,16,True,True,[22],['Backup Agent' 'Defender' 'EDR Agent' 'Print Spooler'],['AutoCAD' 'MATLAB' 'Office' 'SolidWorks'],['Help Desk'],Standard User,Engineering CAD Workstation,Moderate,Moderate,Moderate,synthetic_rules,0.82,True
wks-0185,Windows,10,8,8,True,True,[3389],['Defender' 'EDR Agent'],['POS Client' 'Receipt Printer Driver'],['Engineering'],Local Admin,Point of Sale Workstation,Moderate,High,High,synthetic_rules,0.75,True
wks-0186,macOS,13,4,16,False,True,[  22 8000 8888],['Print Spooler' 'RDP' 'SSH'],['Docker Desktop' 'Git' 'IntelliJ' 'Node.js' 'PyCharm' 'VS Code'],['Developers' 'Finance'],Standard User,Developer Workstation,Moderate,Moderate,Moderate,synthetic_ml_seed,0.96,True
wks-0187,macOS,14,16,64,False,True,[ 22 631],[],['Excel' 'Power BI Desktop' 'SAP GUI'],['HR' 'Retail'],Standard User,Finance Workstation,High,High,Moderate,synthetic_hybrid,0.88,True
wks-0188,Windows,10,16,64,True,True,[135 139 445],['Defender' 'SSH'],['AutoCAD' 'MATLAB' 'SolidWorks' 'Teams' 'VPN Client' 'Zoom'],['Executives' 'QA'],Standard User,Engineering CAD Workstation,Moderate,Moderate,Moderate,synthetic_ml_seed,0.79,True
wks-0189,Ubuntu Desktop,22.04,16,16,True,True,[ 631 5601],['Defender' 'EDR Agent' 'OneDrive Sync' 'Print Spooler'],['Burp Suite' 'Splunk' 'Sysinternals' 'Wireshark'],['Developers' 'Retail'],Local Admin,SOC Analyst Workstation,High,High,Moderate,synthetic_rules,0.74,True
wks-0190,Windows,11,32,16,False,True,[ 135  139 3389 5601],['RDP' 'SSH'],['Burp Suite' 'Office' 'Splunk' 'Sysinternals' 'Wireshark'],['QA'],Privileged Admin,SOC Analyst Workstation,High,High,Moderate,synthetic_rules,0.84,True
wks-0191,Windows,11,4,32,False,True,[445],['Backup Agent' 'Defender' 'RDP'],['Office' 'Teams' 'Zoom'],['Developers' 'Finance'],Power User,Executive Workstation,High,High,Moderate,synthetic_rules,0.8,True
wks-0192,Windows,11,8,16,False,True,[ 135  139 3389],['EDR Agent' 'OneDrive Sync'],['Burp Suite' 'Splunk' 'Sysinternals' 'Wireshark'],['Help Desk' 'Training'],Standard User,SOC Analyst Workstation,High,High,Moderate,synthetic_hybrid,0.97,True
wks-0193,Windows,11,8,8,False,True,[ 445 3389],['Backup Agent' 'Print Spooler' 'RDP'],['POS Client' 'Receipt Printer Driver'],['IT Operations' 'QA'],Standard User,Point of Sale Workstation,Moderate,Moderate,High,synthetic_rules,0.75,True
wks-0194,macOS,14,8,8,False,True,[22],['Defender' 'RDP'],['Firefox' 'Office' 'Teams' 'VPN Client' 'Zoom'],['Call Center'],Power User,Executive Workstation,High,High,Moderate,synthetic_hybrid,0.92,True
wks-0195,Windows,10,4,64,False,True,[ 135  445 3389 8888],[],['Chrome' 'Postman' 'Selenium'],['Finance' 'Retail'],Power User,QA Test Workstation,Moderate,Moderate,Moderate,synthetic_rules,0.82,True
wks-0196,Windows,11,32,16,False,True,[ 135  139  445 3389],['Defender' 'EDR Agent' 'VPN Client'],['CRM Client' 'Chrome' 'Softphone'],['HR'],Local Admin,Call Center Workstation,Moderate,High,High,synthetic_ml_seed,0.7,True
wks-0197,Windows,11,4,64,True,True,[ 139  445 8000],[],['Anaconda' 'Jupyter' 'PyTorch' 'Python' 'RStudio' 'TensorFlow' 'Zoom'],['Engineering'],Standard User,Data Science Workstation,Moderate,Moderate,Moderate,synthetic_rules,0.91,True
wks-0198,Windows,10,4,16,False,True,[ 135  139 3389],[],['Chrome' 'Postman' 'Selenium' 'VPN Client' 'Zoom'],['Finance'],Standard User,QA Test Workstation,Moderate,Moderate,Moderate,synthetic_ml_seed,0.77,True
wks-0199,Windows,10,8,16,True,True,[139 445],['EDR Agent' 'Print Spooler' 'VPN Client'],['Adobe Creative Cloud' 'Blender' 'Figma' 'Firefox' 'VPN Client'],['Help Desk'],Power User,Graphic Design Workstation,Moderate,Moderate,Moderate,synthetic_hybrid,0.86,True
wks-0200,macOS,14,8,32,True,False,[631],['Backup Agent' 'Print Spooler'],['Docker Desktop' 'Git' 'IntelliJ' 'Node.js' 'PyCharm' 'VS Code'],['Developers' 'Engineering' 'Executives'],Standard User,Developer Workstation,Moderate,Moderate,Moderate,synthetic_rules,0.86,True
wks-0201,Windows,10,4,32,False,True,[ 135  139 3389],['OneDrive Sync' 'Print Spooler' 'RDP' 'VPN Client'],['Burp Suite' 'Firefox' 'Splunk' 'Sysinternals' 'Teams' 'Wireshark'],['Domain Users' 'Engineering'],Standard User,SOC Analyst Workstation,High,High,Moderate,synthetic_hybrid,0.83,True
wks-0202,Windows,10,32,32,False,True,[ 139  445 3389],['Backup Agent' 'OneDrive Sync' 'VPN Client'],['Chrome' 'Excel' 'Firefox' 'Power BI Desktop' 'SAP GUI' 'Zoom'],['Engineering'],Standard User,Finance Workstation,High,High,Moderate,synthetic_ml_seed,0.88,True
wks-0203,Ubuntu Desktop,22.04,32,16,False,True,[8000],['Defender' 'OneDrive Sync' 'RDP' 'SSH'],['Chrome' 'Postman' 'Selenium'],['Domain Users' 'HR'],Local Admin,QA Test Workstation,Moderate,High,Moderate,synthetic_ml_seed,0.95,True
wks-0204,Windows,10,8,16,False,True,[139 445],['Backup Agent' 'Defender' 'EDR Agent'],['Chrome' 'Office' 'Teams' 'VPN Client' 'Workday' 'Zoom'],['Executives'],Standard User,HR Workstation,High,High,Moderate,synthetic_ml_seed,0.87,True
wks-0205,Windows,10,4,32,False,True,[135 139],[],['PowerShell' 'PuTTY' 'RSAT' 'VMware Workstation'],['HR' 'IT Operations'],Standard User,IT Admin Workstation,High,High,Moderate,synthetic_rules,0.98,True
wks-0206,Windows,10,32,64,False,True,[139],[],['Excel' 'Power BI Desktop' 'SAP GUI' 'VPN Client' 'Zoom'],['Domain Users' 'Executives'],Power User,Finance Workstation,High,High,Moderate,synthetic_ml_seed,0.97,True
wks-0207,Windows,10,32,16,False,True,[ 139  445 5601],['Defender' 'Print Spooler' 'RDP' 'VPN Client'],['Burp Suite' 'Office' 'Splunk' 'Sysinternals' 'Teams' 'Wireshark' 'Zoom'],['Finance' 'QA'],Local Admin,SOC Analyst Workstation,High,High,Moderate,synthetic_ml_seed,0.7,True
wks-0208,Windows,10,4,8,False,True,[139],['Defender' 'EDR Agent' 'OneDrive Sync'],['CRM Client' 'Chrome' 'Office' 'Softphone' 'VPN Client'],['QA' 'SOC'],Standard User,Call Center Workstation,Moderate,Moderate,High,synthetic_rules,0.78,True
wks-0209,Windows,11,8,16,False,True,[ 135  139 3389],[],['Office' 'PowerShell' 'PuTTY' 'RSAT' 'Teams' 'VMware Workstation'],['Domain Users'],Local Admin,IT Admin Workstation,High,High,Moderate,synthetic_rules,0.86,True
wks-0210,Windows,10,8,64,False,True,[ 135  139 3389],['Defender' 'RDP' 'VPN Client'],['CRM Client' 'Chrome' 'Office' 'Softphone' 'VPN Client'],['Retail'],Local Admin,Call Center Workstation,Moderate,High,High,synthetic_ml_seed,0.89,True
wks-0211,macOS,14,4,16,False,False,[  22  631 8000 8888],[],['Chrome' 'Postman' 'Selenium'],['IT Operations'],Standard User,QA Test Workstation,Moderate,Moderate,Moderate,synthetic_rules,0.77,True
wks-0212,Windows,10,8,16,False,True,[ 135 3389],['Backup Agent' 'Defender' 'RDP' 'SSH'],['Chrome' 'Office' 'VS Code'],['Domain Users'],Local Admin,Training Lab Workstation,Moderate,High,Moderate,synthetic_hybrid,0.94,True
wks-0213,Ubuntu Desktop,22.04,32,64,True,True,[ 22 631],['Backup Agent' 'EDR Agent' 'SSH' 'VPN Client'],['PuTTY' 'RDP' 'ServiceNow' 'Teams'],['Developers' 'Finance'],Standard User,Help Desk Workstation,Moderate,Moderate,High,synthetic_rules,0.89,True
wks-0214,Windows,11,4,32,False,True,[ 135  139  445 3389],['Defender' 'Print Spooler' 'RDP' 'VPN Client'],['PuTTY' 'RDP' 'ServiceNow' 'Teams'],['Data Scientists'],Standard User,Help Desk Workstation,Moderate,Moderate,High,synthetic_ml_seed,0.83,True
wks-0215,Windows,10,8,16,False,True,[139],[],['Chrome' 'Firefox' 'Office' 'Teams' 'Zoom'],['Domain Users' 'Engineering'],Power User,Standard User Workstation,Moderate,Moderate,Moderate,synthetic_ml_seed,0.97,True
wks-0216,Windows,10,8,32,False,True,[ 139  445 3389 5601],[],['Burp Suite' 'Chrome' 'Splunk' 'Sysinternals' 'Wireshark' 'Zoom'],['HR' 'Training'],Standard User,SOC Analyst Workstation,High,High,Moderate,synthetic_hybrid,0.91,True
wks-0217,Windows,10,32,16,False,True,[ 139  445 3389],['EDR Agent' 'SSH' 'VPN Client'],['Excel' 'Power BI Desktop' 'SAP GUI'],['Help Desk'],Standard User,Finance Workstation,High,High,Moderate,synthetic_rules,0.9,True
wks-0218,Ubuntu Desktop,22.04,16,16,False,True,[ 22 631],[],['Chrome' 'Firefox' 'KioskShell'],['Data Scientists' 'Help Desk'],Standard User,Kiosk Workstation,Moderate,Moderate,Moderate,synthetic_hybrid,0.76,True
wks-0219,Windows,11,16,8,True,True,[ 139 3389 8000 8888],['OneDrive Sync' 'SSH' 'VPN Client'],"['Anaconda' 'Jupyter' 'PyTorch' 'Python' 'RStudio' 'TensorFlow'
 'VPN Client' 'Zoom']",['Help Desk'],Privileged Admin,Data Science Workstation,Moderate,High,Moderate,synthetic_hybrid,0.77,True
wks-0220,Windows,11,32,32,True,True,[3389],['Defender' 'EDR Agent' 'OneDrive Sync' 'SSH'],['AutoCAD' 'Chrome' 'MATLAB' 'SolidWorks' 'Teams' 'VPN Client'],['Call Center' 'HR'],Standard User,Engineering CAD Workstation,Moderate,Moderate,Moderate,synthetic_hybrid,0.92,True
wks-0221,Windows,10,8,32,False,True,[135 139 445],['EDR Agent' 'RDP' 'SSH'],['CRM Client' 'Chrome' 'Softphone' 'VPN Client' 'Zoom'],['Finance' 'Training'],Local Admin,Call Center Workstation,Moderate,High,High,synthetic_ml_seed,0.72,True
wks-0222,Windows,11,16,8,False,True,[ 139  445 3389],['OneDrive Sync' 'Print Spooler' 'RDP' 'VPN Client'],['Chrome' 'Firefox' 'KioskShell' 'Zoom'],['Call Center'],Standard User,Kiosk Workstation,Moderate,Moderate,Moderate,synthetic_rules,0.7,True
wks-0223,Windows,11,16,32,False,True,[ 135 8000],['EDR Agent' 'OneDrive Sync' 'RDP'],['Chrome' 'Postman' 'Selenium' 'Teams' 'VPN Client' 'Zoom'],['SOC'],Standard User,QA Test Workstation,Moderate,Moderate,Moderate,synthetic_hybrid,0.96,True
wks-0224,Windows,11,8,32,False,True,[135],['EDR Agent' 'OneDrive Sync' 'Print Spooler' 'VPN Client'],['Chrome' 'Office' 'Teams'],['Finance'],Standard User,Standard User Workstation,Moderate,Moderate,Moderate,synthetic_rules,0.92,True
wks-0225,Windows,11,8,8,False,True,[135 139 445],['Backup Agent' 'EDR Agent' 'OneDrive Sync' 'RDP'],['Chrome' 'Office' 'VS Code'],['Executives'],Power User,Training Lab Workstation,Moderate,Moderate,Moderate,synthetic_rules,0.84,True
wks-0226,macOS,13,32,8,False,False,[22],['Defender' 'SSH' 'VPN Client'],['Chrome' 'Office' 'Teams'],['QA'],Standard User,Standard User Workstation,Moderate,Moderate,Moderate,synthetic_rules,0.85,True
wks-0227,Windows,11,8,16,True,True,[135 139 445],['Backup Agent' 'Defender' 'SSH'],['Office' 'Teams' 'Zoom'],['Retail'],Power User,Executive Workstation,High,High,Moderate,synthetic_rules,0.77,True
wks-0228,macOS,13,8,8,False,False,[22],['Backup Agent' 'Print Spooler' 'RDP'],['Firefox' 'PowerShell' 'PuTTY' 'RSAT' 'VMware Workstation'],['Call Center' 'Retail'],Standard User,IT Admin Workstation,High,High,Moderate,synthetic_ml_seed,0.81,True
wks-0229,Windows,11,8,64,False,True,[139],[],['Chrome' 'Office' 'VS Code'],['Help Desk'],Standard User,Training Lab Workstation,Moderate,Moderate,Moderate,synthetic_rules,0.74,True
wks-0230,Windows,11,4,8,False,True,[ 135  139  445 3389],['EDR Agent' 'RDP'],"['Chrome' 'Firefox' 'PowerShell' 'PuTTY' 'RSAT' 'VMware Workstation'
 'VPN Client']",['Engineering'],Local Admin,IT Admin Workstation,High,High,Moderate,synthetic_hybrid,0.8,True
wks-0231,macOS,14,32,16,False,True,[631],['Defender' 'RDP' 'SSH' 'VPN Client'],['Chrome' 'KioskShell'],['Finance' 'SOC'],Power User,Kiosk Workstation,Moderate,Moderate,Moderate,synthetic_ml_seed,0.95,True
wks-0232,Windows,10,4,16,False,True,[ 135  139  445 3389],['Backup Agent' 'SSH'],['POS Client' 'Receipt Printer Driver'],['HR' 'SOC'],Standard User,Point of Sale Workstation,Moderate,Moderate,High,synthetic_ml_seed,0.99,True
wks-0233,Windows,10,16,8,False,True,[ 135  445 3389 8888],[],['Chrome' 'Postman' 'Selenium' 'Teams' 'VPN Client'],['Developers' 'Finance'],Local Admin,QA Test Workstation,Moderate,High,Moderate,synthetic_hybrid,0.79,True
wks-0234,Windows,11,4,64,False,True,[ 139 3389],['EDR Agent' 'RDP' 'SSH' 'VPN Client'],['Firefox' 'PuTTY' 'RDP' 'ServiceNow' 'Teams' 'VPN Client'],['Retail'],Standard User,Help Desk Workstation,Moderate,Moderate,High,synthetic_hybrid,0.95,True
wks-0235,Windows,11,8,8,True,True,[ 135  139  445 3389],['EDR Agent' 'RDP' 'SSH'],['AutoCAD' 'MATLAB' 'SolidWorks' 'Teams' 'VPN Client'],['Domain Users'],Local Admin,Engineering CAD Workstation,Moderate,High,Moderate,synthetic_rules,0.8,True
wks-0236,macOS,14,4,16,False,False,[22],['Backup Agent' 'Defender' 'EDR Agent' 'Print Spooler'],['POS Client' 'Receipt Printer Driver'],['Help Desk'],Standard User,Point of Sale Workstation,Moderate,Moderate,High,synthetic_ml_seed,0.89,True
wks-0237,Windows,10,16,8,False,True,[135 139 445],['EDR Agent' 'VPN Client'],['Chrome' 'Office' 'Teams'],['Call Center' 'Help Desk'],Local Admin,Standard User Workstation,Moderate,High,Moderate,synthetic_hybrid,0.83,True
wks-0238,Windows,10,4,64,False,True,[ 135  139  445 3389],['OneDrive Sync' 'RDP' 'SSH'],"['Burp Suite' 'Firefox' 'Splunk' 'Sysinternals' 'Teams' 'VPN Client'
 'Wireshark']",['HR' 'Help Desk'],Local Admin,SOC Analyst Workstation,High,High,Moderate,synthetic_hybrid,0.79,True
wks-0239,Windows,10,16,16,True,True,[ 445 8888],['OneDrive Sync' 'Print Spooler' 'SSH' 'VPN Client'],['Docker Desktop' 'Git' 'IntelliJ' 'Node.js' 'PyCharm' 'VS Code'],['Developers' 'Help Desk' 'SOC'],Local Admin,Developer Workstation,Moderate,High,Moderate,synthetic_ml_seed,0.75,True
wks-0240,Windows,11,4,16,True,True,[135 139 445],['Backup Agent' 'EDR Agent' 'RDP'],['Chrome' 'Office' 'Teams' 'Zoom'],['Retail' 'Training'],Standard User,Executive Workstation,High,High,Moderate,synthetic_ml_seed,0.86,True
wks-0241,Windows,11,4,16,False,True,[445],['EDR Agent' 'Print Spooler' 'RDP'],['CRM Client' 'Chrome' 'Softphone' 'Teams'],['Domain Users'],Standard User,Call Center Workstation,Moderate,Moderate,High,synthetic_ml_seed,0.95,True
wks-0242,Windows,11,32,64,False,True,[135 139],['Defender' 'SSH'],['Chrome' 'KioskShell'],['Finance' 'Help Desk'],Standard User,Kiosk Workstation,Moderate,Moderate,Moderate,synthetic_ml_seed,0.83,True
wks-0243,Windows,11,4,32,False,True,[3389],['OneDrive Sync' 'RDP' 'SSH' 'VPN Client'],['Excel' 'Office' 'Power BI Desktop' 'SAP GUI'],['Call Center' 'Domain Users'],Local Admin,Finance Workstation,High,High,Moderate,synthetic_rules,0.87,True
wks-0244,Windows,10,16,16,False,True,[445],[],['Chrome' 'Firefox' 'Office' 'Teams'],['Domain Users'],Standard User,Standard User Workstation,Moderate,Moderate,Moderate,synthetic_rules,0.71,True
wks-0245,macOS,14,8,16,False,True,[ 22 631],['EDR Agent' 'VPN Client'],['Excel' 'Power BI Desktop' 'SAP GUI'],['Help Desk'],Standard User,Finance Workstation,High,High,Moderate,synthetic_rules,0.71,True
wks-0246,Windows,10,32,64,True,True,[ 135 3389],[],['Adobe Creative Cloud' 'Blender' 'Figma' 'Firefox'],['Data Scientists'],Standard User,Graphic Design Workstation,Moderate,Moderate,Moderate,synthetic_rules,0.74,True
wks-0247,Windows,10,4,64,True,True,[135 139],['Backup Agent' 'Defender' 'RDP' 'SSH'],['PuTTY' 'RDP' 'ServiceNow' 'Teams'],['Developers'],Privileged Admin,Help Desk Workstation,Moderate,High,High,synthetic_hybrid,0.78,True
wks-0248,Windows,10,8,16,False,True,[139],['OneDrive Sync' 'Print Spooler' 'RDP' 'VPN Client'],['Burp Suite' 'Office' 'Splunk' 'Sysinternals' 'Wireshark'],['SOC'],Local Admin,SOC Analyst Workstation,High,High,Moderate,synthetic_rules,0.94,True
wks-0249,Windows,11,16,64,False,True,[139 445],['Backup Agent' 'EDR Agent' 'Print Spooler' 'SSH'],['Burp Suite' 'Splunk' 'Sysinternals' 'Wireshark'],['Finance' 'QA'],Privileged Admin,SOC Analyst Workstation,High,High,Moderate,synthetic_rules,0.88,True
wks-0250,Windows,10,4,16,False,True,[445],['Backup Agent' 'OneDrive Sync' 'VPN Client'],['Chrome' 'KioskShell' 'Office'],['Help Desk' 'Retail'],Standard User,Kiosk Workstation,Moderate,Moderate,Moderate,synthetic_hybrid,0.81,True
wks-0251,macOS,13,16,32,False,True,[ 22 631],['EDR Agent' 'Print Spooler' 'SSH' 'VPN Client'],['Office' 'Teams' 'Zoom'],['Help Desk' 'Retail'],Standard User,Executive Workstation,High,High,Moderate,synthetic_rules,0.8,True
wks-0252,Windows,10,32,32,True,True,[ 135  139 3389],['EDR Agent' 'OneDrive Sync' 'Print Spooler' 'RDP'],['Chrome' 'Office' 'Teams' 'Zoom'],['QA'],Power User,Executive Workstation,High,High,Moderate,synthetic_ml_seed,0.9,True
wks-0253,macOS,14,16,16,False,True,[ 22 631],['Print Spooler' 'RDP' 'SSH'],['Chrome' 'Office' 'Teams' 'VS Code'],['HR'],Power User,Training Lab Workstation,Moderate,Moderate,Moderate,synthetic_ml_seed,0.88,True
wks-0254,Windows,11,16,8,False,True,[135 139 445],['Backup Agent' 'Defender' 'Print Spooler' 'SSH'],['Office' 'Teams' 'Zoom'],['IT Operations'],Local Admin,Executive Workstation,High,High,Moderate,synthetic_rules,0.71,True
wks-0255,Windows,11,4,8,False,True,[ 135  445 3389 8000],[],['Chrome' 'Firefox' 'Postman' 'Selenium' 'Zoom'],['Data Scientists'],Local Admin,QA Test Workstation,Moderate,High,Moderate,synthetic_hybrid,0.79,True
wks-0256,Ubuntu Desktop,22.04,8,32,False,True,[ 22 631],['Backup Agent' 'Print Spooler' 'SSH' 'VPN Client'],['Firefox' 'POS Client' 'Receipt Printer Driver' 'VPN Client'],['IT Operations'],Power User,Point of Sale Workstation,Moderate,Moderate,High,synthetic_rules,0.99,True
wks-0257,Windows,10,16,8,False,True,[139],['OneDrive Sync' 'RDP' 'SSH' 'VPN Client'],"['Burp Suite' 'Chrome' 'Splunk' 'Sysinternals' 'Teams' 'VPN Client'
 'Wireshark']",['QA' 'SOC'],Standard User,SOC Analyst Workstation,High,High,Moderate,synthetic_rules,0.8,True
wks-0258,Windows,11,8,8,False,True,[135],['OneDrive Sync' 'Print Spooler' 'RDP' 'VPN Client'],['Office' 'Teams' 'Zoom'],['Retail'],Standard User,Executive Workstation,High,High,Moderate,synthetic_hybrid,0.76,True
wks-0259,Windows,10,4,32,False,True,[ 135  139  445 3389],['Defender' 'RDP'],['Office' 'Teams' 'Zoom'],['Developers' 'Training'],Privileged Admin,Executive Workstation,High,High,Moderate,synthetic_rules,0.72,True
wks-0260,Windows,11,4,16,False,True,[135],['Defender' 'EDR Agent' 'OneDrive Sync'],['Chrome' 'Firefox' 'Office' 'VPN Client' 'VS Code'],['Data Scientists'],Standard User,Training Lab Workstation,Moderate,Moderate,Moderate,synthetic_ml_seed,0.96,True
wks-0261,macOS,13,8,64,False,False,[22],['EDR Agent' 'OneDrive Sync'],['Chrome' 'Office' 'VS Code'],['SOC' 'Training'],Local Admin,Training Lab Workstation,Moderate,High,Moderate,synthetic_hybrid,0.79,True
wks-0262,macOS,13,4,16,False,False,[ 22 631],[],['PuTTY' 'RDP' 'ServiceNow' 'Teams'],['Finance'],Privileged Admin,Help Desk Workstation,Moderate,High,High,synthetic_hybrid,0.82,True
wks-0263,Windows,10,4,8,False,True,[139],[],['Docker Desktop' 'Git' 'IntelliJ' 'Node.js' 'PyCharm' 'VS Code'],['Developers' 'Engineering'],Local Admin,Developer Workstation,Moderate,High,Moderate,synthetic_ml_seed,0.99,True
wks-0264,macOS,14,8,8,False,False,[631],['Backup Agent' 'OneDrive Sync'],['Chrome' 'Office' 'Teams'],['Data Scientists' 'IT Operations'],Standard User,Standard User Workstation,Moderate,Moderate,Moderate,synthetic_hybrid,0.72,True
wks-0265,macOS,14,16,16,False,True,[ 22 631],['Defender' 'SSH'],['Chrome' 'Office' 'Teams' 'VPN Client' 'Workday'],['Data Scientists' 'Finance'],Standard User,HR Workstation,High,High,Moderate,synthetic_ml_seed,0.73,True
wks-0266,Windows,10,32,16,True,True,[ 135  139 3389],['EDR Agent' 'OneDrive Sync' 'Print Spooler' 'SSH'],['Chrome' 'KioskShell' 'Office' 'VPN Client' 'Zoom'],['Executives'],Standard User,Kiosk Workstation,Moderate,Moderate,Moderate,synthetic_rules,0.9,True
wks-0267,Ubuntu Desktop,22.04,4,16,False,True,[  22 8000 8888],[],['Chrome' 'Office' 'Postman' 'Selenium' 'VPN Client' 'Zoom'],['Call Center' 'Help Desk'],Local Admin,QA Test Workstation,Moderate,High,Moderate,synthetic_ml_seed,0.86,True
wks-0268,macOS,14,4,64,False,False,[ 22 631],['EDR Agent' 'OneDrive Sync' 'SSH' 'VPN Client'],['Office' 'Teams' 'Zoom'],['Call Center' 'Data Scientists'],Standard User,Executive Workstation,High,High,Moderate,synthetic_rules,0.93,True
wks-0269,Windows,11,4,16,True,True,[ 135  139  445 8888],[],"['Anaconda' 'Chrome' 'Jupyter' 'Office' 'PyTorch' 'Python' 'RStudio'
 'TensorFlow' 'VPN Client']",['Developers' 'Finance'],Standard User,Data Science Workstation,Moderate,Moderate,Moderate,synthetic_rules,0.96,True
wks-0270,Windows,11,8,16,False,True,[ 135  139  445 3389],['Backup Agent' 'Defender' 'SSH' 'VPN Client'],['Chrome' 'Firefox' 'POS Client' 'Receipt Printer Driver' 'Teams'],['Data Scientists' 'Finance'],Privileged Admin,Point of Sale Workstation,Moderate,High,High,synthetic_ml_seed,0.73,True
wks-0271,Windows,11,4,16,True,True,[139 445],['Backup Agent' 'VPN Client'],['Adobe Creative Cloud' 'Blender' 'Figma' 'Office' 'Teams'],['SOC'],Local Admin,Graphic Design Workstation,Moderate,High,Moderate,synthetic_rules,0.89,True
wks-0272,Windows,10,8,64,False,True,[135 445],['Backup Agent' 'SSH'],['Burp Suite' 'Firefox' 'Office' 'Splunk' 'Sysinternals' 'Wireshark'],['Call Center' 'Data Scientists'],Privileged Admin,SOC Analyst Workstation,High,High,Moderate,synthetic_hybrid,0.86,True
wks-0273,macOS,14,8,16,True,True,[ 22 631],['Defender' 'EDR Agent' 'Print Spooler'],['AutoCAD' 'MATLAB' 'SolidWorks'],['Call Center'],Standard User,Engineering CAD Workstation,Moderate,Moderate,Moderate,synthetic_rules,0.98,True
wks-0274,Windows,10,8,16,False,True,[135 139 445],['Backup Agent' 'OneDrive Sync' 'Print Spooler'],"['Burp Suite' 'Chrome' 'Firefox' 'Splunk' 'Sysinternals' 'Wireshark'
 'Zoom']",['Developers'],Standard User,SOC Analyst Workstation,High,High,Moderate,synthetic_ml_seed,0.91,True
wks-0275,Windows,10,8,32,False,True,[139],['Backup Agent' 'Defender' 'EDR Agent' 'SSH'],['Office' 'Teams' 'Zoom'],['Call Center'],Standard User,Executive Workstation,High,High,Moderate,synthetic_hybrid,0.89,True
wks-0276,Windows,10,8,16,False,True,[ 135  445 3389],['RDP' 'SSH' 'VPN Client'],['Chrome' 'Office' 'Teams' 'Zoom'],['Training'],Standard User,Standard User Workstation,Moderate,Moderate,Moderate,synthetic_rules,0.98,True
wks-0277,Windows,11,8,8,True,True,[ 135  139  445 3389],['Backup Agent' 'EDR Agent' 'Print Spooler'],['AutoCAD' 'MATLAB' 'SolidWorks'],['Domain Users' 'IT Operations'],Local Admin,Engineering CAD Workstation,Moderate,High,Moderate,synthetic_rules,0.8,True
wks-0278,Windows,11,4,32,True,True,[445],['Defender' 'EDR Agent' 'OneDrive Sync' 'VPN Client'],['AutoCAD' 'MATLAB' 'SolidWorks'],['Finance' 'IT Operations'],Standard User,Engineering CAD Workstation,Moderate,Moderate,Moderate,synthetic_hybrid,0.89,True
wks-0279,Windows,11,8,16,False,True,[ 135  139  445 3389],['Backup Agent' 'VPN Client'],['Chrome' 'Excel' 'Power BI Desktop' 'SAP GUI' 'Zoom'],['HR'],Local Admin,Finance Workstation,High,High,Moderate,synthetic_rules,0.92,True
wks-0280,Windows,10,8,16,True,True,[ 135  139  445 3389],['Defender' 'EDR Agent' 'OneDrive Sync' 'Print Spooler'],['AutoCAD' 'Chrome' 'Firefox' 'MATLAB' 'SolidWorks'],['Data Scientists' 'Executives'],Power User,Engineering CAD Workstation,Moderate,Moderate,Moderate,synthetic_ml_seed,0.77,True
wks-0281,Windows,10,8,64,False,True,[135 139],['EDR Agent' 'Print Spooler' 'RDP' 'VPN Client'],['Firefox' 'Office' 'Teams' 'Workday'],['Data Scientists' 'Help Desk'],Standard User,HR Workstation,High,High,Moderate,synthetic_hybrid,0.92,True
wks-0282,Windows,11,8,16,True,True,[135 139],['Backup Agent' 'EDR Agent' 'RDP'],['Anaconda' 'Jupyter' 'PyTorch' 'Python' 'RStudio' 'TensorFlow'],['Finance' 'QA'],Standard User,Data Science Workstation,Moderate,Moderate,Moderate,synthetic_ml_seed,0.98,True
wks-0283,Windows,11,4,32,False,True,[135 445],[],['POS Client' 'Receipt Printer Driver' 'Zoom'],['SOC'],Standard User,Point of Sale Workstation,Moderate,Moderate,High,synthetic_rules,0.87,True
wks-0284,Windows,10,8,8,False,True,[135],['EDR Agent' 'Print Spooler' 'RDP' 'VPN Client'],['Chrome' 'KioskShell' 'Teams' 'Zoom'],['Domain Users'],Standard User,Kiosk Workstation,Moderate,Moderate,Moderate,synthetic_ml_seed,0.75,True
wks-0285,Windows,11,8,16,False,True,[445],['Defender' 'Print Spooler' 'RDP' 'SSH'],"['Chrome' 'Firefox' 'PowerShell' 'PuTTY' 'RSAT' 'VMware Workstation'
 'VPN Client']",['Call Center' 'Retail'],Privileged Admin,IT Admin Workstation,High,High,Moderate,synthetic_rules,0.95,True
wks-0286,Windows,10,8,32,False,True,[445],['Backup Agent' 'SSH' 'VPN Client'],['Office' 'Teams' 'Workday'],['Domain Users' 'Retail'],Standard User,HR Workstation,High,High,Moderate,synthetic_hybrid,0.89,True
wks-0287,macOS,14,32,8,False,False,[ 631 5601],['Defender' 'EDR Agent' 'VPN Client'],['Burp Suite' 'Splunk' 'Sysinternals' 'Wireshark'],['Data Scientists' 'Developers'],Standard User,SOC Analyst Workstation,High,High,Moderate,synthetic_rules,0.88,True
wks-0288,Windows,11,32,16,False,True,[3389],['Defender' 'EDR Agent' 'OneDrive Sync' 'SSH'],['Excel' 'Power BI Desktop' 'SAP GUI' 'Teams'],['QA' 'SOC'],Local Admin,Finance Workstation,High,High,Moderate,synthetic_ml_seed,0.84,True
wks-0289,Windows,11,32,32,False,True,[135 139],['EDR Agent' 'RDP' 'VPN Client'],['Chrome' 'Firefox' 'Office' 'Teams'],['Call Center' 'QA'],Local Admin,Standard User Workstation,Moderate,High,Moderate,synthetic_ml_seed,0.79,True
wks-0290,Windows,11,4,8,False,True,[135 445],['Backup Agent' 'Print Spooler'],['Chrome' 'KioskShell'],['Engineering'],Local Admin,Kiosk Workstation,Moderate,High,Moderate,synthetic_hybrid,0.88,True
wks-0291,macOS,13,4,16,True,True,[ 22 631],['Print Spooler' 'VPN Client'],['AutoCAD' 'MATLAB' 'SolidWorks'],['Developers' 'IT Operations'],Power User,Engineering CAD Workstation,Moderate,Moderate,Moderate,synthetic_ml_seed,0.76,True
wks-0292,Windows,11,8,16,False,True,[ 135 8888],['Defender' 'OneDrive Sync' 'Print Spooler'],['Chrome' 'Postman' 'Selenium'],['Training'],Power User,QA Test Workstation,Moderate,Moderate,Moderate,synthetic_rules,0.79,True
wks-0293,Windows,11,4,16,True,True,[ 135 3389],[],['Excel' 'Firefox' 'Power BI Desktop' 'SAP GUI' 'VPN Client'],['Call Center' 'Executives'],Local Admin,Finance Workstation,High,High,Moderate,synthetic_ml_seed,0.8,True
wks-0294,Windows,11,8,64,False,True,[ 135  445 3389],['Defender' 'RDP' 'SSH' 'VPN Client'],['Firefox' 'POS Client' 'Receipt Printer Driver' 'VPN Client'],['Domain Users' 'Help Desk'],Privileged Admin,Point of Sale Workstation,Moderate,High,High,synthetic_ml_seed,0.88,True
wks-0295,Windows,10,8,8,True,True,[3389],['OneDrive Sync' 'Print Spooler' 'SSH'],['Chrome' 'Office' 'VPN Client' 'VS Code'],['Domain Users' 'Training'],Standard User,Training Lab Workstation,Moderate,Moderate,Moderate,synthetic_ml_seed,0.88,True
wks-0296,Windows,10,4,8,True,True,[445],['Backup Agent' 'Defender' 'EDR Agent' 'SSH'],['Office' 'Teams' 'Workday'],['Call Center' 'IT Operations'],Local Admin,HR Workstation,High,High,Moderate,synthetic_ml_seed,0.97,True
wks-0297,Windows,10,8,64,False,True,[135 445],[],['Chrome' 'Office' 'Teams' 'VPN Client'],['Finance'],Standard User,Standard User Workstation,Moderate,Moderate,Moderate,synthetic_ml_seed,0.86,True
wks-0298,Windows,10,32,16,True,True,[ 139 3389],['Defender' 'RDP'],['AutoCAD' 'MATLAB' 'SolidWorks'],['Developers' 'Executives'],Standard User,Engineering CAD Workstation,Moderate,Moderate,Moderate,synthetic_hybrid,0.82,True
wks-0299,Windows,11,4,32,False,True,[ 139 8888],[],['Chrome' 'Postman' 'Selenium'],['Domain Users' 'Finance'],Power User,QA Test Workstation,Moderate,Moderate,Moderate,synthetic_rules,0.74,True
wks-0300,Windows,10,4,64,True,True,[135 139 445],[],['AutoCAD' 'MATLAB' 'SolidWorks'],['Finance'],Local Admin,Engineering CAD Workstation,Moderate,High,Moderate,synthetic_hybrid,0.76,True
wks-0301,macOS,13,8,8,False,False,[ 22 631],['Defender' 'OneDrive Sync' 'VPN Client'],['Chrome' 'Office' 'VS Code'],['Engineering' 'HR'],Power User,Training Lab Workstation,Moderate,Moderate,Moderate,synthetic_hybrid,0.98,True
wks-0302,Windows,10,8,16,True,True,[135],[],['AutoCAD' 'Chrome' 'Firefox' 'MATLAB' 'Office' 'SolidWorks'],['Domain Users' 'QA'],Privileged Admin,Engineering CAD Workstation,Moderate,High,Moderate,synthetic_hybrid,0.97,True
wks-0303,Windows,10,8,32,True,True,[ 135  445 3389],['Backup Agent' 'Defender' 'OneDrive Sync' 'VPN Client'],['Chrome' 'Office' 'Teams'],['Developers'],Local Admin,Standard User Workstation,Moderate,High,Moderate,synthetic_rules,0.82,True
wks-0304,Windows,10,8,64,False,True,[ 135  139  445 3389],['Defender' 'RDP'],['PowerShell' 'PuTTY' 'RSAT' 'VMware Workstation'],['Help Desk'],Local Admin,IT Admin Workstation,High,High,Moderate,synthetic_ml_seed,0.8,True
wks-0305,Windows,10,8,64,False,True,[135],['EDR Agent' 'Print Spooler' 'RDP'],['Firefox' 'POS Client' 'Receipt Printer Driver' 'Teams' 'VPN Client'],['Help Desk'],Standard User,Point of Sale Workstation,Moderate,Moderate,High,synthetic_rules,0.81,True
wks-0306,Windows,11,8,8,True,True,[ 135  139  445 3389],['Defender' 'OneDrive Sync'],['POS Client' 'Receipt Printer Driver' 'VPN Client'],['Call Center' 'Domain Users'],Local Admin,Point of Sale Workstation,Moderate,High,High,synthetic_rules,0.87,True
wks-0307,Windows,11,32,64,True,True,[ 139  445 3389],['EDR Agent' 'OneDrive Sync' 'SSH' 'VPN Client'],['Office' 'Teams' 'Workday'],['HR'],Standard User,HR Workstation,High,High,Moderate,synthetic_rules,0.82,True
wks-0308,Windows,10,32,32,True,True,[ 135  139 3389],['OneDrive Sync' 'Print Spooler' 'RDP'],['AutoCAD' 'Chrome' 'MATLAB' 'SolidWorks'],['Domain Users'],Local Admin,Engineering CAD Workstation,Moderate,High,Moderate,synthetic_rules,0.86,True
wks-0309,Windows,10,8,32,False,True,[139 445],['Defender' 'EDR Agent' 'VPN Client'],"['Office' 'PowerShell' 'PuTTY' 'RSAT' 'Teams' 'VMware Workstation'
 'VPN Client']",['Finance'],Privileged Admin,IT Admin Workstation,High,High,Moderate,synthetic_rules,0.87,True
wks-0310,macOS,13,4,64,False,False,[22],['Print Spooler' 'VPN Client'],['CRM Client' 'Chrome' 'Softphone'],['IT Operations' 'Training'],Local Admin,Call Center Workstation,Moderate,High,High,synthetic_hybrid,0.73,True
wks-0311,macOS,13,4,16,True,True,[ 22 631],['Backup Agent' 'Defender' 'OneDrive Sync' 'Print Spooler'],['Adobe Creative Cloud' 'Blender' 'Figma' 'Firefox'],['Data Scientists' 'Finance'],Standard User,Graphic Design Workstation,Moderate,Moderate,Moderate,synthetic_rules,0.79,True
wks-0312,Windows,10,4,16,False,True,[ 135 3389 8000 8888],['Defender' 'OneDrive Sync' 'RDP' 'SSH'],['Chrome' 'Postman' 'Selenium' 'Teams'],['Engineering' 'Training'],Power User,QA Test Workstation,Moderate,Moderate,Moderate,synthetic_rules,0.94,True
wks-0313,Windows,11,8,8,False,True,[ 135  139  445 3389],['EDR Agent' 'OneDrive Sync' 'SSH' 'VPN Client'],['POS Client' 'Receipt Printer Driver'],['QA' 'Training'],Standard User,Point of Sale Workstation,Moderate,Moderate,High,synthetic_rules,0.94,True
wks-0314,Windows,11,4,16,False,True,[445],['Backup Agent' 'Defender' 'Print Spooler' 'VPN Client'],['CRM Client' 'Chrome' 'Softphone'],['Finance' 'QA'],Privileged Admin,Call Center Workstation,Moderate,High,High,synthetic_rules,0.94,True
wks-0315,Windows,10,16,8,True,True,[445],['Defender' 'EDR Agent' 'OneDrive Sync' 'Print Spooler'],['Adobe Creative Cloud' 'Blender' 'Figma'],['Help Desk'],Local Admin,Graphic Design Workstation,Moderate,High,Moderate,synthetic_rules,0.86,True
wks-0316,Windows,10,16,16,False,True,[ 445 3389 8000 8888],[],"['Docker Desktop' 'Git' 'IntelliJ' 'Node.js' 'Office' 'PyCharm' 'VS Code'
 'Zoom']",['Developers' 'Executives'],Standard User,Developer Workstation,Moderate,Moderate,Moderate,synthetic_ml_seed,0.72,True
wks-0317,Windows,10,8,64,True,True,[ 135  139 3389],[],['Excel' 'Firefox' 'Power BI Desktop' 'SAP GUI' 'VPN Client'],['Domain Users'],Power User,Finance Workstation,High,High,Moderate,synthetic_hybrid,0.72,True
wks-0318,Windows,11,8,32,False,True,[ 445 3389],['Print Spooler' 'SSH' 'VPN Client'],['Chrome' 'Postman' 'Selenium'],['Call Center' 'Domain Users'],Local Admin,QA Test Workstation,Moderate,High,Moderate,synthetic_hybrid,0.92,True
wks-0319,Windows,10,4,8,True,True,[ 135  139 3389],['SSH' 'VPN Client'],['AutoCAD' 'MATLAB' 'SolidWorks' 'Teams'],['Help Desk'],Standard User,Engineering CAD Workstation,Moderate,Moderate,Moderate,synthetic_hybrid,0.76,True
wks-0320,macOS,13,4,16,False,False,[8000 8888],['Backup Agent' 'Defender'],['Docker Desktop' 'Git' 'IntelliJ' 'Node.js' 'PyCharm' 'VS Code'],['Developers' 'Training'],Power User,Developer Workstation,Moderate,Moderate,Moderate,synthetic_rules,0.71,True
wks-0321,Windows,10,4,8,False,True,[ 135  445 3389],['EDR Agent' 'RDP' 'VPN Client'],['Office' 'Teams' 'Zoom'],['Engineering'],Standard User,Executive Workstation,High,High,Moderate,synthetic_ml_seed,0.89,True
wks-0322,Windows,10,4,32,False,True,[139],['RDP' 'SSH' 'VPN Client'],['Firefox' 'Office' 'Teams' 'Zoom'],['QA'],Standard User,Executive Workstation,High,High,Moderate,synthetic_ml_seed,0.86,True
wks-0323,Windows,10,16,16,True,True,[ 135  445 3389 8888],[],['Anaconda' 'Jupyter' 'PyTorch' 'Python' 'RStudio' 'TensorFlow'],['Developers'],Privileged Admin,Data Science Workstation,Moderate,High,Moderate,synthetic_hybrid,0.97,True
wks-0324,Windows,10,16,16,True,True,[ 135 8000],['Backup Agent' 'RDP'],['Anaconda' 'Chrome' 'Jupyter' 'PyTorch' 'Python' 'RStudio' 'TensorFlow'],['Training'],Standard User,Data Science Workstation,Moderate,Moderate,Moderate,synthetic_rules,0.91,True
wks-0325,Windows,11,8,16,False,True,[3389],[],['Chrome' 'Office' 'Teams' 'VS Code' 'Zoom'],['Data Scientists' 'Help Desk'],Standard User,Training Lab Workstation,Moderate,Moderate,Moderate,synthetic_ml_seed,0.87,True
wks-0326,Windows,11,16,64,False,True,[ 135  139 3389],[],['Office' 'Teams' 'Workday'],['IT Operations'],Standard User,HR Workstation,High,High,Moderate,synthetic_hybrid,0.75,True
wks-0327,Windows,10,8,64,False,True,[139],['EDR Agent' 'Print Spooler' 'VPN Client'],['Chrome' 'Excel' 'Power BI Desktop' 'SAP GUI' 'VPN Client' 'Zoom'],['Engineering' 'HR'],Standard User,Finance Workstation,High,High,Moderate,synthetic_ml_seed,0.95,True
wks-0328,Windows,11,8,32,False,True,[ 139  445 3389],['Backup Agent' 'SSH'],['Chrome' 'PowerShell' 'PuTTY' 'RSAT' 'VMware Workstation' 'VPN Client'],['Developers' 'Retail'],Privileged Admin,IT Admin Workstation,High,High,Moderate,synthetic_rules,0.98,True
wks-0329,Windows,10,4,64,True,True,[139 445],['Backup Agent' 'Defender'],['POS Client' 'Receipt Printer Driver'],['Help Desk' 'SOC'],Power User,Point of Sale Workstation,Moderate,Moderate,High,synthetic_rules,0.97,True
wks-0330,Ubuntu Desktop,22.04,16,16,False,True,[631],['Backup Agent' 'Print Spooler' 'SSH'],['Chrome' 'KioskShell'],['QA'],Standard User,Kiosk Workstation,Moderate,Moderate,Moderate,synthetic_rules,0.74,True
wks-0331,Windows,10,4,16,False,True,[3389],[],['Firefox' 'Office' 'Teams' 'Workday' 'Zoom'],['Help Desk'],Standard User,HR Workstation,High,High,Moderate,synthetic_ml_seed,0.89,True
wks-0332,Windows,10,4,16,False,True,[135 445],['Defender' 'OneDrive Sync' 'VPN Client'],['Chrome' 'KioskShell'],['Finance' 'QA'],Standard User,Kiosk Workstation,Moderate,Moderate,Moderate,synthetic_rules,0.74,True
wks-0333,Ubuntu Desktop,22.04,32,32,True,True,[ 22 631],['Defender' 'RDP' 'SSH' 'VPN Client'],['Chrome' 'Office' 'PuTTY' 'RDP' 'ServiceNow' 'Teams' 'Zoom'],['Engineering' 'QA'],Local Admin,Help Desk Workstation,Moderate,High,High,synthetic_rules,0.83,True
wks-0334,Windows,10,16,32,False,True,[ 445 8000 8888],[],['Chrome' 'Postman' 'Selenium' 'VPN Client'],['Help Desk' 'QA'],Power User,QA Test Workstation,Moderate,Moderate,Moderate,synthetic_rules,0.87,True
wks-0335,Windows,11,4,16,False,True,[ 139  445 3389],['OneDrive Sync' 'Print Spooler' 'VPN Client'],['Chrome' 'Office' 'VS Code'],['Help Desk'],Local Admin,Training Lab Workstation,Moderate,High,Moderate,synthetic_hybrid,0.96,True
wks-0336,Windows,11,8,16,False,True,[5601],[],['Burp Suite' 'Splunk' 'Sysinternals' 'VPN Client' 'Wireshark'],['Call Center' 'Retail'],Privileged Admin,SOC Analyst Workstation,High,High,Moderate,synthetic_ml_seed,0.76,True
wks-0337,Windows,10,32,32,False,True,[ 135  139 3389],['Defender' 'OneDrive Sync' 'SSH'],['Chrome' 'Firefox' 'PuTTY' 'RDP' 'ServiceNow' 'Teams' 'Zoom'],['Help Desk' 'IT Operations'],Local Admin,Help Desk Workstation,Moderate,High,High,synthetic_rules,0.96,True
wks-0338,Windows,10,4,64,False,True,[3389],['Backup Agent' 'EDR Agent' 'RDP' 'VPN Client'],['Chrome' 'Office' 'Teams' 'VPN Client'],['SOC'],Standard User,Standard User Workstation,Moderate,Moderate,Moderate,synthetic_hybrid,0.72,True
wks-0339,Windows,10,8,8,False,True,[135 139],[],['Chrome' 'Office' 'VS Code' 'Zoom'],['HR'],Power User,Training Lab Workstation,Moderate,Moderate,Moderate,synthetic_rules,0.77,True
wks-0340,Windows,10,8,16,True,True,[3389 8000],[],['Anaconda' 'Jupyter' 'PyTorch' 'Python' 'RStudio' 'TensorFlow'],['Developers'],Standard User,Data Science Workstation,Moderate,Moderate,Moderate,synthetic_hybrid,0.93,True
wks-0341,Windows,10,8,64,True,True,[445],[],['Adobe Creative Cloud' 'Blender' 'Figma' 'Firefox' 'Teams'],['Data Scientists' 'SOC'],Standard User,Graphic Design Workstation,Moderate,Moderate,Moderate,synthetic_rules,0.91,True
wks-0342,macOS,14,8,8,False,False,[ 22 631],['Backup Agent' 'OneDrive Sync' 'SSH' 'VPN Client'],['POS Client' 'Receipt Printer Driver'],['QA' 'Retail'],Local Admin,Point of Sale Workstation,Moderate,High,High,synthetic_rules,0.71,True
wks-0343,Windows,11,4,32,True,True,[ 445 8000 8888],['Backup Agent' 'SSH'],"['Anaconda' 'Firefox' 'Jupyter' 'PyTorch' 'Python' 'RStudio' 'Teams'
 'TensorFlow']",['SOC'],Standard User,Data Science Workstation,Moderate,Moderate,Moderate,synthetic_hybrid,0.83,True
wks-0344,Windows,10,8,8,False,True,[135 445],['Backup Agent' 'Print Spooler' 'SSH'],['CRM Client' 'Chrome' 'Softphone'],['Retail'],Standard User,Call Center Workstation,Moderate,Moderate,High,synthetic_rules,0.98,True
wks-0345,Windows,10,16,16,True,True,[3389],['Defender' 'Print Spooler'],['Adobe Creative Cloud' 'Blender' 'Figma' 'Zoom'],['Domain Users' 'Finance'],Standard User,Graphic Design Workstation,Moderate,Moderate,Moderate,synthetic_hybrid,0.77,True
wks-0346,macOS,14,8,16,True,True,[22],[],['PowerShell' 'PuTTY' 'RSAT' 'VMware Workstation'],['Finance' 'IT Operations'],Local Admin,IT Admin Workstation,High,High,Moderate,synthetic_ml_seed,0.73,True
wks-0347,macOS,14,4,64,False,False,[631],['RDP' 'SSH'],['Excel' 'Office' 'Power BI Desktop' 'SAP GUI'],['Help Desk'],Standard User,Finance Workstation,High,High,Moderate,synthetic_rules,0.71,True
wks-0348,Windows,11,4,8,True,True,[135 445],['Backup Agent' 'OneDrive Sync' 'Print Spooler'],['AutoCAD' 'Chrome' 'MATLAB' 'Office' 'SolidWorks' 'VPN Client'],['Domain Users' 'Engineering'],Local Admin,Engineering CAD Workstation,Moderate,High,Moderate,synthetic_hybrid,0.9,True
wks-0349,Windows,10,32,16,False,True,[ 445 3389],['Defender' 'SSH'],['PuTTY' 'RDP' 'ServiceNow' 'Teams'],['QA'],Standard User,Help Desk Workstation,Moderate,Moderate,High,synthetic_hybrid,0.85,True
wks-0350,Windows,10,8,8,False,True,[8888],[],['Chrome' 'Postman' 'Selenium'],['Executives' 'Retail'],Power User,QA Test Workstation,Moderate,Moderate,Moderate,synthetic_hybrid,0.99,True
wks-0351,Windows,10,4,32,True,True,[135],['OneDrive Sync' 'Print Spooler' 'RDP'],['CRM Client' 'Chrome' 'Softphone' 'Zoom'],['Help Desk'],Standard User,Call Center Workstation,Moderate,Moderate,High,synthetic_ml_seed,0.72,True
wks-0352,Windows,11,4,8,False,True,[ 135  139  445 3389],['Backup Agent' 'Defender' 'EDR Agent' 'VPN Client'],['Chrome' 'PowerShell' 'PuTTY' 'RSAT' 'VMware Workstation' 'VPN Client'],['Domain Users'],Privileged Admin,IT Admin Workstation,High,High,Moderate,synthetic_rules,0.9,True
wks-0353,Ubuntu Desktop,22.04,16,32,False,True,[22],['Defender' 'EDR Agent' 'SSH'],['POS Client' 'Receipt Printer Driver' 'Teams' 'VPN Client' 'Zoom'],['Finance'],Standard User,Point of Sale Workstation,Moderate,Moderate,High,synthetic_ml_seed,0.71,True
wks-0354,Windows,10,4,16,False,True,[ 135  139  445 3389],['Defender' 'EDR Agent' 'OneDrive Sync'],['PuTTY' 'RDP' 'ServiceNow' 'Teams'],['IT Operations'],Local Admin,Help Desk Workstation,Moderate,High,High,synthetic_rules,0.71,True
wks-0355,Windows,10,16,16,False,True,[135],['Backup Agent' 'EDR Agent' 'SSH' 'VPN Client'],"['Chrome' 'Firefox' 'PowerShell' 'PuTTY' 'RSAT' 'VMware Workstation'
 'VPN Client']",['Developers' 'SOC'],Local Admin,IT Admin Workstation,High,High,Moderate,synthetic_hybrid,0.9,True
wks-0356,Windows,10,4,64,False,True,[3389],[],['Chrome' 'Office' 'VS Code'],['IT Operations'],Local Admin,Training Lab Workstation,Moderate,High,Moderate,synthetic_hybrid,0.88,True
wks-0357,Windows,11,4,16,True,True,[ 135  139 5601],[],['Burp Suite' 'Firefox' 'Office' 'Splunk' 'Sysinternals' 'Wireshark'],['Call Center' 'Retail'],Local Admin,SOC Analyst Workstation,High,High,Moderate,synthetic_rules,0.9,True
wks-0358,Windows,10,4,8,False,True,[445],['OneDrive Sync' 'SSH' 'VPN Client'],['Firefox' 'PowerShell' 'PuTTY' 'RSAT' 'VMware Workstation' 'Zoom'],['Call Center' 'Executives'],Privileged Admin,IT Admin Workstation,High,High,Moderate,synthetic_rules,0.73,True
wks-0359,Windows,11,4,32,False,True,[3389],['Print Spooler' 'RDP' 'VPN Client'],['Excel' 'Power BI Desktop' 'SAP GUI' 'VPN Client'],['Help Desk' 'Retail'],Standard User,Finance Workstation,High,High,Moderate,synthetic_hybrid,0.84,True
wks-0360,macOS,14,8,16,False,True,[ 22 631],['Print Spooler' 'SSH'],['Office' 'Teams' 'Zoom'],['Help Desk' 'QA'],Standard User,Executive Workstation,High,High,Moderate,synthetic_hybrid,0.79,True
wks-0361,Ubuntu Desktop,22.04,4,16,True,True,[  22  631 5601],['EDR Agent' 'RDP'],['Burp Suite' 'Splunk' 'Sysinternals' 'Wireshark'],['Executives'],Privileged Admin,SOC Analyst Workstation,High,High,Moderate,synthetic_rules,0.86,True
wks-0362,Windows,10,16,32,False,True,[ 135  139  445 3389],['Backup Agent' 'OneDrive Sync' 'RDP'],['Office' 'Teams' 'Zoom'],['Finance'],Standard User,Executive Workstation,High,High,Moderate,synthetic_rules,0.87,True
wks-0363,Windows,10,4,32,False,True,[ 445 3389],['RDP' 'SSH'],['Office' 'Teams' 'Zoom'],['Retail'],Standard User,Executive Workstation,High,High,Moderate,synthetic_hybrid,0.89,True
wks-0364,Windows,11,4,32,True,True,[ 135  139 3389],['Defender' 'Print Spooler' 'SSH'],['Adobe Creative Cloud' 'Blender' 'Figma'],['Engineering'],Standard User,Graphic Design Workstation,Moderate,Moderate,Moderate,synthetic_rules,0.87,True
wks-0365,Windows,10,8,32,True,True,[ 135 3389],['Defender' 'OneDrive Sync' 'SSH'],['CRM Client' 'Chrome' 'Softphone'],['Executives' 'QA'],Standard User,Call Center Workstation,Moderate,Moderate,High,synthetic_rules,0.89,True
wks-0366,macOS,13,8,64,False,False,[631],['EDR Agent' 'Print Spooler'],['PuTTY' 'RDP' 'ServiceNow' 'Teams' 'Zoom'],['Executives' 'Help Desk'],Standard User,Help Desk Workstation,Moderate,Moderate,High,synthetic_ml_seed,0.73,True
wks-0367,macOS,14,4,32,True,True,[631],['EDR Agent' 'Print Spooler'],['Adobe Creative Cloud' 'Blender' 'Figma' 'Firefox'],['Call Center' 'Executives'],Local Admin,Graphic Design Workstation,Moderate,High,Moderate,synthetic_rules,0.75,True
wks-0368,Windows,10,16,32,False,True,[135],['Defender' 'Print Spooler'],['Chrome' 'Office' 'VPN Client' 'VS Code'],['Developers'],Power User,Training Lab Workstation,Moderate,Moderate,Moderate,synthetic_hybrid,0.9,True
wks-0369,Windows,11,8,16,False,True,[135 139],['Backup Agent' 'Defender' 'EDR Agent' 'Print Spooler'],['Chrome' 'Office' 'Teams' 'VPN Client' 'Zoom'],['Retail'],Standard User,Standard User Workstation,Moderate,Moderate,Moderate,synthetic_hybrid,0.79,True
wks-0370,Windows,10,16,16,False,True,[ 139  445 8000],['Print Spooler' 'RDP' 'SSH'],['Docker Desktop' 'Git' 'IntelliJ' 'Node.js' 'PyCharm' 'VS Code'],['Data Scientists' 'Developers'],Power User,Developer Workstation,Moderate,Moderate,Moderate,synthetic_ml_seed,0.78,True
wks-0371,Windows,11,8,16,True,True,[ 135  445 3389],['OneDrive Sync' 'RDP'],['Chrome' 'Firefox' 'Office' 'Teams' 'Workday'],['Training'],Standard User,HR Workstation,High,High,Moderate,synthetic_rules,0.95,True
wks-0372,Windows,10,4,64,False,True,[135 139 445],['Defender' 'EDR Agent' 'RDP' 'VPN Client'],['Chrome' 'Docker Desktop' 'Git' 'IntelliJ' 'Node.js' 'PyCharm' 'VS Code'],['Developers' 'Domain Users'],Standard User,Developer Workstation,Moderate,Moderate,Moderate,synthetic_hybrid,0.95,True
wks-0373,Windows,11,32,16,False,True,[8888],['Backup Agent' 'RDP' 'SSH' 'VPN Client'],['Chrome' 'Firefox' 'Office' 'Postman' 'Selenium'],['IT Operations'],Standard User,QA Test Workstation,Moderate,Moderate,Moderate,synthetic_ml_seed,0.94,True
wks-0374,Windows,10,4,32,False,True,[135],[],['Firefox' 'Office' 'Teams' 'VPN Client' 'Workday'],['Domain Users' 'IT Operations'],Local Admin,HR Workstation,High,High,Moderate,synthetic_ml_seed,0.73,True
wks-0375,Windows,11,4,16,False,True,[ 139 8888],['EDR Agent' 'RDP' 'SSH'],['Chrome' 'Firefox' 'Postman' 'Selenium' 'Teams'],['Data Scientists'],Power User,QA Test Workstation,Moderate,Moderate,Moderate,synthetic_hybrid,0.83,True
wks-0376,Windows,10,4,16,False,True,[ 445 3389],[],"['Chrome' 'Firefox' 'PowerShell' 'PuTTY' 'RSAT' 'VMware Workstation'
 'VPN Client']",['Finance' 'Retail'],Standard User,IT Admin Workstation,High,High,Moderate,synthetic_hybrid,0.81,True
wks-0377,Windows,11,8,16,False,True,[135],['Defender' 'OneDrive Sync' 'SSH' 'VPN Client'],['Chrome' 'Office' 'Teams' 'Zoom'],['Developers' 'HR'],Standard User,Standard User Workstation,Moderate,Moderate,Moderate,synthetic_ml_seed,0.76,True
wks-0378,macOS,13,8,16,True,False,[ 631 8000],[],['Anaconda' 'Jupyter' 'PyTorch' 'Python' 'RStudio' 'TensorFlow'],['SOC'],Standard User,Data Science Workstation,Moderate,Moderate,Moderate,synthetic_hybrid,0.75,True
wks-0379,macOS,13,4,8,False,True,[ 22 631],['Defender' 'EDR Agent' 'SSH' 'VPN Client'],['POS Client' 'Receipt Printer Driver' 'Teams' 'VPN Client'],['Engineering' 'QA'],Power User,Point of Sale Workstation,Moderate,Moderate,High,synthetic_hybrid,0.83,True
wks-0380,Ubuntu Desktop,22.04,4,16,False,True,[631],['Print Spooler' 'RDP'],['Excel' 'Power BI Desktop' 'SAP GUI'],['Retail'],Power User,Finance Workstation,High,High,Moderate,synthetic_hybrid,0.74,True
wks-0381,Windows,11,8,8,False,True,[ 139 3389],['RDP' 'SSH'],['Firefox' 'Office' 'PuTTY' 'RDP' 'ServiceNow' 'Teams' 'VPN Client'],['IT Operations'],Local Admin,Help Desk Workstation,Moderate,High,High,synthetic_rules,0.93,True
wks-0382,Windows,11,32,8,False,True,[135 139 445],['EDR Agent' 'Print Spooler' 'RDP' 'VPN Client'],['Chrome' 'POS Client' 'Receipt Printer Driver' 'Teams'],['Executives' 'Finance'],Power User,Point of Sale Workstation,Moderate,Moderate,High,synthetic_hybrid,0.7,True
wks-0383,Windows,10,16,64,False,True,[135 139 445],['Backup Agent' 'OneDrive Sync' 'VPN Client'],['Chrome' 'KioskShell' 'Teams' 'Zoom'],['Domain Users' 'HR'],Local Admin,Kiosk Workstation,Moderate,High,Moderate,synthetic_ml_seed,0.95,True
wks-0384,Windows,10,16,16,False,True,[ 135  139  445 3389],['Backup Agent' 'OneDrive Sync' 'Print Spooler' 'RDP'],['Chrome' 'Office' 'Teams' 'Workday'],['Developers' 'Training'],Local Admin,HR Workstation,High,High,Moderate,synthetic_ml_seed,0.97,True
wks-0385,macOS,13,8,64,True,False,[ 22 631],['OneDrive Sync' 'RDP'],['Chrome' 'Office' 'Teams'],['Developers' 'Executives'],Local Admin,Standard User Workstation,Moderate,High,Moderate,synthetic_rules,0.96,True
wks-0386,Windows,11,4,16,True,True,[ 135  139  445 3389],['Backup Agent' 'RDP' 'SSH'],['Chrome' 'KioskShell'],['HR'],Power User,Kiosk Workstation,Moderate,Moderate,Moderate,synthetic_ml_seed,0.81,True
wks-0387,Windows,11,8,16,False,True,[445],['Backup Agent' 'Print Spooler' 'VPN Client'],['Chrome' 'Office' 'VPN Client' 'VS Code'],['Data Scientists' 'Retail'],Standard User,Training Lab Workstation,Moderate,Moderate,Moderate,synthetic_ml_seed,0.72,True
wks-0388,macOS,13,4,16,False,True,[631],['Backup Agent' 'Print Spooler' 'RDP' 'VPN Client'],['Chrome' 'Postman' 'Selenium' 'Teams'],['Retail' 'SOC'],Standard User,QA Test Workstation,Moderate,Moderate,Moderate,synthetic_rules,0.83,True
wks-0389,Windows,11,4,32,False,True,[3389],['Backup Agent' 'Defender' 'EDR Agent' 'SSH'],['Firefox' 'Office' 'Teams' 'Zoom'],['Engineering' 'SOC'],Standard User,Executive Workstation,High,High,Moderate,synthetic_rules,0.8,True
wks-0390,macOS,14,4,8,True,False,[ 631 8000 8888],['Backup Agent' 'Defender' 'OneDrive Sync' 'Print Spooler'],['Anaconda' 'Jupyter' 'PyTorch' 'Python' 'RStudio' 'TensorFlow'],['Executives' 'Help Desk'],Power User,Data Science Workstation,Moderate,Moderate,Moderate,synthetic_rules,0.76,True
wks-0391,Windows,10,8,16,False,True,[ 139  445 3389],['Defender' 'EDR Agent' 'Print Spooler' 'RDP'],['Chrome' 'Firefox' 'Office' 'VS Code'],['Executives'],Standard User,Training Lab Workstation,Moderate,Moderate,Moderate,synthetic_rules,0.83,True
wks-0392,Windows,11,4,32,True,True,[ 135 3389],['Backup Agent' 'OneDrive Sync' 'Print Spooler'],"['Anaconda' 'Firefox' 'Jupyter' 'PyTorch' 'Python' 'RStudio' 'Teams'
 'TensorFlow']",['Help Desk'],Local Admin,Data Science Workstation,Moderate,High,Moderate,synthetic_rules,0.8,True
wks-0393,Windows,11,16,64,False,True,[ 445 3389 8000 8888],['Print Spooler' 'RDP' 'VPN Client'],['Docker Desktop' 'Git' 'IntelliJ' 'Node.js' 'PyCharm' 'VS Code'],['Developers' 'Engineering'],Local Admin,Developer Workstation,Moderate,High,Moderate,synthetic_rules,0.76,True
wks-0394,Ubuntu Desktop,22.04,4,16,False,True,[ 22 631],['Defender' 'Print Spooler' 'VPN Client'],['CRM Client' 'Chrome' 'Office' 'Softphone'],['Executives' 'Finance'],Local Admin,Call Center Workstation,Moderate,High,High,synthetic_rules,0.72,True
wks-0395,Ubuntu Desktop,22.04,4,8,False,True,[22],['RDP' 'SSH'],['Office' 'PowerShell' 'PuTTY' 'RSAT' 'Teams' 'VMware Workstation'],['SOC' 'Training'],Local Admin,IT Admin Workstation,High,High,Moderate,synthetic_rules,0.93,True
wks-0396,Ubuntu Desktop,22.04,8,32,False,True,[  22 5601],[],['Burp Suite' 'Chrome' 'Splunk' 'Sysinternals' 'Teams' 'Wireshark'],['Call Center'],Standard User,SOC Analyst Workstation,High,High,Moderate,synthetic_hybrid,0.78,True
wks-0397,Windows,10,32,8,True,True,[ 445 3389],[],['CRM Client' 'Chrome' 'Softphone'],['Call Center' 'Developers'],Privileged Admin,Call Center Workstation,Moderate,High,High,synthetic_ml_seed,0.94,True
wks-0398,macOS,13,4,64,True,False,[631],['Defender' 'OneDrive Sync' 'Print Spooler'],['POS Client' 'Receipt Printer Driver' 'Teams' 'VPN Client'],['Developers' 'SOC'],Privileged Admin,Point of Sale Workstation,Moderate,High,High,synthetic_ml_seed,0.9,True
wks-0399,Windows,11,8,32,False,True,[ 135  139  445 3389],['Backup Agent' 'SSH'],['Chrome' 'Office' 'VS Code' 'Zoom'],['Domain Users' 'SOC'],Power User,Training Lab Workstation,Moderate,Moderate,Moderate,synthetic_ml_seed,0.72,True
wks-0400,Ubuntu Desktop,22.04,32,16,True,True,[22],['Defender' 'OneDrive Sync' 'VPN Client'],['PuTTY' 'RDP' 'ServiceNow' 'Teams'],['Engineering'],Power User,Help Desk Workstation,Moderate,Moderate,High,synthetic_ml_seed,0.75,True
wks-0401,Windows,10,4,16,True,True,[3389],['Backup Agent' 'Print Spooler' 'VPN Client'],['AutoCAD' 'MATLAB' 'SolidWorks'],['SOC'],Standard User,Engineering CAD Workstation,Moderate,Moderate,Moderate,synthetic_ml_seed,0.72,True
wks-0402,Windows,11,8,16,False,True,[ 135  445 3389],['Defender' 'RDP' 'SSH' 'VPN Client'],['PuTTY' 'RDP' 'ServiceNow' 'Teams'],['Training'],Power User,Help Desk Workstation,Moderate,Moderate,High,synthetic_rules,0.86,True
wks-0403,Windows,11,4,64,False,True,[ 139  445 3389 8888],['Backup Agent' 'EDR Agent'],['Chrome' 'Postman' 'Selenium'],['SOC'],Local Admin,QA Test Workstation,Moderate,High,Moderate,synthetic_ml_seed,0.7,True
wks-0404,Windows,11,8,32,True,True,[ 135  139 3389],[],['AutoCAD' 'MATLAB' 'SolidWorks'],['Data Scientists' 'QA'],Standard User,Engineering CAD Workstation,Moderate,Moderate,Moderate,synthetic_ml_seed,0.85,True
wks-0405,Windows,10,16,64,False,True,[139],[],['Office' 'PowerShell' 'PuTTY' 'RSAT' 'VMware Workstation' 'VPN Client'],['Help Desk'],Power User,IT Admin Workstation,High,High,Moderate,synthetic_ml_seed,0.94,True
wks-0406,Windows,10,4,64,False,True,[135],['EDR Agent' 'OneDrive Sync'],['Excel' 'Firefox' 'Office' 'Power BI Desktop' 'SAP GUI'],['Training'],Standard User,Finance Workstation,High,High,Moderate,synthetic_ml_seed,0.96,True
wks-0407,Windows,10,32,64,False,True,[ 135  139  445 3389],['EDR Agent' 'Print Spooler' 'VPN Client'],['Excel' 'Office' 'Power BI Desktop' 'SAP GUI'],['Developers' 'Finance'],Standard User,Finance Workstation,High,High,Moderate,synthetic_rules,0.8,True
wks-0408,Windows,11,4,16,False,True,[135 139],['Backup Agent' 'Defender' 'RDP'],['Chrome' 'KioskShell'],['Domain Users'],Local Admin,Kiosk Workstation,Moderate,High,Moderate,synthetic_ml_seed,0.98,True
wks-0409,Windows,11,32,16,False,True,[ 135  139  445 3389],[],['Chrome' 'Firefox' 'Office' 'VPN Client' 'VS Code'],['Help Desk'],Standard User,Training Lab Workstation,Moderate,Moderate,Moderate,synthetic_hybrid,0.97,True
wks-0410,Windows,10,8,8,False,True,[135],['OneDrive Sync' 'SSH'],['Chrome' 'PuTTY' 'RDP' 'ServiceNow' 'Teams' 'VPN Client' 'Zoom'],['Data Scientists'],Standard User,Help Desk Workstation,Moderate,Moderate,High,synthetic_ml_seed,0.74,True
wks-0411,Windows,11,16,16,True,True,[135 445],[],['Adobe Creative Cloud' 'Blender' 'Figma' 'Firefox' 'Teams' 'VPN Client'],['Data Scientists' 'Domain Users'],Standard User,Graphic Design Workstation,Moderate,Moderate,Moderate,synthetic_ml_seed,0.9,True
wks-0412,Windows,11,32,8,False,True,[445],['Print Spooler' 'SSH'],['PuTTY' 'RDP' 'ServiceNow' 'Teams' 'Zoom'],['Domain Users' 'Training'],Local Admin,Help Desk Workstation,Moderate,High,High,synthetic_rules,0.74,True
wks-0413,Windows,10,8,16,False,True,[ 135  139  445 3389],[],['Chrome' 'Office' 'Teams'],['Data Scientists' 'Training'],Power User,Standard User Workstation,Moderate,Moderate,Moderate,synthetic_hybrid,0.8,True
wks-0414,Ubuntu Desktop,22.04,32,64,False,True,[ 22 631],['Backup Agent' 'VPN Client'],['Chrome' 'Office' 'Teams'],['IT Operations' 'Retail'],Standard User,Standard User Workstation,Moderate,Moderate,Moderate,synthetic_rules,0.89,True
wks-0415,Windows,10,32,64,False,True,[ 139  445 3389],['OneDrive Sync' 'VPN Client'],['PowerShell' 'PuTTY' 'RSAT' 'VMware Workstation'],['Help Desk' 'Retail'],Local Admin,IT Admin Workstation,High,High,Moderate,synthetic_rules,0.86,True
wks-0416,Windows,11,8,32,False,True,[135 139],['OneDrive Sync' 'SSH'],['Chrome' 'Postman' 'Selenium' 'Zoom'],['Developers'],Local Admin,QA Test Workstation,Moderate,High,Moderate,synthetic_hybrid,0.95,True
wks-0417,Windows,11,8,32,False,True,[ 135  445 3389],['Print Spooler' 'VPN Client'],['Office' 'Teams' 'VPN Client' 'Workday' 'Zoom'],['SOC'],Standard User,HR Workstation,High,High,Moderate,synthetic_rules,0.92,True
wks-0418,Windows,10,8,32,False,True,[445],['EDR Agent' 'RDP' 'VPN Client'],['Burp Suite' 'Splunk' 'Sysinternals' 'VPN Client' 'Wireshark'],['Finance' 'IT Operations'],Power User,SOC Analyst Workstation,High,High,Moderate,synthetic_ml_seed,0.96,True
wks-0419,Ubuntu Desktop,22.04,8,8,False,True,[ 22 631],[],"['Firefox' 'PowerShell' 'PuTTY' 'RSAT' 'VMware Workstation' 'VPN Client'
 'Zoom']",['QA' 'Retail'],Standard User,IT Admin Workstation,High,High,Moderate,synthetic_hybrid,0.87,True
wks-0420,macOS,13,4,64,False,False,[22],['Backup Agent' 'Defender' 'Print Spooler'],['Excel' 'Power BI Desktop' 'SAP GUI'],['Help Desk' 'SOC'],Standard User,Finance Workstation,High,High,Moderate,synthetic_hybrid,0.91,True
wks-0421,Windows,11,8,64,True,True,[ 135  139  445 3389],[],['Chrome' 'Office' 'VS Code'],['Call Center' 'Engineering'],Standard User,Training Lab Workstation,Moderate,Moderate,Moderate,synthetic_ml_seed,0.74,True
wks-0422,Windows,10,4,32,True,True,[ 139  445 8888],[],['Anaconda' 'Jupyter' 'PyTorch' 'Python' 'RStudio' 'TensorFlow'],['HR' 'SOC'],Power User,Data Science Workstation,Moderate,Moderate,Moderate,synthetic_hybrid,0.78,True
wks-0423,macOS,14,32,16,True,False,[  22  631 8000 8888],['EDR Agent' 'OneDrive Sync' 'RDP' 'SSH'],"['Anaconda' 'Firefox' 'Jupyter' 'Office' 'PyTorch' 'Python' 'RStudio'
 'TensorFlow']",['Engineering' 'Help Desk'],Standard User,Data Science Workstation,Moderate,Moderate,Moderate,synthetic_rules,0.8,True
wks-0424,Ubuntu Desktop,22.04,8,16,True,True,[8888],['Defender' 'EDR Agent' 'OneDrive Sync' 'SSH'],['Anaconda' 'Jupyter' 'PyTorch' 'Python' 'RStudio' 'TensorFlow'],['Engineering'],Local Admin,Data Science Workstation,Moderate,High,Moderate,synthetic_hybrid,0.81,True
wks-0425,Windows,10,4,8,True,True,[ 135  445 3389],['EDR Agent' 'RDP' 'VPN Client'],['Excel' 'Firefox' 'Office' 'Power BI Desktop' 'SAP GUI' 'VPN Client'],['IT Operations'],Standard User,Finance Workstation,High,High,Moderate,synthetic_rules,0.87,True
wks-0426,Windows,11,8,32,False,True,[135],[],['Docker Desktop' 'Git' 'IntelliJ' 'Node.js' 'PyCharm' 'VS Code'],['Developers' 'HR'],Standard User,Developer Workstation,Moderate,Moderate,Moderate,synthetic_rules,0.76,True
wks-0427,macOS,14,4,16,False,False,[631],['Backup Agent' 'OneDrive Sync' 'Print Spooler' 'SSH'],['Office' 'Teams' 'VPN Client' 'Workday'],['Domain Users' 'Help Desk'],Power User,HR Workstation,High,High,Moderate,synthetic_rules,0.88,True
wks-0428,macOS,13,8,32,True,False,[ 22 631],['Backup Agent' 'EDR Agent' 'Print Spooler' 'SSH'],['AutoCAD' 'MATLAB' 'SolidWorks'],['Call Center' 'Engineering'],Standard User,Engineering CAD Workstation,Moderate,Moderate,Moderate,synthetic_rules,0.89,True
wks-0429,Ubuntu Desktop,22.04,8,32,True,True,[ 22 631],['EDR Agent' 'VPN Client'],['AutoCAD' 'MATLAB' 'SolidWorks'],['SOC'],Local Admin,Engineering CAD Workstation,Moderate,High,Moderate,synthetic_rules,0.7,True
wks-0430,Windows,11,16,16,True,True,[ 139 3389],['Print Spooler' 'SSH'],['Chrome' 'Office' 'Postman' 'Selenium' 'Teams' 'VPN Client'],['IT Operations'],Local Admin,QA Test Workstation,Moderate,High,Moderate,synthetic_ml_seed,0.94,True
wks-0431,macOS,13,4,64,False,False,[631],['Backup Agent' 'EDR Agent' 'RDP'],['Chrome' 'Office' 'Teams'],['Developers' 'HR'],Local Admin,Standard User Workstation,Moderate,High,Moderate,synthetic_hybrid,0.89,True
wks-0432,Windows,10,8,16,False,True,[139 445],['Backup Agent' 'Print Spooler' 'VPN Client'],['Excel' 'Office' 'Power BI Desktop' 'SAP GUI' 'Teams'],['IT Operations'],Power User,Finance Workstation,High,High,Moderate,synthetic_rules,0.8,True
wks-0433,Ubuntu Desktop,22.04,4,16,False,True,[ 631 5601],['OneDrive Sync' 'SSH'],"['Burp Suite' 'Chrome' 'Firefox' 'Splunk' 'Sysinternals' 'VPN Client'
 'Wireshark']",['Engineering' 'Retail'],Standard User,SOC Analyst Workstation,High,High,Moderate,synthetic_hybrid,0.71,True
wks-0434,Windows,11,4,16,False,True,[ 139  445 3389],['Backup Agent' 'Defender'],['Chrome' 'Office' 'Postman' 'Selenium' 'VPN Client'],['Finance' 'IT Operations'],Local Admin,QA Test Workstation,Moderate,High,Moderate,synthetic_hybrid,0.89,True
wks-0435,Windows,10,32,16,False,True,[ 135  139  445 3389],['Defender' 'Print Spooler' 'SSH' 'VPN Client'],['PuTTY' 'RDP' 'ServiceNow' 'Teams' 'VPN Client'],['Developers' 'Help Desk'],Standard User,Help Desk Workstation,Moderate,Moderate,High,synthetic_ml_seed,0.98,True
wks-0436,Windows,11,8,16,False,True,[139 445],['Print Spooler' 'SSH'],['Chrome' 'KioskShell'],['Call Center' 'IT Operations'],Power User,Kiosk Workstation,Moderate,Moderate,Moderate,synthetic_rules,0.86,True
wks-0437,Windows,11,4,64,True,True,[ 135  139 3389],['Print Spooler' 'RDP'],['Adobe Creative Cloud' 'Blender' 'Figma' 'Teams'],['HR'],Standard User,Graphic Design Workstation,Moderate,Moderate,Moderate,synthetic_rules,0.88,True
wks-0438,Windows,11,32,32,False,True,[ 135  139  445 3389],['Defender' 'EDR Agent' 'RDP' 'SSH'],['CRM Client' 'Chrome' 'Office' 'Softphone' 'Teams'],['Developers'],Standard User,Call Center Workstation,Moderate,Moderate,High,synthetic_ml_seed,0.76,True
wks-0439,Windows,10,8,64,False,True,[135],['OneDrive Sync' 'Print Spooler'],['Chrome' 'Office' 'POS Client' 'Receipt Printer Driver' 'Zoom'],['Help Desk' 'SOC'],Standard User,Point of Sale Workstation,Moderate,Moderate,High,synthetic_hybrid,0.75,True
wks-0440,Windows,10,4,8,False,True,[ 139  445 3389],['Backup Agent' 'EDR Agent' 'Print Spooler' 'VPN Client'],['Office' 'PowerShell' 'PuTTY' 'RSAT' 'VMware Workstation'],['SOC' 'Training'],Standard User,IT Admin Workstation,High,High,Moderate,synthetic_ml_seed,0.71,True
wks-0441,Windows,10,16,64,False,True,[139],['Backup Agent' 'EDR Agent' 'OneDrive Sync'],['Chrome' 'Postman' 'Selenium'],['HR'],Standard User,QA Test Workstation,Moderate,Moderate,Moderate,synthetic_rules,0.89,True
wks-0442,macOS,14,8,16,False,True,[ 22 631],['Defender' 'OneDrive Sync' 'Print Spooler' 'VPN Client'],['CRM Client' 'Chrome' 'Firefox' 'Softphone'],['QA'],Standard User,Call Center Workstation,Moderate,Moderate,High,synthetic_rules,0.84,True
wks-0443,macOS,13,8,16,False,True,[22],[],['Firefox' 'Office' 'Teams' 'VPN Client' 'Zoom'],['Retail' 'Training'],Local Admin,Executive Workstation,High,High,Moderate,synthetic_hybrid,0.74,True
wks-0444,Windows,11,4,16,False,True,[135 139],['Backup Agent' 'EDR Agent' 'Print Spooler' 'VPN Client'],['POS Client' 'Receipt Printer Driver' 'Zoom'],['QA' 'Retail'],Power User,Point of Sale Workstation,Moderate,Moderate,High,synthetic_ml_seed,0.95,True
wks-0445,macOS,13,8,32,True,False,[ 22 631],['OneDrive Sync' 'SSH' 'VPN Client'],['AutoCAD' 'MATLAB' 'Office' 'SolidWorks' 'VPN Client'],['Developers' 'HR'],Local Admin,Engineering CAD Workstation,Moderate,High,Moderate,synthetic_rules,0.73,True
wks-0446,Windows,10,32,16,True,True,[135 445],['OneDrive Sync' 'RDP' 'VPN Client'],['PowerShell' 'PuTTY' 'RSAT' 'VMware Workstation'],['Call Center' 'IT Operations'],Local Admin,IT Admin Workstation,High,High,Moderate,synthetic_hybrid,0.78,True
wks-0447,Windows,11,4,16,False,True,[135 139],['Defender' 'EDR Agent'],['POS Client' 'Receipt Printer Driver' 'Zoom'],['Help Desk'],Standard User,Point of Sale Workstation,Moderate,Moderate,High,synthetic_rules,0.7,True
wks-0448,macOS,13,8,32,False,True,[8888],['Defender' 'OneDrive Sync' 'RDP'],['Chrome' 'Firefox' 'Postman' 'Selenium' 'Teams'],['Domain Users' 'IT Operations'],Standard User,QA Test Workstation,Moderate,Moderate,Moderate,synthetic_rules,0.85,True
wks-0449,Windows,11,4,32,True,True,[135 445],['Defender' 'OneDrive Sync' 'RDP' 'VPN Client'],"['Anaconda' 'Firefox' 'Jupyter' 'PyTorch' 'Python' 'RStudio' 'TensorFlow'
 'Zoom']",['Finance'],Standard User,Data Science Workstation,Moderate,Moderate,Moderate,synthetic_hybrid,0.91,True
wks-0450,Windows,11,8,32,False,True,[ 135  139  445 3389],['Print Spooler' 'RDP' 'SSH'],['Chrome' 'Excel' 'Power BI Desktop' 'SAP GUI' 'Zoom'],['Domain Users' 'QA'],Standard User,Finance Workstation,High,High,Moderate,synthetic_rules,0.74,True
wks-0451,macOS,13,16,32,False,True,[631],['Backup Agent' 'Print Spooler'],['PowerShell' 'PuTTY' 'RSAT' 'VMware Workstation'],['Engineering'],Privileged Admin,IT Admin Workstation,High,High,Moderate,synthetic_rules,0.7,True
wks-0452,Windows,10,8,16,True,True,[ 445 3389],['Defender' 'Print Spooler' 'VPN Client'],['CRM Client' 'Chrome' 'Softphone' 'Teams'],['SOC'],Standard User,Call Center Workstation,Moderate,Moderate,High,synthetic_hybrid,0.84,True
wks-0453,Ubuntu Desktop,22.04,4,64,False,True,[ 22 631],['Defender' 'EDR Agent' 'Print Spooler' 'VPN Client'],['Chrome' 'KioskShell' 'Teams'],['Executives' 'HR'],Standard User,Kiosk Workstation,Moderate,Moderate,Moderate,synthetic_rules,0.76,True
wks-0454,Windows,10,32,8,False,True,[139],[],['Chrome' 'KioskShell' 'Zoom'],['Executives' 'SOC'],Local Admin,Kiosk Workstation,Moderate,High,Moderate,synthetic_hybrid,0.88,True
wks-0455,Windows,11,4,16,False,True,[ 135 3389 8000 8888],[],['Chrome' 'Postman' 'Selenium'],['Domain Users'],Standard User,QA Test Workstation,Moderate,Moderate,Moderate,synthetic_rules,0.86,True
wks-0456,macOS,14,8,8,True,False,[ 22 631],['Backup Agent' 'EDR Agent' 'RDP'],['CRM Client' 'Chrome' 'Softphone'],['Call Center' 'Finance'],Local Admin,Call Center Workstation,Moderate,High,High,synthetic_rules,0.87,True
wks-0457,Windows,10,8,32,False,True,[ 135  139  445 3389],['Backup Agent' 'OneDrive Sync' 'SSH'],['PuTTY' 'RDP' 'ServiceNow' 'Teams'],['Call Center'],Power User,Help Desk Workstation,Moderate,Moderate,High,synthetic_rules,0.94,True
wks-0458,Ubuntu Desktop,22.04,4,16,False,True,[  22  631 8000 8888],[],['Chrome' 'Office' 'Postman' 'Selenium'],['Domain Users' 'SOC'],Standard User,QA Test Workstation,Moderate,Moderate,Moderate,synthetic_ml_seed,0.92,True
wks-0459,Ubuntu Desktop,22.04,4,64,True,True,[ 22 631],[],['CRM Client' 'Chrome' 'Softphone'],['IT Operations'],Standard User,Call Center Workstation,Moderate,Moderate,High,synthetic_rules,0.89,True
wks-0460,macOS,13,8,32,False,True,[22],['Backup Agent' 'OneDrive Sync' 'Print Spooler' 'VPN Client'],['Chrome' 'KioskShell' 'Office' 'Teams' 'VPN Client'],['Data Scientists' 'IT Operations'],Power User,Kiosk Workstation,Moderate,Moderate,Moderate,synthetic_ml_seed,0.95,True
wks-0461,Windows,10,16,16,False,True,[ 135  445 3389],['Defender' 'OneDrive Sync' 'RDP' 'VPN Client'],['CRM Client' 'Chrome' 'Softphone'],['Executives' 'SOC'],Standard User,Call Center Workstation,Moderate,Moderate,High,synthetic_hybrid,0.7,True
wks-0462,Windows,11,16,16,False,True,[ 135  139  445 3389],['Defender' 'Print Spooler' 'RDP'],['Chrome' 'Office' 'VS Code'],['Engineering' 'IT Operations'],Power User,Training Lab Workstation,Moderate,Moderate,Moderate,synthetic_rules,0.71,True
wks-0463,Windows,11,8,16,False,True,[ 135  139  445 3389],['Defender' 'Print Spooler'],['Office' 'Teams' 'Workday'],['Data Scientists' 'Developers'],Local Admin,HR Workstation,High,High,Moderate,synthetic_ml_seed,0.83,True
wks-0464,Windows,10,8,64,False,True,[135 445],['Defender' 'Print Spooler'],['Excel' 'Power BI Desktop' 'SAP GUI'],['Engineering'],Local Admin,Finance Workstation,High,High,Moderate,synthetic_ml_seed,0.77,True
wks-0465,Windows,10,8,8,False,True,[ 135  139  445 3389],['Backup Agent' 'EDR Agent' 'VPN Client'],['Firefox' 'Office' 'PuTTY' 'RDP' 'ServiceNow' 'Teams'],['Data Scientists' 'Developers'],Standard User,Help Desk Workstation,Moderate,Moderate,High,synthetic_ml_seed,0.77,True
wks-0466,Ubuntu Desktop,22.04,8,16,False,True,[ 631 8000 8888],['Defender' 'OneDrive Sync' 'Print Spooler'],['Chrome' 'Postman' 'Selenium'],['HR'],Standard User,QA Test Workstation,Moderate,Moderate,Moderate,synthetic_rules,0.81,True
wks-0467,macOS,14,8,32,False,True,[631],['Backup Agent' 'RDP'],['Burp Suite' 'Splunk' 'Sysinternals' 'Wireshark'],['Call Center' 'SOC'],Local Admin,SOC Analyst Workstation,High,High,Moderate,synthetic_ml_seed,0.84,True
wks-0468,Windows,10,4,64,False,True,[ 135 3389],[],['POS Client' 'Receipt Printer Driver'],['Developers'],Standard User,Point of Sale Workstation,Moderate,Moderate,High,synthetic_ml_seed,0.92,True
wks-0469,Windows,11,16,64,False,True,[ 135  139  445 3389],[],['PowerShell' 'PuTTY' 'RSAT' 'VMware Workstation'],['Data Scientists' 'Retail'],Privileged Admin,IT Admin Workstation,High,High,Moderate,synthetic_hybrid,0.88,True
wks-0470,Ubuntu Desktop,22.04,4,32,False,True,[ 22 631],['EDR Agent' 'Print Spooler'],['Chrome' 'KioskShell'],['IT Operations'],Standard User,Kiosk Workstation,Moderate,Moderate,Moderate,synthetic_rules,0.8,True
wks-0471,Ubuntu Desktop,22.04,8,16,True,True,[  22 8000 8888],['Backup Agent' 'Defender'],['Anaconda' 'Jupyter' 'PyTorch' 'Python' 'RStudio' 'TensorFlow'],['Executives' 'HR'],Standard User,Data Science Workstation,Moderate,Moderate,Moderate,synthetic_rules,0.78,True
wks-0472,Windows,11,16,16,True,True,[135],[],"['Anaconda' 'Firefox' 'Jupyter' 'PyTorch' 'Python' 'RStudio' 'Teams'
 'TensorFlow']",['QA' 'Training'],Standard User,Data Science Workstation,Moderate,Moderate,Moderate,synthetic_rules,0.73,True
wks-0473,Windows,10,16,32,False,True,[ 135 3389],[],['Chrome' 'KioskShell' 'Office' 'Zoom'],['SOC' 'Training'],Power User,Kiosk Workstation,Moderate,Moderate,Moderate,synthetic_hybrid,0.95,True
wks-0474,Windows,10,8,64,False,True,[139 445],['Backup Agent' 'Defender' 'Print Spooler'],['Office' 'Teams' 'Workday'],['Executives' 'IT Operations'],Power User,HR Workstation,High,High,Moderate,synthetic_hybrid,0.74,True
wks-0475,Windows,10,8,64,False,True,[3389],['Backup Agent' 'Defender' 'SSH'],['Office' 'Teams' 'Zoom'],['Domain Users'],Standard User,Executive Workstation,High,High,Moderate,synthetic_ml_seed,0.81,True
wks-0476,Windows,11,16,16,True,True,[ 139 8000 8888],['Backup Agent' 'Defender' 'OneDrive Sync' 'VPN Client'],['Anaconda' 'Jupyter' 'PyTorch' 'Python' 'RStudio' 'Teams' 'TensorFlow'],['Data Scientists' 'SOC'],Standard User,Data Science Workstation,Moderate,Moderate,Moderate,synthetic_ml_seed,0.73,True
wks-0477,Windows,11,8,8,True,True,[ 135 3389],['Defender' 'OneDrive Sync'],['Chrome' 'Office' 'PowerShell' 'PuTTY' 'RSAT' 'VMware Workstation'],['Data Scientists' 'HR'],Local Admin,IT Admin Workstation,High,High,Moderate,synthetic_ml_seed,0.84,True
wks-0478,Windows,11,4,16,False,True,[ 135 3389],['Backup Agent' 'EDR Agent' 'Print Spooler' 'SSH'],['Office' 'Teams' 'Zoom'],['Retail' 'Training'],Standard User,Executive Workstation,High,High,Moderate,synthetic_ml_seed,0.75,True
wks-0479,Windows,10,4,16,False,True,[ 135  139  445 3389],['Backup Agent' 'OneDrive Sync' 'SSH'],['PuTTY' 'RDP' 'ServiceNow' 'Teams'],['SOC'],Power User,Help Desk Workstation,Moderate,Moderate,High,synthetic_hybrid,0.9,True
wks-0480,macOS,13,16,8,False,True,[8000],['Defender' 'OneDrive Sync' 'SSH'],['Docker Desktop' 'Git' 'IntelliJ' 'Node.js' 'PyCharm' 'VS Code' 'Zoom'],['Developers' 'Domain Users' 'Engineering'],Power User,Developer Workstation,Moderate,Moderate,Moderate,synthetic_rules,0.92,True
wks-0481,Windows,11,4,16,False,True,[ 135  139  445 3389],['Defender' 'EDR Agent' 'Print Spooler' 'VPN Client'],['Chrome' 'KioskShell'],['Domain Users'],Standard User,Kiosk Workstation,Moderate,Moderate,Moderate,synthetic_ml_seed,0.72,True
wks-0482,macOS,14,4,8,False,True,[22],[],['Firefox' 'PuTTY' 'RDP' 'ServiceNow' 'Teams' 'VPN Client'],['Developers' 'HR'],Power User,Help Desk Workstation,Moderate,Moderate,High,synthetic_rules,0.97,True
wks-0483,Windows,11,32,8,False,True,[135 139],[],['PowerShell' 'PuTTY' 'RSAT' 'VMware Workstation'],['IT Operations' 'Retail'],Local Admin,IT Admin Workstation,High,High,Moderate,synthetic_rules,0.75,True
wks-0484,macOS,13,32,16,False,False,[ 22 631],[],['Chrome' 'Firefox' 'Office' 'Teams' 'Zoom'],['Data Scientists' 'Retail'],Privileged Admin,Executive Workstation,High,High,Moderate,synthetic_hybrid,0.84,True
wks-0485,Windows,11,32,16,True,True,[135],['Defender' 'OneDrive Sync' 'Print Spooler' 'VPN Client'],['Firefox' 'Office' 'Teams' 'VPN Client' 'Zoom'],['IT Operations' 'SOC'],Standard User,Executive Workstation,High,High,Moderate,synthetic_rules,0.93,True
wks-0486,Windows,10,4,16,True,True,[ 135  139  445 3389],['Backup Agent' 'EDR Agent' 'RDP'],['PowerShell' 'PuTTY' 'RSAT' 'VMware Workstation'],['Finance' 'QA'],Privileged Admin,IT Admin Workstation,High,High,Moderate,synthetic_ml_seed,0.88,True
wks-0487,Windows,10,32,64,False,True,[ 139  445 3389],['Print Spooler' 'SSH'],['Chrome' 'Firefox' 'Office' 'Teams' 'Zoom'],['IT Operations'],Local Admin,Standard User Workstation,Moderate,High,Moderate,synthetic_rules,0.8,True
wks-0488,Windows,11,4,8,False,True,[ 139 3389],['Backup Agent' 'VPN Client'],['Office' 'Teams' 'Zoom'],['Domain Users' 'QA'],Local Admin,Executive Workstation,High,High,Moderate,synthetic_ml_seed,0.81,True
wks-0489,Ubuntu Desktop,22.04,4,16,False,True,[631],[],['Firefox' 'Office' 'Teams' 'Workday'],['Executives'],Standard User,HR Workstation,High,High,Moderate,synthetic_rules,0.7,True
wks-0490,Ubuntu Desktop,22.04,8,16,False,True,[  22  631 8000 8888],['RDP' 'VPN Client'],['Chrome' 'Postman' 'Selenium'],['Executives'],Standard User,QA Test Workstation,Moderate,Moderate,Moderate,synthetic_hybrid,0.97,True
wks-0491,Windows,10,4,32,True,True,[8000],['Defender' 'SSH'],"['Anaconda' 'Firefox' 'Jupyter' 'Office' 'PyTorch' 'Python' 'RStudio'
 'TensorFlow' 'Zoom']",['Engineering'],Standard User,Data Science Workstation,Moderate,Moderate,Moderate,synthetic_hybrid,0.85,True
wks-0492,Windows,10,8,16,True,True,[ 135  139  445 3389],['Backup Agent' 'EDR Agent' 'Print Spooler' 'VPN Client'],['Adobe Creative Cloud' 'Blender' 'Chrome' 'Figma' 'Teams'],['Call Center'],Standard User,Graphic Design Workstation,Moderate,Moderate,Moderate,synthetic_hybrid,0.91,True
wks-0493,macOS,13,4,16,True,False,[631],['Defender' 'SSH'],['Chrome' 'KioskShell' 'Office'],['Retail' 'SOC'],Power User,Kiosk Workstation,Moderate,Moderate,Moderate,synthetic_rules,0.9,True
wks-0494,Windows,11,4,16,False,True,[ 135 3389],[],['Chrome' 'Office' 'VPN Client' 'VS Code' 'Zoom'],['Developers'],Standard User,Training Lab Workstation,Moderate,Moderate,Moderate,synthetic_hybrid,0.94,True
wks-0495,Ubuntu Desktop,22.04,32,16,False,True,[ 22 631],['Backup Agent' 'EDR Agent' 'Print Spooler'],['Chrome' 'Office' 'Teams' 'VS Code'],['SOC' 'Training'],Local Admin,Training Lab Workstation,Moderate,High,Moderate,synthetic_hybrid,0.72,True
wks-0496,macOS,14,4,16,False,False,[ 22 631],['EDR Agent' 'OneDrive Sync' 'Print Spooler' 'VPN Client'],['Chrome' 'KioskShell' 'Teams'],['Training'],Local Admin,Kiosk Workstation,Moderate,High,Moderate,synthetic_ml_seed,0.96,True
wks-0497,Ubuntu Desktop,22.04,4,16,False,True,[631],['Defender' 'Print Spooler' 'RDP'],['Chrome' 'Firefox' 'Office' 'Teams' 'VPN Client'],['Retail'],Privileged Admin,Standard User Workstation,Moderate,High,Moderate,synthetic_rules,0.84,True
wks-0498,Windows,10,8,64,False,True,[ 135  139  445 3389],['Defender' 'OneDrive Sync' 'Print Spooler' 'RDP'],['Chrome' 'KioskShell' 'Office' 'Teams'],['Call Center'],Standard User,Kiosk Workstation,Moderate,Moderate,Moderate,synthetic_ml_seed,0.94,True
wks-0499,macOS,13,8,16,False,True,[  22  631 8888],['Defender' 'SSH'],['Chrome' 'Postman' 'Selenium'],['Engineering'],Standard User,QA Test Workstation,Moderate,Moderate,Moderate,synthetic_hybrid,0.7,True
wks-0500,Windows,10,8,32,False,True,[ 139 3389],['Defender' 'Print Spooler' 'SSH'],"['Docker Desktop' 'Git' 'IntelliJ' 'Node.js' 'PyCharm' 'Teams' 'VS Code'
 'Zoom']",['Developers' 'Engineering'],Standard User,Developer Workstation,Moderate,Moderate,Moderate,synthetic_hybrid,0.96,True
wks-0501,Windows,10,8,16,True,True,[139],['Backup Agent' 'VPN Client'],['Chrome' 'Office' 'VS Code'],['Call Center' 'Executives'],Standard User,Training Lab Workstation,Moderate,Moderate,Moderate,synthetic_rules,0.71,True
wks-0502,Windows,10,32,8,False,True,[ 139 3389],['Backup Agent' 'EDR Agent'],['PowerShell' 'PuTTY' 'RSAT' 'Teams' 'VMware Workstation'],['Domain Users'],Privileged Admin,IT Admin Workstation,High,High,Moderate,synthetic_rules,0.95,True
wks-0503,Windows,10,4,8,False,True,[135 139 445],['Backup Agent' 'Defender' 'Print Spooler' 'VPN Client'],['Burp Suite' 'Office' 'Splunk' 'Sysinternals' 'Teams' 'Wireshark' 'Zoom'],['Help Desk' 'Retail'],Standard User,SOC Analyst Workstation,High,High,Moderate,synthetic_rules,0.86,True
wks-0504,Windows,11,16,64,False,True,[139 445],['Backup Agent' 'Defender' 'OneDrive Sync'],['Chrome' 'Postman' 'Selenium'],['Finance'],Standard User,QA Test Workstation,Moderate,Moderate,Moderate,synthetic_hybrid,0.79,True
wks-0505,Windows,11,8,8,False,True,[8888],['Backup Agent' 'Defender' 'OneDrive Sync' 'VPN Client'],['Docker Desktop' 'Git' 'IntelliJ' 'Node.js' 'PyCharm' 'VS Code'],['Developers' 'Retail'],Power User,Developer Workstation,Moderate,Moderate,Moderate,synthetic_hybrid,0.98,True
wks-0506,Windows,10,8,8,False,True,[139],['Backup Agent' 'RDP'],['Chrome' 'Office' 'Teams' 'Zoom'],['Engineering'],Standard User,Standard User Workstation,Moderate,Moderate,Moderate,synthetic_ml_seed,0.95,True
wks-0507,Windows,11,8,32,False,True,[135 139 445],['RDP' 'SSH'],['Office' 'Teams' 'VPN Client' 'Workday' 'Zoom'],['Finance' 'Training'],Standard User,HR Workstation,High,High,Moderate,synthetic_rules,0.97,True
wks-0508,Windows,10,8,8,False,True,[135],[],['CRM Client' 'Chrome' 'Softphone' 'Teams'],['Engineering' 'QA'],Standard User,Call Center Workstation,Moderate,Moderate,High,synthetic_hybrid,0.99,True
wks-0509,Ubuntu Desktop,22.04,4,64,False,True,[ 22 631],['EDR Agent' 'OneDrive Sync'],['Firefox' 'Office' 'PuTTY' 'RDP' 'ServiceNow' 'Teams' 'Zoom'],['Call Center' 'QA'],Power User,Help Desk Workstation,Moderate,Moderate,High,synthetic_ml_seed,0.98,True
wks-0510,Ubuntu Desktop,22.04,4,16,True,True,[22],['Backup Agent' 'Defender' 'EDR Agent'],['Burp Suite' 'Splunk' 'Sysinternals' 'Wireshark' 'Zoom'],['HR'],Standard User,SOC Analyst Workstation,High,High,Moderate,synthetic_rules,0.8,True
wks-0511,Windows,11,8,8,True,True,[ 135  139  445 8000],['Defender' 'Print Spooler' 'RDP' 'SSH'],['Anaconda' 'Jupyter' 'PyTorch' 'Python' 'RStudio' 'TensorFlow'],['Retail'],Standard User,Data Science Workstation,Moderate,Moderate,Moderate,synthetic_hybrid,0.82,True
wks-0512,Windows,10,16,32,False,True,[135],['OneDrive Sync' 'Print Spooler' 'SSH'],['CRM Client' 'Chrome' 'Firefox' 'Softphone' 'VPN Client'],['Executives' 'QA'],Power User,Call Center Workstation,Moderate,Moderate,High,synthetic_hybrid,0.89,True
wks-0513,Ubuntu Desktop,22.04,8,8,False,True,[ 22 631],['Backup Agent' 'Defender' 'EDR Agent' 'RDP'],['PuTTY' 'RDP' 'ServiceNow' 'Teams' 'VPN Client'],['Help Desk'],Standard User,Help Desk Workstation,Moderate,Moderate,High,synthetic_hybrid,0.89,True
wks-0514,Windows,10,4,8,False,True,[139],['Defender' 'EDR Agent' 'SSH'],['Burp Suite' 'Splunk' 'Sysinternals' 'Wireshark'],['Executives'],Privileged Admin,SOC Analyst Workstation,High,High,Moderate,synthetic_ml_seed,0.82,True
wks-0515,Windows,10,4,8,False,True,[ 135  139  445 3389],['Defender' 'OneDrive Sync'],['Chrome' 'Office' 'Teams' 'VPN Client' 'Zoom'],['HR' 'IT Operations'],Local Admin,Executive Workstation,High,High,Moderate,synthetic_hybrid,0.82,True
wks-0516,Windows,11,8,64,False,True,[ 135  445 3389],['Backup Agent' 'Defender' 'Print Spooler' 'SSH'],['CRM Client' 'Chrome' 'Softphone'],['IT Operations' 'Retail'],Local Admin,Call Center Workstation,Moderate,High,High,synthetic_rules,0.72,True
wks-0517,Windows,11,4,32,False,True,[135 139 445],['Defender' 'EDR Agent'],['CRM Client' 'Chrome' 'Softphone' 'Teams' 'VPN Client'],['HR'],Privileged Admin,Call Center Workstation,Moderate,High,High,synthetic_ml_seed,0.75,True
wks-0518,Windows,10,8,16,True,True,[ 135  139  445 3389],['Backup Agent' 'Print Spooler' 'RDP' 'SSH'],['Anaconda' 'Jupyter' 'PyTorch' 'Python' 'RStudio' 'TensorFlow'],['Data Scientists' 'Executives'],Standard User,Data Science Workstation,Moderate,Moderate,Moderate,synthetic_rules,0.73,True
wks-0519,Ubuntu Desktop,22.04,4,16,False,True,[22],['OneDrive Sync' 'Print Spooler' 'SSH' 'VPN Client'],['Chrome' 'Postman' 'Selenium'],['Training'],Standard User,QA Test Workstation,Moderate,Moderate,Moderate,synthetic_rules,0.73,True
wks-0520,Windows,11,4,32,False,True,[ 139  445 3389],['EDR Agent' 'RDP' 'SSH' 'VPN Client'],['Chrome' 'Postman' 'Selenium'],['Call Center' 'Executives'],Standard User,QA Test Workstation,Moderate,Moderate,Moderate,synthetic_hybrid,0.77,True
wks-0521,macOS,13,8,64,True,False,[631],['Backup Agent' 'RDP'],['AutoCAD' 'MATLAB' 'SolidWorks' 'Teams'],['Domain Users' 'IT Operations'],Power User,Engineering CAD Workstation,Moderate,Moderate,Moderate,synthetic_rules,0.81,True
wks-0522,Windows,11,4,16,False,True,[135 445],['Defender' 'SSH'],['Chrome' 'Firefox' 'KioskShell' 'VPN Client' 'Zoom'],['HR' 'Retail'],Standard User,Kiosk Workstation,Moderate,Moderate,Moderate,synthetic_rules,0.82,True
wks-0523,macOS,13,16,32,True,False,[ 22 631],['Print Spooler' 'VPN Client'],['Office' 'Teams' 'Workday'],['Developers' 'Training'],Standard User,HR Workstation,High,High,Moderate,synthetic_hybrid,0.82,True
wks-0524,macOS,14,4,16,False,False,[631],['Defender' 'OneDrive Sync'],['Chrome' 'POS Client' 'Receipt Printer Driver' 'VPN Client' 'Zoom'],['Call Center'],Power User,Point of Sale Workstation,Moderate,Moderate,High,synthetic_rules,0.72,True
wks-0525,Windows,10,4,64,False,True,[ 135  445 3389],[],['Chrome' 'Firefox' 'Office' 'VPN Client' 'VS Code' 'Zoom'],['SOC'],Power User,Training Lab Workstation,Moderate,Moderate,Moderate,synthetic_hybrid,0.91,True
wks-0526,macOS,13,32,64,False,False,[22],['Backup Agent' 'Defender' 'RDP'],['Firefox' 'POS Client' 'Receipt Printer Driver' 'VPN Client'],['Call Center' 'Executives'],Power User,Point of Sale Workstation,Moderate,Moderate,High,synthetic_hybrid,0.93,True
wks-0527,Windows,10,4,64,False,True,[135 139],['Backup Agent' 'OneDrive Sync'],['Chrome' 'Office' 'Teams' 'VS Code'],['Call Center'],Standard User,Training Lab Workstation,Moderate,Moderate,Moderate,synthetic_rules,0.76,True
wks-0528,Windows,10,32,32,False,True,[ 135  139  445 3389],[],['Chrome' 'Firefox' 'Office' 'VS Code'],['Finance'],Standard User,Training Lab Workstation,Moderate,Moderate,Moderate,synthetic_hybrid,0.91,True
wks-0529,Ubuntu Desktop,22.04,32,16,True,True,[  22  631 8000],[],['Anaconda' 'Jupyter' 'PyTorch' 'Python' 'RStudio' 'TensorFlow'],['IT Operations' 'Retail'],Power User,Data Science Workstation,Moderate,Moderate,Moderate,synthetic_hybrid,0.75,True
wks-0530,macOS,13,16,16,False,False,[ 22 631],['Backup Agent' 'OneDrive Sync' 'SSH' 'VPN Client'],['Firefox' 'Office' 'POS Client' 'Receipt Printer Driver' 'Teams'],['Developers' 'SOC'],Standard User,Point of Sale Workstation,Moderate,Moderate,High,synthetic_hybrid,0.98,True
wks-0531,Windows,10,4,16,True,True,[3389],['Defender' 'Print Spooler' 'RDP' 'VPN Client'],['Adobe Creative Cloud' 'Blender' 'Figma' 'Office' 'VPN Client'],['Retail'],Local Admin,Graphic Design Workstation,Moderate,High,Moderate,synthetic_ml_seed,0.82,True
wks-0532,Ubuntu Desktop,22.04,16,8,False,True,[ 22 631],['EDR Agent' 'OneDrive Sync' 'Print Spooler' 'RDP'],['Excel' 'Firefox' 'Power BI Desktop' 'SAP GUI' 'Teams'],['Domain Users' 'Training'],Standard User,Finance Workstation,High,High,Moderate,synthetic_rules,0.76,True
wks-0533,Windows,11,4,64,False,True,[ 135  139  445 3389],['Backup Agent' 'OneDrive Sync' 'RDP'],['Chrome' 'PowerShell' 'PuTTY' 'RSAT' 'VMware Workstation' 'Zoom'],['HR'],Standard User,IT Admin Workstation,High,High,Moderate,synthetic_hybrid,0.78,True
wks-0534,Windows,10,4,32,True,True,[ 135  139 3389 8888],[],"['Anaconda' 'Chrome' 'Jupyter' 'PyTorch' 'Python' 'RStudio' 'Teams'
 'TensorFlow' 'VPN Client']",['Data Scientists'],Standard User,Data Science Workstation,Moderate,Moderate,Moderate,synthetic_rules,0.87,True
wks-0535,Ubuntu Desktop,22.04,16,8,False,True,[22],['Backup Agent' 'EDR Agent' 'RDP' 'VPN Client'],['Burp Suite' 'Splunk' 'Sysinternals' 'Wireshark'],['SOC'],Local Admin,SOC Analyst Workstation,High,High,Moderate,synthetic_ml_seed,0.99,True
wks-0536,Ubuntu Desktop,22.04,8,64,False,True,[22],['OneDrive Sync' 'VPN Client'],['Excel' 'Power BI Desktop' 'SAP GUI'],['Executives' 'SOC'],Standard User,Finance Workstation,High,High,Moderate,synthetic_rules,0.7,True
wks-0537,Windows,10,8,8,False,True,[3389 8000],['Backup Agent' 'EDR Agent' 'Print Spooler' 'SSH'],['Chrome' 'Firefox' 'Postman' 'Selenium' 'Teams' 'VPN Client'],['Data Scientists' 'Developers'],Standard User,QA Test Workstation,Moderate,Moderate,Moderate,synthetic_ml_seed,0.93,True
wks-0538,Windows,11,4,16,False,True,[135],['EDR Agent' 'OneDrive Sync' 'RDP' 'SSH'],['Firefox' 'PowerShell' 'PuTTY' 'RSAT' 'VMware Workstation'],['Domain Users'],Standard User,IT Admin Workstation,High,High,Moderate,synthetic_rules,0.7,True
wks-0539,Windows,10,4,16,False,True,[135 445],[],['CRM Client' 'Chrome' 'Softphone'],['Call Center'],Standard User,Call Center Workstation,Moderate,Moderate,High,synthetic_ml_seed,0.76,True
wks-0540,Windows,10,4,32,False,True,[135 445],['Defender' 'EDR Agent' 'OneDrive Sync'],['CRM Client' 'Chrome' 'Softphone' 'Teams' 'Zoom'],['QA' 'Training'],Standard User,Call Center Workstation,Moderate,Moderate,High,synthetic_rules,0.77,True
wks-0541,macOS,13,8,16,True,True,[631],['Backup Agent' 'Defender' 'OneDrive Sync' 'RDP'],['Chrome' 'Office' 'Teams' 'Workday' 'Zoom'],['Executives'],Standard User,HR Workstation,High,High,Moderate,synthetic_hybrid,0.73,True
wks-0542,Windows,11,8,16,False,True,[135 445],['OneDrive Sync' 'SSH'],['Chrome' 'Postman' 'Selenium' 'Teams' 'VPN Client' 'Zoom'],['Training'],Standard User,QA Test Workstation,Moderate,Moderate,Moderate,synthetic_hybrid,0.76,True
wks-0543,Windows,10,8,16,True,True,[139 445],['Defender' 'RDP' 'SSH' 'VPN Client'],['Adobe Creative Cloud' 'Blender' 'Figma' 'Teams' 'VPN Client'],['Executives' 'Finance'],Standard User,Graphic Design Workstation,Moderate,Moderate,Moderate,synthetic_hybrid,0.93,True
wks-0544,macOS,14,8,32,False,True,[ 631 8000 8888],['Defender' 'EDR Agent'],['Docker Desktop' 'Git' 'IntelliJ' 'Node.js' 'PyCharm' 'VS Code'],['Call Center' 'Developers'],Local Admin,Developer Workstation,Moderate,High,Moderate,synthetic_rules,0.86,True
wks-0545,macOS,13,32,64,False,True,[22],['Backup Agent' 'OneDrive Sync' 'RDP'],['Chrome' 'Office' 'VS Code'],['Executives' 'Retail'],Standard User,Training Lab Workstation,Moderate,Moderate,Moderate,synthetic_hybrid,0.98,True
wks-0546,Ubuntu Desktop,22.04,4,64,False,True,[ 22 631],['Backup Agent' 'SSH'],['Chrome' 'Firefox' 'Office' 'Teams' 'VPN Client'],['Executives'],Power User,Standard User Workstation,Moderate,Moderate,Moderate,synthetic_hybrid,0.81,True
wks-0547,Windows,11,16,64,False,True,[135],['Defender' 'Print Spooler' 'SSH'],['Chrome' 'Office' 'Teams' 'VPN Client' 'VS Code'],['IT Operations'],Standard User,Training Lab Workstation,Moderate,Moderate,Moderate,synthetic_hybrid,0.8,True
wks-0548,Windows,10,16,64,True,True,[ 135  445 3389],[],['Adobe Creative Cloud' 'Blender' 'Figma'],['Data Scientists'],Standard User,Graphic Design Workstation,Moderate,Moderate,Moderate,synthetic_rules,0.76,True
wks-0549,Windows,11,8,8,True,True,[139 445],['Backup Agent' 'EDR Agent' 'RDP' 'SSH'],['Office' 'Teams' 'Workday'],['Domain Users'],Standard User,HR Workstation,High,High,Moderate,synthetic_ml_seed,0.99,True
wks-0550,Windows,10,32,8,False,True,[ 139 3389 8000 8888],['Defender' 'EDR Agent' 'OneDrive Sync'],['Chrome' 'Office' 'Postman' 'Selenium' 'Teams' 'Zoom'],['SOC'],Local Admin,QA Test Workstation,Moderate,High,Moderate,synthetic_rules,0.9,True
wks-0551,Windows,11,8,16,False,True,[ 135  139  445 3389],['Backup Agent' 'Defender' 'Print Spooler' 'SSH'],['Office' 'POS Client' 'Receipt Printer Driver' 'VPN Client' 'Zoom'],['Executives' 'IT Operations'],Standard User,Point of Sale Workstation,Moderate,Moderate,High,synthetic_ml_seed,0.9,True
wks-0552,macOS,13,4,8,False,False,[631],['Backup Agent' 'EDR Agent' 'SSH' 'VPN Client'],['Office' 'PuTTY' 'RDP' 'ServiceNow' 'Teams' 'Zoom'],['Training'],Standard User,Help Desk Workstation,Moderate,Moderate,High,synthetic_rules,0.99,True
wks-0553,Windows,10,16,16,False,True,[135 139 445],['Backup Agent' 'EDR Agent' 'RDP'],['PuTTY' 'RDP' 'ServiceNow' 'Teams'],['Executives' 'Help Desk'],Power User,Help Desk Workstation,Moderate,Moderate,High,synthetic_ml_seed,0.95,True
wks-0554,Windows,11,4,16,True,True,[3389],[],['Anaconda' 'Jupyter' 'PyTorch' 'Python' 'RStudio' 'TensorFlow'],['IT Operations'],Standard User,Data Science Workstation,Moderate,Moderate,Moderate,synthetic_ml_seed,0.73,True
wks-0555,Windows,11,32,16,False,True,[135],['Backup Agent' 'EDR Agent' 'Print Spooler' 'RDP'],['CRM Client' 'Chrome' 'Softphone' 'VPN Client'],['Domain Users' 'HR'],Standard User,Call Center Workstation,Moderate,Moderate,High,synthetic_rules,0.76,True
wks-0556,Windows,11,4,64,False,True,[139],['OneDrive Sync' 'VPN Client'],['Chrome' 'Firefox' 'Office' 'VS Code'],['Developers' 'Retail'],Power User,Training Lab Workstation,Moderate,Moderate,Moderate,synthetic_rules,0.84,True
wks-0557,Windows,10,4,16,True,True,[ 139 3389],['Print Spooler' 'RDP'],['AutoCAD' 'MATLAB' 'SolidWorks'],['Domain Users' 'Engineering'],Power User,Engineering CAD Workstation,Moderate,Moderate,Moderate,synthetic_rules,0.81,True
wks-0558,Windows,11,4,16,True,True,[ 135  139  445 3389],['OneDrive Sync' 'RDP' 'VPN Client'],['Chrome' 'PowerShell' 'PuTTY' 'RSAT' 'Teams' 'VMware Workstation'],['Developers'],Power User,IT Admin Workstation,High,High,Moderate,synthetic_ml_seed,0.77,True
wks-0559,macOS,14,32,8,True,False,[  22  631 8000],['OneDrive Sync' 'VPN Client'],"['Anaconda' 'Chrome' 'Firefox' 'Jupyter' 'PyTorch' 'Python' 'RStudio'
 'TensorFlow' 'VPN Client']",['HR' 'Help Desk'],Standard User,Data Science Workstation,Moderate,Moderate,Moderate,synthetic_rules,0.87,True
wks-0560,Windows,10,8,16,False,True,[ 135  445 3389],[],['Chrome' 'KioskShell' 'Teams'],['Call Center' 'IT Operations'],Standard User,Kiosk Workstation,Moderate,Moderate,Moderate,synthetic_hybrid,0.89,True
wks-0561,macOS,14,8,32,False,True,[  22  631 5601],['Backup Agent' 'Defender' 'RDP'],['Burp Suite' 'Firefox' 'Splunk' 'Sysinternals' 'Teams' 'Wireshark' 'Zoom'],['Help Desk'],Standard User,SOC Analyst Workstation,High,High,Moderate,synthetic_hybrid,0.88,True
wks-0562,Windows,10,4,8,False,True,[ 135  445 3389],['Defender' 'Print Spooler' 'SSH'],['Chrome' 'Office' 'Teams'],['Domain Users' 'Training'],Power User,Standard User Workstation,Moderate,Moderate,Moderate,synthetic_rules,0.8,True
wks-0563,Windows,10,16,16,True,True,[ 135  445 3389],['Backup Agent' 'Defender' 'EDR Agent' 'Print Spooler'],['Adobe Creative Cloud' 'Blender' 'Figma' 'Zoom'],['QA'],Standard User,Graphic Design Workstation,Moderate,Moderate,Moderate,synthetic_rules,0.91,True
wks-0564,Windows,11,4,64,False,True,[ 135  139  445 3389],['Backup Agent' 'EDR Agent' 'OneDrive Sync'],['Office' 'Teams' 'Zoom'],['Call Center'],Power User,Executive Workstation,High,High,Moderate,synthetic_rules,0.87,True
wks-0565,macOS,13,32,32,True,False,[ 22 631],['Backup Agent' 'OneDrive Sync' 'RDP'],['AutoCAD' 'MATLAB' 'SolidWorks' 'Teams' 'VPN Client' 'Zoom'],['SOC'],Standard User,Engineering CAD Workstation,Moderate,Moderate,Moderate,synthetic_hybrid,0.71,True
wks-0566,Windows,10,32,64,False,True,[135],[],['Chrome' 'Office' 'POS Client' 'Receipt Printer Driver' 'Zoom'],['Help Desk' 'Training'],Standard User,Point of Sale Workstation,Moderate,Moderate,High,synthetic_rules,0.86,True
wks-0567,Windows,10,16,32,False,True,[3389],[],['PowerShell' 'PuTTY' 'RSAT' 'VMware Workstation'],['Data Scientists' 'Training'],Local Admin,IT Admin Workstation,High,High,Moderate,synthetic_ml_seed,0.99,True
wks-0568,Windows,10,32,16,False,True,[ 135  139 3389],[],['PowerShell' 'PuTTY' 'RSAT' 'VMware Workstation'],['Executives' 'Help Desk'],Privileged Admin,IT Admin Workstation,High,High,Moderate,synthetic_ml_seed,0.84,True
wks-0569,macOS,14,16,64,False,False,[  22 8000],['RDP' 'VPN Client'],['Docker Desktop' 'Git' 'IntelliJ' 'Node.js' 'PyCharm' 'VS Code'],['Developers' 'Help Desk'],Standard User,Developer Workstation,Moderate,Moderate,Moderate,synthetic_ml_seed,0.72,True
wks-0570,Windows,10,4,16,False,True,[ 135  139  445 3389],['Backup Agent' 'Defender' 'OneDrive Sync' 'RDP'],['POS Client' 'Receipt Printer Driver'],['Training'],Standard User,Point of Sale Workstation,Moderate,Moderate,High,synthetic_hybrid,0.9,True
wks-0571,Windows,11,16,16,False,True,[ 445 3389],['OneDrive Sync' 'VPN Client'],['POS Client' 'Receipt Printer Driver'],['Data Scientists' 'SOC'],Privileged Admin,Point of Sale Workstation,Moderate,High,High,synthetic_ml_seed,0.77,True
wks-0572,Windows,11,8,8,True,True,[445],['Backup Agent' 'Defender' 'OneDrive Sync' 'SSH'],['Chrome' 'KioskShell' 'Teams' 'VPN Client' 'Zoom'],['Executives'],Standard User,Kiosk Workstation,Moderate,Moderate,Moderate,synthetic_rules,0.85,True
wks-0573,Windows,11,4,32,False,True,[445],['Backup Agent' 'Print Spooler' 'SSH'],['CRM Client' 'Chrome' 'Firefox' 'Softphone' 'VPN Client'],['Developers' 'Help Desk'],Power User,Call Center Workstation,Moderate,Moderate,High,synthetic_ml_seed,0.8,True
wks-0574,Windows,10,16,8,True,True,[8888],['Backup Agent' 'RDP'],['Anaconda' 'Jupyter' 'PyTorch' 'Python' 'RStudio' 'TensorFlow'],['Training'],Local Admin,Data Science Workstation,Moderate,High,Moderate,synthetic_rules,0.81,True
wks-0575,Windows,10,16,32,False,True,[8000 8888],['Defender' 'SSH'],"['Docker Desktop' 'Git' 'IntelliJ' 'Node.js' 'Office' 'PyCharm' 'VS Code'
 'Zoom']",['Developers' 'HR' 'QA'],Power User,Developer Workstation,Moderate,Moderate,Moderate,synthetic_ml_seed,0.92,True
wks-0576,Windows,11,32,16,False,True,[135 445],['EDR Agent' 'OneDrive Sync' 'RDP' 'SSH'],['PowerShell' 'PuTTY' 'RSAT' 'Teams' 'VMware Workstation'],['Developers' 'Executives'],Privileged Admin,IT Admin Workstation,High,High,Moderate,synthetic_hybrid,0.76,True
wks-0577,Windows,10,32,16,True,True,[ 139 3389],[],['CRM Client' 'Chrome' 'Softphone'],['Call Center'],Local Admin,Call Center Workstation,Moderate,High,High,synthetic_rules,0.83,True
wks-0578,Ubuntu Desktop,22.04,32,64,False,True,[631],['SSH' 'VPN Client'],['POS Client' 'Receipt Printer Driver' 'Teams'],['Engineering' 'QA'],Local Admin,Point of Sale Workstation,Moderate,High,High,synthetic_rules,0.81,True
wks-0579,Windows,11,8,16,False,True,[5601],['EDR Agent' 'OneDrive Sync' 'VPN Client'],['Burp Suite' 'Splunk' 'Sysinternals' 'Wireshark'],['HR' 'IT Operations'],Standard User,SOC Analyst Workstation,High,High,Moderate,synthetic_rules,0.7,True
wks-0580,Windows,10,4,16,True,True,[ 135  139  445 3389],['OneDrive Sync' 'SSH'],['Chrome' 'Office' 'VS Code'],['SOC'],Standard User,Training Lab Workstation,Moderate,Moderate,Moderate,synthetic_rules,0.91,True
wks-0581,macOS,13,32,16,False,False,[22],['Defender' 'EDR Agent' 'OneDrive Sync' 'RDP'],['Chrome' 'Firefox' 'Office' 'Teams' 'VS Code'],['Retail'],Power User,Training Lab Workstation,Moderate,Moderate,Moderate,synthetic_rules,0.74,True
wks-0582,Windows,11,4,16,True,True,[ 135  139  445 3389],['Backup Agent' 'OneDrive Sync'],['AutoCAD' 'MATLAB' 'SolidWorks' 'VPN Client'],['Developers'],Standard User,Engineering CAD Workstation,Moderate,Moderate,Moderate,synthetic_hybrid,0.95,True
wks-0583,Windows,11,16,16,False,True,[ 135  445 3389 5601],[],['Burp Suite' 'Splunk' 'Sysinternals' 'Wireshark'],['SOC' 'Training'],Power User,SOC Analyst Workstation,High,High,Moderate,synthetic_hybrid,0.91,True
wks-0584,macOS,14,4,16,False,False,[  22  631 8000 8888],['Print Spooler' 'VPN Client'],['Chrome' 'Postman' 'Selenium' 'VPN Client' 'Zoom'],['Engineering' 'SOC'],Local Admin,QA Test Workstation,Moderate,High,Moderate,synthetic_ml_seed,0.85,True
wks-0585,Windows,10,8,8,False,True,[135],[],['PowerShell' 'PuTTY' 'RSAT' 'VMware Workstation'],['Training'],Privileged Admin,IT Admin Workstation,High,High,Moderate,synthetic_hybrid,0.92,True
wks-0586,Windows,11,4,16,False,True,[ 135  139  445 3389],['Print Spooler' 'VPN Client'],['Office' 'Teams' 'Workday' 'Zoom'],['Developers'],Local Admin,HR Workstation,High,High,Moderate,synthetic_rules,0.78,True
wks-0587,Ubuntu Desktop,22.04,8,8,False,True,[631],['EDR Agent' 'SSH' 'VPN Client'],['Burp Suite' 'Splunk' 'Sysinternals' 'Wireshark'],['Call Center'],Privileged Admin,SOC Analyst Workstation,High,High,Moderate,synthetic_hybrid,0.95,True
wks-0588,Windows,10,16,16,False,True,[ 135  139 3389],['Backup Agent' 'Print Spooler' 'SSH' 'VPN Client'],['CRM Client' 'Chrome' 'Firefox' 'Softphone'],['Data Scientists' 'QA'],Standard User,Call Center Workstation,Moderate,Moderate,High,synthetic_hybrid,0.99,True
wks-0589,Windows,10,32,16,False,True,[ 135  139  445 3389],['SSH' 'VPN Client'],['Chrome' 'Postman' 'Selenium' 'Teams' 'VPN Client'],['SOC'],Standard User,QA Test Workstation,Moderate,Moderate,Moderate,synthetic_hybrid,0.87,True
wks-0590,macOS,14,8,16,False,False,[  22  631 8888],['Backup Agent' 'Defender' 'RDP'],['Docker Desktop' 'Git' 'IntelliJ' 'Node.js' 'PyCharm' 'VS Code'],['Developers' 'QA'],Standard User,Developer Workstation,Moderate,Moderate,Moderate,synthetic_hybrid,0.91,True
wks-0591,Windows,10,4,64,False,True,[ 135  139  445 3389],[],['Excel' 'Power BI Desktop' 'SAP GUI'],['Engineering' 'Training'],Standard User,Finance Workstation,High,High,Moderate,synthetic_ml_seed,0.94,True
wks-0592,Windows,10,8,8,False,True,[139],['OneDrive Sync' 'VPN Client'],['Burp Suite' 'Splunk' 'Sysinternals' 'Wireshark'],['Developers' 'Retail'],Privileged Admin,SOC Analyst Workstation,High,High,Moderate,synthetic_hybrid,0.97,True
wks-0593,Windows,10,4,16,False,True,[ 135  139  445 3389],[],['Excel' 'Power BI Desktop' 'SAP GUI'],['Data Scientists' 'Help Desk'],Standard User,Finance Workstation,High,High,Moderate,synthetic_hybrid,0.92,True
wks-0594,Windows,10,4,16,True,True,[ 135  139  445 3389],['Defender' 'Print Spooler'],"['Firefox' 'Office' 'PowerShell' 'PuTTY' 'RSAT' 'VMware Workstation'
 'VPN Client']",['Call Center' 'Retail'],Privileged Admin,IT Admin Workstation,High,High,Moderate,synthetic_hybrid,0.9,True
wks-0595,Windows,11,8,16,False,True,[ 139 3389],['Defender' 'VPN Client'],['Chrome' 'KioskShell' 'Office' 'Zoom'],['Domain Users' 'Finance'],Standard User,Kiosk Workstation,Moderate,Moderate,Moderate,synthetic_hybrid,0.94,True
wks-0596,Windows,10,4,16,False,True,[ 135  139  445 3389],['Backup Agent' 'OneDrive Sync' 'SSH' 'VPN Client'],['CRM Client' 'Chrome' 'Softphone' 'VPN Client' 'Zoom'],['Engineering'],Power User,Call Center Workstation,Moderate,Moderate,High,synthetic_hybrid,0.98,True
wks-0597,Windows,11,4,32,False,True,[445],['Print Spooler' 'RDP' 'SSH'],['CRM Client' 'Chrome' 'Office' 'Softphone' 'Teams' 'VPN Client'],['HR'],Standard User,Call Center Workstation,Moderate,Moderate,High,synthetic_hybrid,0.78,True
wks-0598,Ubuntu Desktop,22.04,32,16,False,True,[22],[],['Office' 'PuTTY' 'RDP' 'ServiceNow' 'Teams' 'VPN Client' 'Zoom'],['IT Operations' 'Training'],Standard User,Help Desk Workstation,Moderate,Moderate,High,synthetic_rules,0.91,True
wks-0599,macOS,13,16,16,False,False,[ 22 631],['Defender' 'OneDrive Sync' 'SSH'],['Chrome' 'Firefox' 'Office' 'VS Code'],['Data Scientists'],Standard User,Training Lab Workstation,Moderate,Moderate,Moderate,synthetic_hybrid,0.71,True
wks-0600,macOS,13,16,8,False,True,[ 22 631],['Print Spooler' 'VPN Client'],['Chrome' 'Office' 'Teams' 'VPN Client' 'Zoom'],['SOC'],Standard User,Executive Workstation,High,High,Moderate,synthetic_ml_seed,0.73,True
wks-0601,macOS,13,8,16,False,False,[631],['Backup Agent' 'Defender' 'Print Spooler' 'VPN Client'],['Chrome' 'KioskShell' 'VPN Client' 'Zoom'],['IT Operations' 'Training'],Standard User,Kiosk Workstation,Moderate,Moderate,Moderate,synthetic_hybrid,0.91,True
wks-0602,Windows,11,16,64,False,True,[135 139 445],[],"['Burp Suite' 'Chrome' 'Firefox' 'Splunk' 'Sysinternals' 'Teams'
 'Wireshark']",['Developers' 'HR'],Standard User,SOC Analyst Workstation,High,High,Moderate,synthetic_ml_seed,0.98,True
wks-0603,macOS,13,4,16,True,False,[  22 5601],[],['Burp Suite' 'Splunk' 'Sysinternals' 'Wireshark'],['Retail'],Power User,SOC Analyst Workstation,High,High,Moderate,synthetic_hybrid,0.82,True
wks-0604,Windows,10,4,8,False,True,[ 139  445 3389],['Defender' 'Print Spooler'],['PowerShell' 'PuTTY' 'RSAT' 'VMware Workstation'],['IT Operations'],Standard User,IT Admin Workstation,High,High,Moderate,synthetic_ml_seed,0.94,True
wks-0605,Windows,11,32,64,True,True,[139],[],['Firefox' 'PuTTY' 'RDP' 'ServiceNow' 'Teams'],['Retail'],Standard User,Help Desk Workstation,Moderate,Moderate,High,synthetic_rules,0.79,True
wks-0606,Windows,10,8,16,False,True,[5601],['EDR Agent' 'OneDrive Sync'],['Burp Suite' 'Office' 'Splunk' 'Sysinternals' 'Wireshark'],['Executives'],Power User,SOC Analyst Workstation,High,High,Moderate,synthetic_ml_seed,0.8,True
wks-0607,Ubuntu Desktop,22.04,8,64,False,True,[631],[],['Docker Desktop' 'Git' 'IntelliJ' 'Node.js' 'PyCharm' 'VS Code'],['Developers' 'Executives'],Standard User,Developer Workstation,Moderate,Moderate,Moderate,synthetic_rules,0.7,True
wks-0608,Windows,11,4,16,True,True,[ 139  445 8888],[],['Anaconda' 'Jupyter' 'PyTorch' 'Python' 'RStudio' 'TensorFlow'],['Developers' 'Finance'],Power User,Data Science Workstation,Moderate,Moderate,Moderate,synthetic_rules,0.94,True
wks-0609,Windows,11,8,64,False,True,[ 135 3389],['EDR Agent' 'OneDrive Sync'],['Chrome' 'Firefox' 'Office' 'VS Code'],['Training'],Local Admin,Training Lab Workstation,Moderate,High,Moderate,synthetic_hybrid,0.86,True
wks-0610,macOS,14,8,64,True,False,[631],['Defender' 'OneDrive Sync' 'RDP' 'SSH'],['Anaconda' 'Jupyter' 'PyTorch' 'Python' 'RStudio' 'TensorFlow'],['Help Desk' 'QA'],Standard User,Data Science Workstation,Moderate,Moderate,Moderate,synthetic_rules,0.81,True
wks-0611,Windows,10,4,64,False,True,[139],['Print Spooler' 'VPN Client'],['Chrome' 'Excel' 'Firefox' 'Power BI Desktop' 'SAP GUI' 'VPN Client'],['Data Scientists' 'Finance'],Local Admin,Finance Workstation,High,High,Moderate,synthetic_hybrid,0.98,True
wks-0612,Windows,11,32,8,False,True,[135],[],['Chrome' 'POS Client' 'Receipt Printer Driver' 'VPN Client' 'Zoom'],['Domain Users' 'HR'],Privileged Admin,Point of Sale Workstation,Moderate,High,High,synthetic_rules,0.97,True
wks-0613,Windows,10,4,8,False,True,[139 445],['Backup Agent' 'Defender' 'Print Spooler'],['Chrome' 'Office' 'Teams' 'VPN Client'],['Call Center'],Power User,Standard User Workstation,Moderate,Moderate,Moderate,synthetic_hybrid,0.84,True
wks-0614,Ubuntu Desktop,22.04,32,32,False,True,[631],['EDR Agent' 'Print Spooler'],['Chrome' 'KioskShell' 'VPN Client'],['QA' 'SOC'],Standard User,Kiosk Workstation,Moderate,Moderate,Moderate,synthetic_hybrid,0.72,True
wks-0615,Windows,10,8,8,False,True,[ 135  139 3389 8888],[],"['Docker Desktop' 'Git' 'IntelliJ' 'Node.js' 'PyCharm' 'VPN Client'
 'VS Code' 'Zoom']",['Developers' 'Engineering' 'Help Desk'],Local Admin,Developer Workstation,Moderate,High,Moderate,synthetic_hybrid,0.82,True
wks-0616,Windows,11,32,16,False,True,[139 445],['Backup Agent' 'Defender'],['POS Client' 'Receipt Printer Driver'],['Domain Users' 'SOC'],Standard User,Point of Sale Workstation,Moderate,Moderate,High,synthetic_hybrid,0.88,True
wks-0617,macOS,13,32,8,False,True,[ 631 8888],['OneDrive Sync' 'VPN Client'],['Chrome' 'Postman' 'Selenium'],['Call Center' 'HR'],Standard User,QA Test Workstation,Moderate,Moderate,Moderate,synthetic_hybrid,0.87,True
wks-0618,Windows,11,4,32,False,True,[3389],['Backup Agent' 'EDR Agent' 'RDP' 'SSH'],['Office' 'Teams' 'Workday'],['HR' 'Training'],Power User,HR Workstation,High,High,Moderate,synthetic_rules,0.97,True
wks-0619,Windows,10,16,32,True,True,[139],[],['Adobe Creative Cloud' 'Blender' 'Figma' 'Firefox'],['IT Operations' 'SOC'],Local Admin,Graphic Design Workstation,Moderate,High,Moderate,synthetic_ml_seed,0.76,True
wks-0620,Windows,10,32,16,True,True,[ 135 8000],['Backup Agent' 'OneDrive Sync' 'Print Spooler' 'VPN Client'],['Chrome' 'Postman' 'Selenium' 'Teams' 'VPN Client'],['Help Desk' 'SOC'],Local Admin,QA Test Workstation,Moderate,High,Moderate,synthetic_hybrid,0.92,True
wks-0621,Windows,10,4,16,True,True,[135 139],['Backup Agent' 'Print Spooler'],['Office' 'PuTTY' 'RDP' 'ServiceNow' 'Teams'],['HR' 'SOC'],Standard User,Help Desk Workstation,Moderate,Moderate,High,synthetic_rules,0.73,True
wks-0622,Ubuntu Desktop,22.04,4,16,True,True,[ 22 631],['Backup Agent' 'Defender' 'Print Spooler' 'SSH'],['Adobe Creative Cloud' 'Blender' 'Chrome' 'Figma' 'Teams' 'Zoom'],['Domain Users' 'Help Desk'],Standard User,Graphic Design Workstation,Moderate,Moderate,Moderate,synthetic_hybrid,0.98,True
wks-0623,Windows,10,4,32,False,True,[445],['Print Spooler' 'RDP' 'SSH' 'VPN Client'],['Firefox' 'POS Client' 'Receipt Printer Driver' 'Zoom'],['Retail' 'SOC'],Standard User,Point of Sale Workstation,Moderate,Moderate,High,synthetic_rules,0.97,True
wks-0624,Windows,11,8,8,False,True,[ 139  445 3389],[],['Chrome' 'Office' 'Teams' 'Zoom'],['Finance'],Standard User,Executive Workstation,High,High,Moderate,synthetic_hybrid,0.97,True
wks-0625,Windows,10,32,16,True,True,[ 139 3389],[],['Anaconda' 'Jupyter' 'PyTorch' 'Python' 'RStudio' 'TensorFlow'],['Engineering' 'Retail'],Privileged Admin,Data Science Workstation,Moderate,High,Moderate,synthetic_ml_seed,0.78,True
wks-0626,Windows,11,32,32,True,True,[ 445 3389],['Defender' 'RDP' 'VPN Client'],['AutoCAD' 'MATLAB' 'SolidWorks'],['Domain Users' 'Retail'],Power User,Engineering CAD Workstation,Moderate,Moderate,Moderate,synthetic_ml_seed,0.78,True
wks-0627,Ubuntu Desktop,22.04,4,32,False,True,[ 22 631],['Defender' 'OneDrive Sync' 'RDP'],['Chrome' 'Office' 'Teams' 'VPN Client' 'Zoom'],['Call Center'],Power User,Standard User Workstation,Moderate,Moderate,Moderate,synthetic_hybrid,0.85,True
wks-0628,Windows,10,4,32,False,True,[ 135  445 3389],['SSH' 'VPN Client'],['CRM Client' 'Chrome' 'Office' 'Softphone' 'Teams' 'VPN Client'],['Data Scientists' 'Developers'],Power User,Call Center Workstation,Moderate,Moderate,High,synthetic_hybrid,0.94,True
wks-0629,macOS,13,8,32,True,True,[22],['Backup Agent' 'EDR Agent' 'Print Spooler' 'SSH'],['Chrome' 'Office' 'Postman' 'Selenium' 'Zoom'],['Data Scientists' 'Engineering'],Power User,QA Test Workstation,Moderate,Moderate,Moderate,synthetic_rules,0.91,True
wks-0630,macOS,13,16,16,True,False,[ 22 631],['Backup Agent' 'Defender' 'OneDrive Sync' 'Print Spooler'],['Adobe Creative Cloud' 'Blender' 'Chrome' 'Figma' 'Firefox' 'Office'],['Help Desk' 'IT Operations'],Power User,Graphic Design Workstation,Moderate,Moderate,Moderate,synthetic_hybrid,0.93,True
wks-0631,Windows,10,16,16,False,True,[445],['OneDrive Sync' 'Print Spooler' 'SSH' 'VPN Client'],['Office' 'Teams' 'Zoom'],['QA'],Standard User,Executive Workstation,High,High,Moderate,synthetic_rules,0.75,True
wks-0632,Ubuntu Desktop,22.04,32,32,False,True,[631],['OneDrive Sync' 'VPN Client'],['Chrome' 'Postman' 'Selenium' 'Teams' 'VPN Client'],['Executives'],Local Admin,QA Test Workstation,Moderate,High,Moderate,synthetic_ml_seed,0.74,True
wks-0633,macOS,13,8,8,True,False,[  22 8000 8888],['Defender' 'EDR Agent' 'OneDrive Sync' 'Print Spooler'],"['Anaconda' 'Jupyter' 'Office' 'PyTorch' 'Python' 'RStudio' 'TensorFlow'
 'VPN Client']",['QA' 'Training'],Local Admin,Data Science Workstation,Moderate,High,Moderate,synthetic_rules,0.73,True
wks-0634,Windows,10,8,16,False,True,[ 135  139 3389],[],['Office' 'Teams' 'VPN Client' 'Zoom'],['QA' 'SOC'],Power User,Executive Workstation,High,High,Moderate,synthetic_hybrid,0.93,True
wks-0635,Windows,11,16,64,False,True,[139 445],['Defender' 'VPN Client'],['Chrome' 'Postman' 'Selenium'],['SOC'],Standard User,QA Test Workstation,Moderate,Moderate,Moderate,synthetic_hybrid,0.94,True
wks-0636,Windows,11,16,8,False,True,[ 135  139  445 3389],['EDR Agent' 'Print Spooler' 'RDP'],['Excel' 'Power BI Desktop' 'SAP GUI'],['Developers' 'IT Operations'],Power User,Finance Workstation,High,High,Moderate,synthetic_rules,0.82,True
wks-0637,macOS,14,4,8,True,True,[ 22 631],['Backup Agent' 'RDP'],['AutoCAD' 'MATLAB' 'SolidWorks'],['Call Center' 'Training'],Local Admin,Engineering CAD Workstation,Moderate,High,Moderate,synthetic_hybrid,0.94,True
wks-0638,Windows,10,32,8,False,True,[ 445 3389],['OneDrive Sync' 'Print Spooler'],['Office' 'Teams' 'Zoom'],['Call Center' 'Help Desk'],Standard User,Executive Workstation,High,High,Moderate,synthetic_hybrid,0.75,True
wks-0639,Windows,10,8,16,False,True,[ 135  139  445 3389],['Backup Agent' 'Defender' 'RDP'],['Chrome' 'Office' 'Teams' 'VS Code'],['Engineering' 'IT Operations'],Local Admin,Training Lab Workstation,Moderate,High,Moderate,synthetic_rules,0.97,True
wks-0640,Windows,10,4,16,True,True,[ 135  139 3389 8888],['Backup Agent' 'OneDrive Sync' 'SSH' 'VPN Client'],"['Docker Desktop' 'Firefox' 'Git' 'IntelliJ' 'Node.js' 'PyCharm' 'Teams'
 'VS Code']",['Developers' 'Domain Users'],Standard User,Developer Workstation,Moderate,Moderate,Moderate,synthetic_ml_seed,0.92,True
wks-0641,macOS,14,8,8,False,True,[8888],['Backup Agent' 'VPN Client'],"['Chrome' 'Docker Desktop' 'Git' 'IntelliJ' 'Node.js' 'Office' 'PyCharm'
 'Teams' 'VS Code']",['Developers' 'Executives'],Standard User,Developer Workstation,Moderate,Moderate,Moderate,synthetic_hybrid,0.76,True
wks-0642,Ubuntu Desktop,22.04,4,8,False,True,[ 631 8000 8888],['EDR Agent' 'Print Spooler'],['Chrome' 'Firefox' 'Postman' 'Selenium'],['Call Center' 'Data Scientists'],Power User,QA Test Workstation,Moderate,Moderate,Moderate,synthetic_ml_seed,0.81,True
wks-0643,Windows,10,16,16,False,True,[ 445 3389],['Defender' 'OneDrive Sync' 'Print Spooler'],['POS Client' 'Receipt Printer Driver' 'VPN Client'],['Call Center' 'Retail'],Local Admin,Point of Sale Workstation,Moderate,High,High,synthetic_hybrid,0.92,True
wks-0644,Windows,10,8,16,False,True,[ 135  139 3389],['EDR Agent' 'Print Spooler'],['Docker Desktop' 'Git' 'IntelliJ' 'Node.js' 'PyCharm' 'VS Code'],['Developers' 'QA'],Power User,Developer Workstation,Moderate,Moderate,Moderate,synthetic_rules,0.9,True
wks-0645,Windows,11,32,8,True,True,[ 135  139  445 3389],['Backup Agent' 'Defender' 'OneDrive Sync' 'SSH'],['Office' 'Teams' 'Workday' 'Zoom'],['QA'],Standard User,HR Workstation,High,High,Moderate,synthetic_ml_seed,0.79,True
wks-0646,macOS,13,8,16,True,False,[631],['OneDrive Sync' 'VPN Client'],['Chrome' 'KioskShell' 'VPN Client'],['QA'],Standard User,Kiosk Workstation,Moderate,Moderate,Moderate,synthetic_hybrid,0.76,True
wks-0647,Windows,11,4,16,False,True,[139 445],[],['Chrome' 'Office' 'Teams' 'VPN Client' 'VS Code' 'Zoom'],['QA'],Standard User,Training Lab Workstation,Moderate,Moderate,Moderate,synthetic_rules,0.92,True
wks-0648,Windows,10,16,64,False,True,[ 135  139  445 3389],['OneDrive Sync' 'Print Spooler'],['Chrome' 'KioskShell' 'Teams' 'VPN Client' 'Zoom'],['Help Desk'],Standard User,Kiosk Workstation,Moderate,Moderate,Moderate,synthetic_ml_seed,0.77,True
wks-0649,Windows,11,16,64,False,True,[ 139  445 3389 5601],['Defender' 'EDR Agent'],['Burp Suite' 'Office' 'Splunk' 'Sysinternals' 'Wireshark'],['Call Center'],Standard User,SOC Analyst Workstation,High,High,Moderate,synthetic_ml_seed,0.75,True
wks-0650,Windows,10,8,16,True,True,[ 135  139  445 3389],['RDP' 'SSH' 'VPN Client'],['AutoCAD' 'MATLAB' 'Office' 'SolidWorks' 'VPN Client' 'Zoom'],['Executives' 'Help Desk'],Standard User,Engineering CAD Workstation,Moderate,Moderate,Moderate,synthetic_rules,0.91,True
wks-0651,Windows,10,16,32,False,True,[139],['Defender' 'SSH'],['Chrome' 'Firefox' 'KioskShell' 'Teams'],['Finance' 'QA'],Standard User,Kiosk Workstation,Moderate,Moderate,Moderate,synthetic_hybrid,0.75,True
wks-0652,Ubuntu Desktop,22.04,8,16,False,True,[22],[],['Chrome' 'Firefox' 'KioskShell' 'Office' 'Teams'],['Help Desk'],Power User,Kiosk Workstation,Moderate,Moderate,Moderate,synthetic_ml_seed,0.7,True
wks-0653,Windows,11,4,16,True,True,[ 135  139  445 3389],['Backup Agent' 'Print Spooler' 'SSH' 'VPN Client'],['Adobe Creative Cloud' 'Blender' 'Figma'],['Call Center' 'Retail'],Standard User,Graphic Design Workstation,Moderate,Moderate,Moderate,synthetic_ml_seed,0.88,True
wks-0654,Windows,11,16,16,False,True,[135 139 445],['Defender' 'EDR Agent' 'Print Spooler' 'RDP'],['Office' 'Teams' 'VPN Client' 'Workday'],['Domain Users'],Standard User,HR Workstation,High,High,Moderate,synthetic_rules,0.94,True
wks-0655,macOS,13,8,32,False,False,[  22 8000 8888],['Defender' 'OneDrive Sync' 'SSH' 'VPN Client'],['Chrome' 'Office' 'Postman' 'Selenium' 'Teams'],['Developers' 'Executives'],Power User,QA Test Workstation,Moderate,Moderate,Moderate,synthetic_ml_seed,0.84,True
wks-0656,Ubuntu Desktop,22.04,16,64,False,True,[ 22 631],[],['Burp Suite' 'Office' 'Splunk' 'Sysinternals' 'Teams' 'Wireshark' 'Zoom'],['SOC'],Standard User,SOC Analyst Workstation,High,High,Moderate,synthetic_rules,0.75,True
wks-0657,Windows,10,16,64,False,True,[ 135  139  445 3389],[],['Office' 'PowerShell' 'PuTTY' 'RSAT' 'VMware Workstation'],['Help Desk' 'SOC'],Standard User,IT Admin Workstation,High,High,Moderate,synthetic_ml_seed,0.75,True
wks-0658,Windows,10,8,32,True,True,[139],['Defender' 'RDP'],['Adobe Creative Cloud' 'Blender' 'Figma' 'Office'],['Engineering' 'Help Desk'],Standard User,Graphic Design Workstation,Moderate,Moderate,Moderate,synthetic_rules,0.83,True
wks-0659,macOS,14,4,16,False,True,[ 22 631],['Defender' 'EDR Agent' 'OneDrive Sync' 'SSH'],['Chrome' 'Firefox' 'Office' 'Teams'],['Retail'],Power User,Standard User Workstation,Moderate,Moderate,Moderate,synthetic_rules,0.94,True
wks-0660,Ubuntu Desktop,22.04,8,16,False,True,[ 22 631],['EDR Agent' 'RDP' 'VPN Client'],['Office' 'Teams' 'Zoom'],['Finance'],Local Admin,Executive Workstation,High,High,Moderate,synthetic_rules,0.97,True
wks-0661,Ubuntu Desktop,22.04,4,8,False,True,[ 22 631],['RDP' 'VPN Client'],['Chrome' 'Firefox' 'Office' 'VS Code' 'Zoom'],['Developers'],Power User,Training Lab Workstation,Moderate,Moderate,Moderate,synthetic_hybrid,0.98,True
wks-0662,Windows,10,8,32,True,True,[445],['EDR Agent' 'RDP' 'VPN Client'],['Chrome' 'Office' 'Teams'],['Finance'],Local Admin,Standard User Workstation,Moderate,High,Moderate,synthetic_hybrid,0.9,True
wks-0663,Windows,10,4,64,True,True,[ 445 3389],['Backup Agent' 'OneDrive Sync' 'Print Spooler' 'SSH'],['Chrome' 'KioskShell' 'Zoom'],['QA'],Standard User,Kiosk Workstation,Moderate,Moderate,Moderate,synthetic_rules,0.74,True
wks-0664,Ubuntu Desktop,22.04,16,16,True,True,[631],['Defender' 'EDR Agent' 'OneDrive Sync' 'Print Spooler'],['Office' 'Teams' 'Workday'],['Engineering' 'Executives'],Local Admin,HR Workstation,High,High,Moderate,synthetic_rules,0.74,True
wks-0665,Windows,11,8,8,False,True,[ 135 3389],[],"['Docker Desktop' 'Git' 'IntelliJ' 'Node.js' 'PyCharm' 'VPN Client'
 'VS Code' 'Zoom']",['Data Scientists' 'Developers' 'Help Desk'],Local Admin,Developer Workstation,Moderate,High,Moderate,synthetic_hybrid,0.78,True
wks-0666,Windows,11,32,16,False,True,[135 445],['OneDrive Sync' 'RDP'],['Chrome' 'Office' 'Teams'],['Developers' 'Help Desk'],Standard User,Standard User Workstation,Moderate,Moderate,Moderate,synthetic_rules,0.91,True
wks-0667,Windows,10,8,8,True,True,[8000],['OneDrive Sync' 'VPN Client'],['Anaconda' 'Jupyter' 'PyTorch' 'Python' 'RStudio' 'TensorFlow'],['Call Center'],Standard User,Data Science Workstation,Moderate,Moderate,Moderate,synthetic_ml_seed,0.97,True
wks-0668,Windows,10,8,64,False,True,[ 135  139  445 3389],['Print Spooler' 'RDP' 'SSH'],['Chrome' 'Office' 'Teams' 'VPN Client' 'Zoom'],['Engineering'],Standard User,Executive Workstation,High,High,Moderate,synthetic_hybrid,0.9,True
wks-0669,Windows,11,16,8,True,True,[135 139 445],['OneDrive Sync' 'VPN Client'],['Adobe Creative Cloud' 'Blender' 'Figma' 'Teams'],['SOC'],Standard User,Graphic Design Workstation,Moderate,Moderate,Moderate,synthetic_rules,0.95,True
wks-0670,Ubuntu Desktop,22.04,16,8,False,True,[ 22 631],['Defender' 'EDR Agent' 'VPN Client'],['PuTTY' 'RDP' 'ServiceNow' 'Teams'],['HR'],Local Admin,Help Desk Workstation,Moderate,High,High,synthetic_rules,0.8,True
wks-0671,Windows,10,4,32,True,True,[ 135  139 3389],['Print Spooler' 'RDP' 'VPN Client'],['Firefox' 'Office' 'PuTTY' 'RDP' 'ServiceNow' 'Teams' 'Zoom'],['IT Operations'],Local Admin,Help Desk Workstation,Moderate,High,High,synthetic_rules,0.89,True
wks-0672,Windows,10,16,8,False,True,[ 139  445 3389],[],['PuTTY' 'RDP' 'ServiceNow' 'Teams' 'VPN Client'],['Help Desk' 'IT Operations'],Standard User,Help Desk Workstation,Moderate,Moderate,High,synthetic_hybrid,0.89,True
wks-0673,macOS,13,4,8,True,True,[  22  631 8888],['OneDrive Sync' 'RDP' 'VPN Client'],['Anaconda' 'Firefox' 'Jupyter' 'PyTorch' 'Python' 'RStudio' 'TensorFlow'],['Data Scientists' 'Engineering'],Local Admin,Data Science Workstation,Moderate,High,Moderate,synthetic_hybrid,0.82,True
wks-0674,Windows,10,4,64,True,True,[ 135  139 3389 8888],['OneDrive Sync' 'RDP'],['Anaconda' 'Jupyter' 'PyTorch' 'Python' 'RStudio' 'TensorFlow'],['IT Operations' 'QA'],Standard User,Data Science Workstation,Moderate,Moderate,Moderate,synthetic_rules,0.82,True
wks-0675,Windows,11,32,32,False,True,[ 135  445 3389],[],['Chrome' 'KioskShell'],['Data Scientists' 'Finance'],Local Admin,Kiosk Workstation,Moderate,High,Moderate,synthetic_rules,0.74,True
wks-0676,Windows,10,8,32,False,True,[445],['Backup Agent' 'Defender' 'Print Spooler' 'RDP'],['Office' 'PowerShell' 'PuTTY' 'RSAT' 'VMware Workstation'],['Executives'],Local Admin,IT Admin Workstation,High,High,Moderate,synthetic_hybrid,0.7,True
wks-0677,macOS,14,8,16,False,True,[631],['Defender' 'RDP' 'VPN Client'],['Chrome' 'KioskShell'],['HR'],Local Admin,Kiosk Workstation,Moderate,High,Moderate,synthetic_ml_seed,0.77,True
wks-0678,Windows,10,4,8,True,True,[139],[],['AutoCAD' 'Firefox' 'MATLAB' 'SolidWorks' 'VPN Client'],['Retail'],Power User,Engineering CAD Workstation,Moderate,Moderate,Moderate,synthetic_hybrid,0.99,True
wks-0679,Windows,10,16,32,True,True,[139 445],['Backup Agent' 'OneDrive Sync' 'Print Spooler' 'RDP'],['Anaconda' 'Jupyter' 'PyTorch' 'Python' 'RStudio' 'TensorFlow'],['Training'],Standard User,Data Science Workstation,Moderate,Moderate,Moderate,synthetic_hybrid,0.71,True
wks-0680,Windows,10,16,16,True,True,[ 135 3389],['Defender' 'EDR Agent' 'RDP' 'SSH'],['AutoCAD' 'MATLAB' 'SolidWorks'],['Data Scientists' 'HR'],Standard User,Engineering CAD Workstation,Moderate,Moderate,Moderate,synthetic_rules,0.83,True
wks-0681,macOS,14,16,32,False,False,[ 22 631],[],['Chrome' 'KioskShell'],['Call Center' 'Data Scientists'],Standard User,Kiosk Workstation,Moderate,Moderate,Moderate,synthetic_rules,0.94,True
wks-0682,Windows,11,32,16,False,True,[ 139  445 5601],['Defender' 'EDR Agent' 'Print Spooler'],['Burp Suite' 'Splunk' 'Sysinternals' 'Wireshark'],['SOC'],Privileged Admin,SOC Analyst Workstation,High,High,Moderate,synthetic_rules,0.71,True
wks-0683,Windows,10,16,64,False,True,[ 135  139  445 3389],['OneDrive Sync' 'Print Spooler' 'SSH'],['Office' 'Teams' 'Zoom'],['Executives' 'HR'],Standard User,Executive Workstation,High,High,Moderate,synthetic_hybrid,0.96,True
wks-0684,Windows,10,4,32,False,True,[139],['EDR Agent' 'RDP' 'SSH'],['CRM Client' 'Chrome' 'Firefox' 'Softphone' 'Teams' 'VPN Client'],['QA'],Power User,Call Center Workstation,Moderate,Moderate,High,synthetic_ml_seed,0.85,True
wks-0685,Ubuntu Desktop,22.04,4,8,False,True,[22],[],['Burp Suite' 'Firefox' 'Office' 'Splunk' 'Sysinternals' 'Wireshark'],['Executives' 'HR'],Privileged Admin,SOC Analyst Workstation,High,High,Moderate,synthetic_hybrid,0.79,True
wks-0686,macOS,14,16,64,False,True,[631],['OneDrive Sync' 'RDP'],['Firefox' 'PuTTY' 'RDP' 'ServiceNow' 'Teams' 'Zoom'],['Call Center' 'Engineering'],Standard User,Help Desk Workstation,Moderate,Moderate,High,synthetic_ml_seed,0.72,True
wks-0687,Ubuntu Desktop,22.04,32,16,False,True,[ 22 631],['OneDrive Sync' 'Print Spooler' 'RDP' 'SSH'],['Chrome' 'Office' 'Teams'],['Call Center'],Power User,Standard User Workstation,Moderate,Moderate,Moderate,synthetic_hybrid,0.86,True
wks-0688,Windows,10,4,8,False,True,[ 445 3389],['EDR Agent' 'OneDrive Sync' 'RDP'],['Chrome' 'POS Client' 'Receipt Printer Driver' 'Zoom'],['Finance'],Power User,Point of Sale Workstation,Moderate,Moderate,High,synthetic_rules,0.75,True
wks-0689,Windows,10,8,64,True,True,[ 135  139  445 3389],['Backup Agent' 'OneDrive Sync' 'Print Spooler'],['Excel' 'Power BI Desktop' 'SAP GUI' 'Teams' 'VPN Client'],['Domain Users' 'HR'],Power User,Finance Workstation,High,High,Moderate,synthetic_ml_seed,0.77,True
wks-0690,Windows,11,8,32,True,True,[ 135  139  445 3389],[],['Chrome' 'POS Client' 'Receipt Printer Driver'],['Retail'],Local Admin,Point of Sale Workstation,Moderate,High,High,synthetic_ml_seed,0.87,True
wks-0691,Windows,10,4,64,True,True,[ 135  139  445 3389],['EDR Agent' 'Print Spooler' 'RDP'],['AutoCAD' 'MATLAB' 'Office' 'SolidWorks'],['Engineering' 'QA'],Local Admin,Engineering CAD Workstation,Moderate,High,Moderate,synthetic_hybrid,0.83,True
wks-0692,Windows,11,8,32,False,True,[ 135  139  445 3389],['RDP' 'SSH'],['Excel' 'Power BI Desktop' 'SAP GUI'],['Executives'],Standard User,Finance Workstation,High,High,Moderate,synthetic_ml_seed,0.93,True
wks-0693,Windows,11,4,8,False,True,[ 135  139 3389],['Defender' 'OneDrive Sync' 'VPN Client'],['PuTTY' 'RDP' 'ServiceNow' 'Teams'],['IT Operations'],Privileged Admin,Help Desk Workstation,Moderate,High,High,synthetic_ml_seed,0.72,True
wks-0694,Ubuntu Desktop,22.04,16,16,False,True,[  22  631 8888],['Backup Agent' 'RDP' 'SSH' 'VPN Client'],['Chrome' 'Postman' 'Selenium'],['Engineering' 'HR'],Standard User,QA Test Workstation,Moderate,Moderate,Moderate,synthetic_rules,0.89,True
wks-0695,Windows,11,4,16,False,True,[ 135  139  445 3389],['Backup Agent' 'Print Spooler'],['Office' 'Teams' 'VPN Client' 'Zoom'],['Engineering' 'Finance'],Local Admin,Executive Workstation,High,High,Moderate,synthetic_rules,0.87,True
wks-0696,Windows,10,8,8,False,True,[445],['Defender' 'OneDrive Sync' 'RDP' 'SSH'],['Chrome' 'Office' 'VS Code'],['Help Desk'],Local Admin,Training Lab Workstation,Moderate,High,Moderate,synthetic_hybrid,0.97,True
wks-0697,Windows,10,4,32,True,True,[ 135  139  445 3389],['Print Spooler' 'RDP'],['AutoCAD' 'Chrome' 'MATLAB' 'SolidWorks' 'Zoom'],['Data Scientists' 'HR'],Power User,Engineering CAD Workstation,Moderate,Moderate,Moderate,synthetic_hybrid,0.83,True
wks-0698,Windows,11,4,16,False,True,[135],['Defender' 'OneDrive Sync' 'Print Spooler' 'VPN Client'],['PuTTY' 'RDP' 'ServiceNow' 'Teams'],['HR'],Standard User,Help Desk Workstation,Moderate,Moderate,High,synthetic_hybrid,0.95,True
wks-0699,Windows,10,4,64,True,True,[3389],['EDR Agent' 'OneDrive Sync' 'Print Spooler' 'SSH'],['Anaconda' 'Chrome' 'Jupyter' 'PyTorch' 'Python' 'RStudio' 'TensorFlow'],['Developers' 'Domain Users'],Local Admin,Data Science Workstation,Moderate,High,Moderate,synthetic_hybrid,0.94,True
wks-0700,Windows,11,4,16,True,True,[ 135  139  445 3389],['EDR Agent' 'OneDrive Sync' 'SSH'],['Firefox' 'Office' 'Teams' 'Workday' 'Zoom'],['Retail'],Standard User,HR Workstation,High,High,Moderate,synthetic_hybrid,0.84,True
wks-0701,Windows,10,8,64,True,True,[ 135  139  445 3389],['OneDrive Sync' 'Print Spooler' 'RDP' 'VPN Client'],['Chrome' 'Office' 'Teams' 'VPN Client' 'Zoom'],['Domain Users'],Power User,Standard User Workstation,Moderate,Moderate,Moderate,synthetic_hybrid,0.86,True
wks-0702,Windows,11,16,32,False,True,[ 135  139  445 3389],['Defender' 'EDR Agent' 'Print Spooler'],['PowerShell' 'PuTTY' 'RSAT' 'Teams' 'VMware Workstation' 'VPN Client'],['Call Center' 'Retail'],Standard User,IT Admin Workstation,High,High,Moderate,synthetic_hybrid,0.89,True
wks-0703,macOS,13,32,16,False,False,[ 22 631],[],['POS Client' 'Receipt Printer Driver'],['Developers' 'Training'],Local Admin,Point of Sale Workstation,Moderate,High,High,synthetic_rules,0.96,True
wks-0704,Windows,10,8,16,False,True,[135 445],['Backup Agent' 'Print Spooler'],['Chrome' 'Office' 'Teams' 'Zoom'],['Executives' 'Finance'],Standard User,Executive Workstation,High,High,Moderate,synthetic_ml_seed,0.78,True
wks-0705,macOS,13,8,16,False,False,[ 22 631],['Print Spooler' 'SSH'],['Firefox' 'PowerShell' 'PuTTY' 'RSAT' 'VMware Workstation' 'Zoom'],['Training'],Standard User,IT Admin Workstation,High,High,Moderate,synthetic_ml_seed,0.77,True
wks-0706,Windows,11,32,64,True,True,[ 135  139 3389],['Defender' 'RDP'],['Chrome' 'Firefox' 'Office' 'Teams' 'VS Code' 'Zoom'],['Call Center' 'Domain Users'],Standard User,Training Lab Workstation,Moderate,Moderate,Moderate,synthetic_rules,0.71,True
wks-0707,Windows,11,16,32,True,True,[ 135  139  445 3389],['OneDrive Sync' 'Print Spooler' 'SSH' 'VPN Client'],['AutoCAD' 'MATLAB' 'SolidWorks'],['Finance'],Standard User,Engineering CAD Workstation,Moderate,Moderate,Moderate,synthetic_rules,0.97,True
wks-0708,macOS,14,16,64,True,False,[631],['OneDrive Sync' 'RDP'],['AutoCAD' 'MATLAB' 'SolidWorks'],['Developers'],Standard User,Engineering CAD Workstation,Moderate,Moderate,Moderate,synthetic_rules,0.9,True
wks-0709,Windows,11,16,8,False,True,[ 135  445 3389],[],['Chrome' 'Postman' 'Selenium' 'Teams' 'Zoom'],['Finance' 'SOC'],Standard User,QA Test Workstation,Moderate,Moderate,Moderate,synthetic_rules,0.77,True
wks-0710,Windows,11,4,16,False,True,[ 139  445 3389],['Defender' 'SSH'],['Chrome' 'Office' 'Teams'],['QA' 'Retail'],Standard User,Standard User Workstation,Moderate,Moderate,Moderate,synthetic_hybrid,0.91,True
wks-0711,Windows,11,8,8,False,True,[ 135  139  445 3389],['Backup Agent' 'EDR Agent' 'OneDrive Sync' 'RDP'],['Chrome' 'Excel' 'Firefox' 'Power BI Desktop' 'SAP GUI' 'Teams'],['Data Scientists'],Standard User,Finance Workstation,High,High,Moderate,synthetic_rules,0.84,True
wks-0712,Windows,11,16,16,False,True,[139],[],['PuTTY' 'RDP' 'ServiceNow' 'Teams' 'Zoom'],['Executives'],Power User,Help Desk Workstation,Moderate,Moderate,High,synthetic_hybrid,0.86,True
wks-0713,Windows,11,4,32,False,True,[ 135  139 3389],['Defender' 'Print Spooler' 'RDP'],['Chrome' 'Office' 'Teams' 'VPN Client'],['Finance' 'SOC'],Standard User,Standard User Workstation,Moderate,Moderate,Moderate,synthetic_hybrid,0.77,True
wks-0714,Windows,11,8,16,False,True,[ 135  445 3389],[],['PuTTY' 'RDP' 'ServiceNow' 'Teams'],['IT Operations'],Local Admin,Help Desk Workstation,Moderate,High,High,synthetic_rules,0.71,True
wks-0715,Windows,10,16,64,False,True,[ 135  139  445 3389],['Backup Agent' 'OneDrive Sync' 'RDP' 'SSH'],['Chrome' 'Office' 'Teams'],['Domain Users' 'HR'],Local Admin,Standard User Workstation,Moderate,High,Moderate,synthetic_ml_seed,0.91,True
wks-0716,macOS,14,32,8,False,False,[ 22 631],['Backup Agent' 'Defender' 'SSH' 'VPN Client'],"['Chrome' 'Firefox' 'PowerShell' 'PuTTY' 'RSAT' 'Teams'
 'VMware Workstation']",['Call Center' 'Finance'],Local Admin,IT Admin Workstation,High,High,Moderate,synthetic_rules,0.89,True
wks-0717,macOS,14,8,16,False,True,[22],['EDR Agent' 'OneDrive Sync' 'SSH' 'VPN Client'],['Excel' 'Power BI Desktop' 'SAP GUI'],['Retail'],Standard User,Finance Workstation,High,High,Moderate,synthetic_rules,0.84,True
wks-0718,macOS,14,4,64,False,True,[ 22 631],['EDR Agent' 'SSH'],['Office' 'Teams' 'Workday'],['Training'],Standard User,HR Workstation,High,High,Moderate,synthetic_rules,0.92,True
wks-0719,macOS,14,4,16,False,True,[22],[],['Office' 'POS Client' 'Receipt Printer Driver' 'Zoom'],['IT Operations' 'Training'],Standard User,Point of Sale Workstation,Moderate,Moderate,High,synthetic_rules,0.86,True
wks-0720,Windows,11,16,32,False,True,[ 445 3389],['Defender' 'EDR Agent' 'RDP' 'SSH'],['Chrome' 'KioskShell' 'Zoom'],['IT Operations'],Local Admin,Kiosk Workstation,Moderate,High,Moderate,synthetic_rules,0.91,True
wks-0721,Ubuntu Desktop,22.04,8,16,False,True,[ 22 631],['Backup Agent' 'Print Spooler' 'SSH'],['Office' 'Teams' 'Workday'],['Executives'],Local Admin,HR Workstation,High,High,Moderate,synthetic_hybrid,0.88,True
wks-0722,Windows,10,4,64,False,True,[ 445 3389 8888],['Backup Agent' 'Defender' 'SSH' 'VPN Client'],"['Chrome' 'Docker Desktop' 'Git' 'IntelliJ' 'Node.js' 'PyCharm' 'VS Code'
 'Zoom']",['Developers' 'Domain Users' 'Training'],Local Admin,Developer Workstation,Moderate,High,Moderate,synthetic_ml_seed,0.74,True
wks-0723,Windows,10,4,16,False,True,[3389],[],['Office' 'PuTTY' 'RDP' 'ServiceNow' 'Teams' 'VPN Client'],['Executives'],Power User,Help Desk Workstation,Moderate,Moderate,High,synthetic_hybrid,0.86,True
wks-0724,macOS,13,32,16,True,False,[  22  631 8000 8888],['Backup Agent' 'Print Spooler' 'VPN Client'],['Anaconda' 'Jupyter' 'Office' 'PyTorch' 'Python' 'RStudio' 'TensorFlow'],['Developers' 'Training'],Standard User,Data Science Workstation,Moderate,Moderate,Moderate,synthetic_rules,0.86,True
wks-0725,Windows,10,16,16,False,True,[ 135  139  445 3389],['RDP' 'SSH' 'VPN Client'],['CRM Client' 'Chrome' 'Softphone' 'Teams' 'Zoom'],['HR' 'Training'],Standard User,Call Center Workstation,Moderate,Moderate,High,synthetic_hybrid,0.73,True
wks-0726,Windows,11,16,16,False,True,[ 135  139  445 3389],['Defender' 'EDR Agent' 'Print Spooler'],['Chrome' 'Office' 'VS Code' 'Zoom'],['Developers' 'HR'],Standard User,Training Lab Workstation,Moderate,Moderate,Moderate,synthetic_hybrid,0.99,True
wks-0727,Windows,11,8,16,True,True,[135 139],[],['AutoCAD' 'MATLAB' 'SolidWorks'],['HR'],Power User,Engineering CAD Workstation,Moderate,Moderate,Moderate,synthetic_rules,0.99,True
wks-0728,Windows,10,8,16,False,True,[ 445 8000 8888],[],"['Chrome' 'Docker Desktop' 'Firefox' 'Git' 'IntelliJ' 'Node.js' 'PyCharm'
 'VS Code']",['Developers' 'QA' 'SOC'],Standard User,Developer Workstation,Moderate,Moderate,Moderate,synthetic_rules,0.81,True
wks-0729,Windows,11,8,32,False,True,[ 135  445 8888],['Defender' 'EDR Agent' 'VPN Client'],['Chrome' 'Office' 'Postman' 'Selenium'],['IT Operations' 'QA'],Local Admin,QA Test Workstation,Moderate,High,Moderate,synthetic_ml_seed,0.94,True
wks-0730,Windows,10,8,64,False,True,[ 135  139  445 3389],['Defender' 'OneDrive Sync' 'RDP'],['Excel' 'Power BI Desktop' 'SAP GUI'],['Call Center' 'QA'],Power User,Finance Workstation,High,High,Moderate,synthetic_rules,0.72,True
wks-0731,Windows,11,16,16,False,True,[135],['Defender' 'VPN Client'],"['Chrome' 'Docker Desktop' 'Git' 'IntelliJ' 'Node.js' 'PyCharm'
 'VPN Client' 'VS Code']",['Developers' 'QA'],Local Admin,Developer Workstation,Moderate,High,Moderate,synthetic_ml_seed,0.77,True
wks-0732,macOS,14,8,64,True,False,[631],['EDR Agent' 'OneDrive Sync' 'RDP' 'SSH'],['Office' 'Teams' 'Workday'],['Retail'],Standard User,HR Workstation,High,High,Moderate,synthetic_hybrid,0.94,True
wks-0733,Windows,11,8,16,False,True,[ 445 3389],['EDR Agent' 'RDP'],['CRM Client' 'Chrome' 'Softphone'],['HR' 'Help Desk'],Standard User,Call Center Workstation,Moderate,Moderate,High,synthetic_ml_seed,0.74,True
wks-0734,Windows,10,8,32,False,True,[ 139 3389],['EDR Agent' 'OneDrive Sync' 'Print Spooler'],['Chrome' 'Office' 'VS Code' 'Zoom'],['HR' 'IT Operations'],Local Admin,Training Lab Workstation,Moderate,High,Moderate,synthetic_rules,0.88,True
wks-0735,Windows,10,32,8,False,True,[ 135  445 3389],[],['Chrome' 'Excel' 'Firefox' 'Office' 'Power BI Desktop' 'SAP GUI'],['Executives' 'Retail'],Standard User,Finance Workstation,High,High,Moderate,synthetic_rules,0.79,True
wks-0736,Windows,10,4,32,True,True,[3389],['Backup Agent' 'OneDrive Sync' 'Print Spooler' 'RDP'],['AutoCAD' 'MATLAB' 'SolidWorks' 'VPN Client'],['Call Center'],Standard User,Engineering CAD Workstation,Moderate,Moderate,Moderate,synthetic_rules,0.95,True
wks-0737,Windows,10,32,16,True,True,[ 139  445 3389],['Backup Agent' 'Print Spooler'],['AutoCAD' 'MATLAB' 'SolidWorks' 'VPN Client' 'Zoom'],['Domain Users' 'Help Desk'],Local Admin,Engineering CAD Workstation,Moderate,High,Moderate,synthetic_ml_seed,0.72,True
wks-0738,Windows,11,8,64,False,True,[ 135  139  445 3389],['Backup Agent' 'Print Spooler' 'SSH'],['Office' 'Teams' 'Workday'],['Call Center' 'Retail'],Standard User,HR Workstation,High,High,Moderate,synthetic_ml_seed,0.82,True
wks-0739,Windows,10,4,16,False,True,[ 135  139  445 3389],['Backup Agent' 'EDR Agent' 'Print Spooler'],['Chrome' 'Office' 'Teams'],['Executives' 'Finance'],Standard User,Standard User Workstation,Moderate,Moderate,Moderate,synthetic_hybrid,0.95,True
wks-0740,Windows,10,4,8,False,True,[ 135  139  445 3389],[],['Office' 'PuTTY' 'RDP' 'ServiceNow' 'Teams'],['QA'],Standard User,Help Desk Workstation,Moderate,Moderate,High,synthetic_ml_seed,0.88,True
wks-0741,Windows,11,8,32,False,True,[139],['Defender' 'OneDrive Sync' 'RDP' 'SSH'],['Chrome' 'KioskShell'],['Data Scientists'],Power User,Kiosk Workstation,Moderate,Moderate,Moderate,synthetic_hybrid,0.92,True
wks-0742,macOS,13,4,16,False,False,[8000],['Defender' 'EDR Agent'],['Chrome' 'Postman' 'Selenium' 'VPN Client' 'Zoom'],['Call Center' 'Domain Users'],Standard User,QA Test Workstation,Moderate,Moderate,Moderate,synthetic_rules,0.74,True
wks-0743,Windows,11,32,16,True,True,[ 135  139  445 8000],[],"['Anaconda' 'Firefox' 'Jupyter' 'Office' 'PyTorch' 'Python' 'RStudio'
 'Teams' 'TensorFlow']",['Developers'],Standard User,Data Science Workstation,Moderate,Moderate,Moderate,synthetic_hybrid,0.76,True
wks-0744,macOS,14,4,32,False,False,[ 22 631],['Defender' 'RDP'],['PowerShell' 'PuTTY' 'RSAT' 'VMware Workstation'],['Developers'],Privileged Admin,IT Admin Workstation,High,High,Moderate,synthetic_rules,0.88,True
wks-0745,Windows,10,4,32,True,True,[ 135  139  445 3389],['Backup Agent' 'EDR Agent' 'Print Spooler' 'VPN Client'],['CRM Client' 'Chrome' 'Softphone'],['Help Desk'],Local Admin,Call Center Workstation,Moderate,High,High,synthetic_rules,0.81,True
wks-0746,macOS,13,4,32,True,False,[ 22 631],['Print Spooler' 'RDP'],['Firefox' 'POS Client' 'Receipt Printer Driver' 'Teams'],['Data Scientists' 'Domain Users'],Standard User,Point of Sale Workstation,Moderate,Moderate,High,synthetic_ml_seed,0.82,True
wks-0747,Ubuntu Desktop,22.04,32,16,True,True,[8000],[],['Chrome' 'Postman' 'Selenium'],['IT Operations' 'SOC'],Standard User,QA Test Workstation,Moderate,Moderate,Moderate,synthetic_rules,0.88,True
wks-0748,Windows,10,4,16,True,True,[3389],['EDR Agent' 'OneDrive Sync' 'Print Spooler' 'SSH'],['Chrome' 'Office' 'Teams' 'Zoom'],['Retail'],Privileged Admin,Standard User Workstation,Moderate,High,Moderate,synthetic_ml_seed,0.77,True
wks-0749,Windows,11,16,16,False,True,[135 139 445],['Backup Agent' 'RDP'],['Chrome' 'Office' 'Teams'],['Domain Users'],Standard User,Standard User Workstation,Moderate,Moderate,Moderate,synthetic_rules,0.75,True
wks-0750,Windows,11,16,16,False,True,[ 135  445 3389],['Defender' 'RDP'],['POS Client' 'Receipt Printer Driver'],['Executives'],Standard User,Point of Sale Workstation,Moderate,Moderate,High,synthetic_hybrid,0.87,True
wks-0751,Ubuntu Desktop,22.04,16,16,False,True,[  22  631 8000 8888],[],['Chrome' 'Docker Desktop' 'Git' 'IntelliJ' 'Node.js' 'PyCharm' 'VS Code'],['Developers' 'IT Operations' 'Training'],Standard User,Developer Workstation,Moderate,Moderate,Moderate,synthetic_hybrid,0.92,True
wks-0752,Windows,10,4,32,False,True,[ 139 3389 5601],['Defender' 'OneDrive Sync' 'Print Spooler' 'VPN Client'],['Burp Suite' 'Splunk' 'Sysinternals' 'Wireshark'],['Domain Users' 'IT Operations'],Privileged Admin,SOC Analyst Workstation,High,High,Moderate,synthetic_rules,0.75,True
wks-0753,Ubuntu Desktop,22.04,4,64,False,True,[631],['Defender' 'Print Spooler' 'RDP' 'SSH'],"['Chrome' 'Office' 'PowerShell' 'PuTTY' 'RSAT' 'Teams'
 'VMware Workstation']",['Developers' 'Engineering'],Local Admin,IT Admin Workstation,High,High,Moderate,synthetic_ml_seed,0.93,True
wks-0754,macOS,14,4,8,False,True,[631],['EDR Agent' 'OneDrive Sync' 'Print Spooler' 'RDP'],['Office' 'Teams' 'Zoom'],['Finance'],Local Admin,Executive Workstation,High,High,Moderate,synthetic_hybrid,0.72,True
wks-0755,Windows,11,8,16,False,True,[8000],['Defender' 'Print Spooler' 'RDP'],['Chrome' 'Office' 'Postman' 'Selenium' 'VPN Client' 'Zoom'],['Training'],Privileged Admin,QA Test Workstation,Moderate,High,Moderate,synthetic_rules,0.76,True
wks-0756,Windows,11,8,16,True,True,[ 135  445 3389],['Backup Agent' 'EDR Agent' 'Print Spooler' 'SSH'],['Chrome' 'Firefox' 'KioskShell' 'Teams' 'VPN Client'],['Retail'],Power User,Kiosk Workstation,Moderate,Moderate,Moderate,synthetic_rules,0.99,True
wks-0757,Ubuntu Desktop,22.04,4,8,False,True,[22],['Backup Agent' 'Defender' 'Print Spooler' 'RDP'],['POS Client' 'Receipt Printer Driver'],['Call Center' 'Engineering'],Local Admin,Point of Sale Workstation,Moderate,High,High,synthetic_rules,0.87,True
wks-0758,Windows,11,4,16,True,True,[ 139  445 3389 8888],['Backup Agent' 'OneDrive Sync' 'Print Spooler' 'SSH'],['Anaconda' 'Jupyter' 'PyTorch' 'Python' 'RStudio' 'TensorFlow'],['HR'],Standard User,Data Science Workstation,Moderate,Moderate,Moderate,synthetic_ml_seed,0.84,True
wks-0759,Windows,11,4,8,True,True,[ 139  445 3389],['Backup Agent' 'Print Spooler'],['AutoCAD' 'MATLAB' 'Office' 'SolidWorks' 'Zoom'],['Retail' 'Training'],Standard User,Engineering CAD Workstation,Moderate,Moderate,Moderate,synthetic_ml_seed,0.73,True
wks-0760,Windows,10,4,16,False,True,[ 139 3389],['Backup Agent' 'Defender' 'SSH' 'VPN Client'],['Excel' 'Power BI Desktop' 'SAP GUI' 'Teams'],['HR' 'Training'],Standard User,Finance Workstation,High,High,Moderate,synthetic_hybrid,0.93,True
wks-0761,Windows,11,16,8,False,True,[3389],['Backup Agent' 'Print Spooler' 'VPN Client'],['Chrome' 'Office' 'VS Code'],['QA' 'SOC'],Standard User,Training Lab Workstation,Moderate,Moderate,Moderate,synthetic_rules,0.87,True
wks-0762,Windows,11,16,32,False,True,[135 445],['Defender' 'Print Spooler'],['Office' 'Teams' 'Zoom'],['Help Desk' 'QA'],Power User,Executive Workstation,High,High,Moderate,synthetic_ml_seed,0.74,True
wks-0763,macOS,13,4,64,False,False,[22],['Backup Agent' 'Defender' 'EDR Agent' 'SSH'],['Firefox' 'POS Client' 'Receipt Printer Driver' 'Teams' 'Zoom'],['Executives'],Standard User,Point of Sale Workstation,Moderate,Moderate,High,synthetic_ml_seed,0.86,True
wks-0764,Windows,11,8,16,True,True,[ 139 3389],[],['AutoCAD' 'Chrome' 'Firefox' 'MATLAB' 'SolidWorks' 'VPN Client'],['Retail' 'SOC'],Power User,Engineering CAD Workstation,Moderate,Moderate,Moderate,synthetic_hybrid,0.78,True
wks-0765,Windows,11,16,16,False,True,[ 445 8888],['OneDrive Sync' 'VPN Client'],['Chrome' 'Firefox' 'Postman' 'Selenium' 'Teams'],['Help Desk' 'SOC'],Standard User,QA Test Workstation,Moderate,Moderate,Moderate,synthetic_rules,0.99,True
wks-0766,Ubuntu Desktop,22.04,8,32,False,True,[631],['Backup Agent' 'Print Spooler' 'SSH'],['Chrome' 'Office' 'Teams'],['IT Operations'],Power User,Standard User Workstation,Moderate,Moderate,Moderate,synthetic_rules,0.72,True
wks-0767,Windows,11,32,16,True,True,[135 445],['Defender' 'EDR Agent' 'SSH' 'VPN Client'],['AutoCAD' 'MATLAB' 'SolidWorks' 'Zoom'],['IT Operations'],Standard User,Engineering CAD Workstation,Moderate,Moderate,Moderate,synthetic_rules,0.89,True
wks-0768,Windows,11,4,32,False,True,[ 139  445 3389],[],['Firefox' 'Office' 'PuTTY' 'RDP' 'ServiceNow' 'Teams' 'Zoom'],['Help Desk'],Power User,Help Desk Workstation,Moderate,Moderate,High,synthetic_ml_seed,0.98,True
wks-0769,macOS,14,16,16,False,True,[ 22 631],['Defender' 'OneDrive Sync'],['CRM Client' 'Chrome' 'Softphone'],['HR'],Local Admin,Call Center Workstation,Moderate,High,High,synthetic_rules,0.85,True
wks-0770,Windows,10,8,64,False,True,[135],[],['Chrome' 'Postman' 'Selenium'],['Call Center' 'Engineering'],Standard User,QA Test Workstation,Moderate,Moderate,Moderate,synthetic_ml_seed,0.76,True
wks-0771,Ubuntu Desktop,22.04,16,16,True,True,[ 22 631],['Defender' 'EDR Agent' 'OneDrive Sync'],['AutoCAD' 'Chrome' 'Firefox' 'MATLAB' 'SolidWorks'],['Executives' 'IT Operations'],Local Admin,Engineering CAD Workstation,Moderate,High,Moderate,synthetic_rules,0.9,True
wks-0772,macOS,13,8,16,True,True,[ 631 8000 8888],['Defender' 'EDR Agent'],['Anaconda' 'Jupyter' 'PyTorch' 'Python' 'RStudio' 'TensorFlow'],['Executives'],Local Admin,Data Science Workstation,Moderate,High,Moderate,synthetic_hybrid,0.95,True
wks-0773,Windows,11,4,16,False,True,[3389],[],['Firefox' 'Office' 'POS Client' 'Receipt Printer Driver'],['HR'],Power User,Point of Sale Workstation,Moderate,Moderate,High,synthetic_rules,0.99,True
wks-0774,macOS,14,8,16,False,True,[8888],['Defender' 'EDR Agent'],"['Chrome' 'Docker Desktop' 'Git' 'IntelliJ' 'Node.js' 'PyCharm' 'Teams'
 'VS Code']",['Developers' 'Executives'],Local Admin,Developer Workstation,Moderate,High,Moderate,synthetic_rules,0.78,True
wks-0775,Ubuntu Desktop,22.04,4,16,True,True,[  22  631 8000],['Defender' 'RDP' 'VPN Client'],"['Anaconda' 'Chrome' 'Jupyter' 'Office' 'PyTorch' 'Python' 'RStudio'
 'TensorFlow' 'Zoom']",['Developers' 'Finance'],Standard User,Data Science Workstation,Moderate,Moderate,Moderate,synthetic_rules,0.76,True
wks-0776,Windows,11,4,16,False,True,[445],[],['Chrome' 'Office' 'VS Code'],['Developers' 'SOC'],Power User,Training Lab Workstation,Moderate,Moderate,Moderate,synthetic_rules,0.89,True
wks-0777,Windows,11,16,16,True,True,[445],['Defender' 'EDR Agent' 'VPN Client'],['Adobe Creative Cloud' 'Blender' 'Figma'],['QA'],Power User,Graphic Design Workstation,Moderate,Moderate,Moderate,synthetic_ml_seed,0.9,True
wks-0778,Windows,10,16,8,False,True,[ 135 3389 5601],[],['Burp Suite' 'Splunk' 'Sysinternals' 'Wireshark'],['Call Center' 'Engineering'],Power User,SOC Analyst Workstation,High,High,Moderate,synthetic_rules,0.73,True
wks-0779,macOS,13,4,8,True,True,[22],['Print Spooler' 'RDP' 'SSH' 'VPN Client'],['Burp Suite' 'Splunk' 'Sysinternals' 'Wireshark'],['Executives' 'Help Desk'],Local Admin,SOC Analyst Workstation,High,High,Moderate,synthetic_ml_seed,0.87,True
wks-0780,Windows,11,4,64,True,True,[139],['Defender' 'RDP' 'SSH'],['Anaconda' 'Jupyter' 'PyTorch' 'Python' 'RStudio' 'TensorFlow'],['HR' 'Training'],Standard User,Data Science Workstation,Moderate,Moderate,Moderate,synthetic_ml_seed,0.73,True
wks-0781,Windows,10,4,8,False,True,[135 139 445],['Backup Agent' 'EDR Agent' 'OneDrive Sync' 'VPN Client'],"['Chrome' 'Firefox' 'PowerShell' 'PuTTY' 'RSAT' 'VMware Workstation'
 'Zoom']",['Data Scientists' 'Help Desk'],Local Admin,IT Admin Workstation,High,High,Moderate,synthetic_hybrid,0.85,True
wks-0782,Windows,11,4,8,True,True,[139 445],[],['Anaconda' 'Jupyter' 'PyTorch' 'Python' 'RStudio' 'TensorFlow'],['Data Scientists' 'Finance'],Privileged Admin,Data Science Workstation,Moderate,High,Moderate,synthetic_ml_seed,0.84,True
wks-0783,macOS,13,4,16,False,False,[8000 8888],['OneDrive Sync' 'Print Spooler' 'VPN Client'],"['Docker Desktop' 'Git' 'IntelliJ' 'Node.js' 'PyCharm' 'Teams'
 'VPN Client' 'VS Code' 'Zoom']",['Developers'],Standard User,Developer Workstation,Moderate,Moderate,Moderate,synthetic_rules,0.9,True
wks-0784,Windows,10,4,16,False,True,[445],[],['Firefox' 'PowerShell' 'PuTTY' 'RSAT' 'Teams' 'VMware Workstation' 'Zoom'],['IT Operations' 'Retail'],Standard User,IT Admin Workstation,High,High,Moderate,synthetic_hybrid,0.74,True
wks-0785,Windows,10,8,8,False,True,[ 139 3389],[],['Chrome' 'Firefox' 'KioskShell' 'Office' 'VPN Client'],['Finance'],Standard User,Kiosk Workstation,Moderate,Moderate,Moderate,synthetic_ml_seed,0.73,True
wks-0786,Ubuntu Desktop,22.04,4,32,False,True,[631],['Defender' 'Print Spooler' 'SSH'],['Excel' 'Power BI Desktop' 'SAP GUI'],['Data Scientists' 'QA'],Standard User,Finance Workstation,High,High,Moderate,synthetic_hybrid,0.81,True
wks-0787,Ubuntu Desktop,22.04,16,64,False,True,[22],[],['CRM Client' 'Chrome' 'Softphone'],['QA'],Standard User,Call Center Workstation,Moderate,Moderate,High,synthetic_rules,0.76,True
wks-0788,Windows,10,8,8,False,True,[3389],['Backup Agent' 'RDP'],"['PowerShell' 'PuTTY' 'RSAT' 'Teams' 'VMware Workstation' 'VPN Client'
 'Zoom']",['Retail'],Power User,IT Admin Workstation,High,High,Moderate,synthetic_rules,0.82,True
wks-0789,Ubuntu Desktop,22.04,4,16,False,True,[631],[],['Chrome' 'Office' 'VPN Client' 'VS Code' 'Zoom'],['HR' 'Training'],Standard User,Training Lab Workstation,Moderate,Moderate,Moderate,synthetic_rules,0.98,True
wks-0790,Windows,11,4,16,False,True,[135 139 445],['OneDrive Sync' 'Print Spooler' 'SSH'],['Chrome' 'KioskShell' 'VPN Client' 'Zoom'],['HR' 'IT Operations'],Standard User,Kiosk Workstation,Moderate,Moderate,Moderate,synthetic_rules,0.91,True
wks-0791,macOS,14,8,16,False,True,[631],['Backup Agent' 'EDR Agent' 'Print Spooler'],['Firefox' 'Office' 'Teams' 'Zoom'],['HR'],Local Admin,Executive Workstation,High,High,Moderate,synthetic_rules,0.97,True
wks-0792,macOS,13,8,8,False,True,[ 631 8000],[],['Chrome' 'Postman' 'Selenium' 'Teams' 'VPN Client'],['Executives'],Local Admin,QA Test Workstation,Moderate,High,Moderate,synthetic_hybrid,0.79,True
wks-0793,Ubuntu Desktop,22.04,8,16,False,True,[22],[],['CRM Client' 'Chrome' 'Softphone' 'Teams' 'Zoom'],['Retail'],Local Admin,Call Center Workstation,Moderate,High,High,synthetic_hybrid,0.98,True
wks-0794,Windows,10,4,16,False,True,[135],[],['Firefox' 'Office' 'Teams' 'Workday'],['Call Center'],Standard User,HR Workstation,High,High,Moderate,synthetic_rules,0.94,True
wks-0795,Ubuntu Desktop,22.04,4,16,False,True,[22],['Backup Agent' 'RDP' 'VPN Client'],['PowerShell' 'PuTTY' 'RSAT' 'VMware Workstation'],['Domain Users'],Local Admin,IT Admin Workstation,High,High,Moderate,synthetic_rules,0.86,True
wks-0796,Windows,10,4,64,True,True,[3389],['Defender' 'OneDrive Sync' 'Print Spooler' 'RDP'],['AutoCAD' 'MATLAB' 'SolidWorks'],['IT Operations' 'SOC'],Power User,Engineering CAD Workstation,Moderate,Moderate,Moderate,synthetic_ml_seed,0.9,True
wks-0797,Windows,10,16,64,False,True,[139],['EDR Agent' 'RDP'],['Office' 'Teams' 'Workday'],['Finance' 'HR'],Standard User,HR Workstation,High,High,Moderate,synthetic_hybrid,0.79,True
wks-0798,Windows,10,4,16,False,True,[135],['Backup Agent' 'Defender' 'EDR Agent'],['Burp Suite' 'Office' 'Splunk' 'Sysinternals' 'Teams' 'Wireshark'],['Data Scientists' 'Domain Users'],Local Admin,SOC Analyst Workstation,High,High,Moderate,synthetic_hybrid,0.94,True
wks-0799,Windows,11,4,64,True,True,[ 139  445 3389],['Backup Agent' 'Print Spooler'],['AutoCAD' 'MATLAB' 'SolidWorks'],['Training'],Standard User,Engineering CAD Workstation,Moderate,Moderate,Moderate,synthetic_ml_seed,0.94,True
wks-0800,Ubuntu Desktop,22.04,8,32,False,True,[  22  631 8000 8888],['OneDrive Sync' 'VPN Client'],['Chrome' 'Firefox' 'Postman' 'Selenium' 'Zoom'],['Call Center' 'QA'],Local Admin,QA Test Workstation,Moderate,High,Moderate,synthetic_hybrid,0.71,True
wks-0801,Windows,11,8,16,True,True,[ 139  445 3389],[],['PuTTY' 'RDP' 'ServiceNow' 'Teams'],['QA'],Standard User,Help Desk Workstation,Moderate,Moderate,High,synthetic_hybrid,0.84,True
wks-0802,Windows,10,32,8,False,True,[ 135  139  445 3389],['Print Spooler' 'SSH'],['Office' 'Teams' 'Zoom'],['Engineering' 'Finance'],Standard User,Executive Workstation,High,High,Moderate,synthetic_hybrid,0.73,True
wks-0803,Windows,10,8,16,False,True,[ 139 3389],['Defender' 'Print Spooler' 'SSH' 'VPN Client'],['PowerShell' 'PuTTY' 'RSAT' 'Teams' 'VMware Workstation' 'VPN Client'],['Data Scientists'],Privileged Admin,IT Admin Workstation,High,High,Moderate,synthetic_hybrid,0.93,True
wks-0804,macOS,14,8,16,False,False,[22],['Backup Agent' 'OneDrive Sync' 'SSH'],['CRM Client' 'Chrome' 'Firefox' 'Office' 'Softphone'],['HR' 'Retail'],Standard User,Call Center Workstation,Moderate,Moderate,High,synthetic_hybrid,0.84,True
wks-0805,Windows,11,16,64,False,True,[135 139],['Defender' 'Print Spooler'],['Chrome' 'Office' 'VS Code'],['HR'],Power User,Training Lab Workstation,Moderate,Moderate,Moderate,synthetic_rules,0.94,True
wks-0806,Windows,11,4,16,False,True,[ 135  445 3389 5601],[],['Burp Suite' 'Splunk' 'Sysinternals' 'VPN Client' 'Wireshark'],['Help Desk' 'SOC'],Privileged Admin,SOC Analyst Workstation,High,High,Moderate,synthetic_rules,0.72,True
wks-0807,Windows,10,8,16,False,True,[ 135  139 3389],['Backup Agent' 'Defender' 'OneDrive Sync'],['Chrome' 'Office' 'VS Code'],['SOC'],Standard User,Training Lab Workstation,Moderate,Moderate,Moderate,synthetic_ml_seed,0.94,True
wks-0808,Windows,10,8,8,False,True,[ 135  139 3389],['OneDrive Sync' 'Print Spooler' 'SSH'],['Chrome' 'Office' 'Teams'],['HR' 'QA'],Standard User,Standard User Workstation,Moderate,Moderate,Moderate,synthetic_ml_seed,0.95,True
wks-0809,Ubuntu Desktop,22.04,4,16,False,True,[ 22 631],['Backup Agent' 'Print Spooler' 'RDP' 'VPN Client'],"['Chrome' 'Docker Desktop' 'Git' 'IntelliJ' 'Node.js' 'Office' 'PyCharm'
 'VS Code']",['Developers'],Power User,Developer Workstation,Moderate,Moderate,Moderate,synthetic_hybrid,0.91,True
wks-0810,Windows,10,8,16,True,True,[445],[],['Office' 'Teams' 'Workday'],['Developers' 'SOC'],Standard User,HR Workstation,High,High,Moderate,synthetic_hybrid,0.75,True
wks-0811,Windows,11,8,8,True,True,[ 139  445 3389],['Print Spooler' 'SSH'],['CRM Client' 'Chrome' 'Softphone'],['Domain Users' 'HR'],Standard User,Call Center Workstation,Moderate,Moderate,High,synthetic_hybrid,0.95,True
wks-0812,Windows,10,4,8,True,True,[ 135  445 3389],['Defender' 'VPN Client'],['Chrome' 'Firefox' 'PowerShell' 'PuTTY' 'RSAT' 'VMware Workstation'],['Engineering' 'QA'],Local Admin,IT Admin Workstation,High,High,Moderate,synthetic_rules,0.95,True
wks-0813,Windows,11,4,16,False,True,[ 135  139  445 3389],['Backup Agent' 'Defender' 'Print Spooler' 'VPN Client'],"['Chrome' 'Docker Desktop' 'Git' 'IntelliJ' 'Node.js' 'Office' 'PyCharm'
 'VS Code']",['Developers' 'HR' 'Training'],Standard User,Developer Workstation,Moderate,Moderate,Moderate,synthetic_rules,0.95,True
wks-0814,Windows,11,8,16,True,True,[ 445 3389],['OneDrive Sync' 'RDP'],"['Anaconda' 'Chrome' 'Jupyter' 'Office' 'PyTorch' 'Python' 'RStudio'
 'TensorFlow' 'Zoom']",['HR'],Local Admin,Data Science Workstation,Moderate,High,Moderate,synthetic_hybrid,0.88,True
wks-0815,macOS,14,8,64,False,True,[  22 5601],['Backup Agent' 'EDR Agent' 'RDP' 'SSH'],['Burp Suite' 'Chrome' 'Splunk' 'Sysinternals' 'Teams' 'Wireshark'],['Domain Users' 'IT Operations'],Local Admin,SOC Analyst Workstation,High,High,Moderate,synthetic_hybrid,0.86,True
wks-0816,Windows,11,32,32,True,True,[ 445 8888],['Backup Agent' 'EDR Agent' 'VPN Client'],"['Anaconda' 'Jupyter' 'PyTorch' 'Python' 'RStudio' 'Teams' 'TensorFlow'
 'VPN Client' 'Zoom']",['Call Center' 'HR'],Local Admin,Data Science Workstation,Moderate,High,Moderate,synthetic_hybrid,0.78,True
wks-0817,Windows,10,4,16,False,True,[135],['Backup Agent' 'Print Spooler' 'VPN Client'],['POS Client' 'Receipt Printer Driver' 'VPN Client'],['Executives' 'Retail'],Power User,Point of Sale Workstation,Moderate,Moderate,High,synthetic_rules,0.76,True
wks-0818,Windows,11,16,16,False,True,[ 135 3389 8888],['Defender' 'EDR Agent'],['Chrome' 'Postman' 'Selenium'],['Domain Users' 'IT Operations'],Standard User,QA Test Workstation,Moderate,Moderate,Moderate,synthetic_rules,0.81,True
wks-0819,macOS,13,4,64,False,True,[ 22 631],['Defender' 'OneDrive Sync' 'Print Spooler' 'RDP'],['Firefox' 'Office' 'PuTTY' 'RDP' 'ServiceNow' 'Teams'],['Training'],Standard User,Help Desk Workstation,Moderate,Moderate,High,synthetic_ml_seed,0.76,True
wks-0820,Windows,11,4,16,True,True,[ 135  445 3389],['Backup Agent' 'EDR Agent' 'RDP' 'SSH'],['Adobe Creative Cloud' 'Blender' 'Figma' 'Firefox' 'Office' 'VPN Client'],['Engineering' 'SOC'],Local Admin,Graphic Design Workstation,Moderate,High,Moderate,synthetic_rules,0.91,True
wks-0821,Windows,11,8,64,False,True,[ 135  139  445 3389],['Backup Agent' 'RDP' 'SSH'],['Office' 'Teams' 'Zoom'],['IT Operations'],Local Admin,Executive Workstation,High,High,Moderate,synthetic_hybrid,0.93,True
wks-0822,Windows,11,32,16,True,True,[ 135  139  445 3389],[],['Adobe Creative Cloud' 'Blender' 'Figma'],['Data Scientists' 'Domain Users'],Local Admin,Graphic Design Workstation,Moderate,High,Moderate,synthetic_rules,0.76,True
wks-0823,macOS,13,8,32,True,False,[ 22 631],[],['Office' 'POS Client' 'Receipt Printer Driver' 'VPN Client'],['Developers'],Local Admin,Point of Sale Workstation,Moderate,High,High,synthetic_rules,0.82,True
wks-0824,Windows,11,4,16,True,True,[139 445],['Defender' 'Print Spooler'],['Office' 'Teams' 'Zoom'],['Call Center' 'QA'],Privileged Admin,Executive Workstation,High,High,Moderate,synthetic_rules,0.81,True
wks-0825,Ubuntu Desktop,22.04,32,16,False,True,[ 22 631],['Print Spooler' 'RDP'],['Excel' 'Firefox' 'Office' 'Power BI Desktop' 'SAP GUI' 'Zoom'],['Finance' 'Training'],Local Admin,Finance Workstation,High,High,Moderate,synthetic_hybrid,0.92,True
wks-0826,Windows,11,8,64,False,True,[ 135  445 3389],['Backup Agent' 'Print Spooler'],['CRM Client' 'Chrome' 'Softphone'],['HR'],Standard User,Call Center Workstation,Moderate,Moderate,High,synthetic_rules,0.9,True
wks-0827,macOS,14,8,64,False,True,[ 22 631],['Backup Agent' 'Defender' 'EDR Agent'],['PuTTY' 'RDP' 'ServiceNow' 'Teams'],['Data Scientists' 'Domain Users'],Power User,Help Desk Workstation,Moderate,Moderate,High,synthetic_ml_seed,0.87,True
wks-0828,Windows,10,4,64,False,True,[3389],['Backup Agent' 'Print Spooler'],['Office' 'Teams' 'Workday'],['Developers'],Standard User,HR Workstation,High,High,Moderate,synthetic_hybrid,0.89,True
wks-0829,macOS,14,8,8,False,False,[631],['Backup Agent' 'RDP' 'SSH'],['Chrome' 'Postman' 'Selenium'],['SOC'],Local Admin,QA Test Workstation,Moderate,High,Moderate,synthetic_rules,0.87,True
wks-0830,Windows,10,4,16,True,True,[ 135  139  445 3389],['RDP' 'SSH'],['Chrome' 'Firefox' 'Office' 'Teams'],['Finance'],Standard User,Standard User Workstation,Moderate,Moderate,Moderate,synthetic_rules,0.8,True
wks-0831,macOS,14,8,32,False,True,[22],['Backup Agent' 'Defender' 'OneDrive Sync' 'Print Spooler'],['CRM Client' 'Chrome' 'Softphone'],['Developers' 'IT Operations'],Standard User,Call Center Workstation,Moderate,Moderate,High,synthetic_rules,0.75,True
wks-0832,Windows,10,4,8,False,True,[ 135  139  445 3389],['Defender' 'RDP' 'SSH' 'VPN Client'],['Office' 'PuTTY' 'RDP' 'ServiceNow' 'Teams'],['Domain Users' 'HR'],Standard User,Help Desk Workstation,Moderate,Moderate,High,synthetic_ml_seed,0.99,True
wks-0833,Windows,10,8,64,False,True,[ 135  139  445 3389],[],['CRM Client' 'Chrome' 'Office' 'Softphone'],['Domain Users'],Standard User,Call Center Workstation,Moderate,Moderate,High,synthetic_rules,0.99,True
wks-0834,Windows,11,32,16,False,True,[ 135  445 3389],['EDR Agent' 'RDP' 'SSH'],['Office' 'Teams' 'Zoom'],['Call Center'],Standard User,Executive Workstation,High,High,Moderate,synthetic_ml_seed,0.79,True
wks-0835,Windows,11,32,32,True,True,[ 135  139  445 3389],['Print Spooler' 'RDP' 'SSH' 'VPN Client'],['Adobe Creative Cloud' 'Blender' 'Chrome' 'Figma'],['Help Desk'],Local Admin,Graphic Design Workstation,Moderate,High,Moderate,synthetic_ml_seed,0.99,True
wks-0836,Windows,11,8,16,False,True,[ 135  139  445 3389],['Backup Agent' 'Defender' 'EDR Agent'],['Chrome' 'Office' 'VS Code'],['HR' 'Training'],Standard User,Training Lab Workstation,Moderate,Moderate,Moderate,synthetic_rules,0.91,True
wks-0837,macOS,14,4,32,True,False,[ 22 631],['Backup Agent' 'Print Spooler' 'VPN Client'],['AutoCAD' 'MATLAB' 'Office' 'SolidWorks' 'Teams' 'VPN Client'],['Help Desk'],Standard User,Engineering CAD Workstation,Moderate,Moderate,Moderate,synthetic_hybrid,0.98,True
wks-0838,Ubuntu Desktop,22.04,4,16,True,True,[ 22 631],['Backup Agent' 'VPN Client'],['AutoCAD' 'Chrome' 'Firefox' 'MATLAB' 'SolidWorks'],['Call Center'],Local Admin,Engineering CAD Workstation,Moderate,High,Moderate,synthetic_rules,0.7,True
wks-0839,Windows,11,16,8,False,True,[135 445],['Backup Agent' 'Defender' 'OneDrive Sync'],"['Chrome' 'Office' 'PowerShell' 'PuTTY' 'RSAT' 'Teams'
 'VMware Workstation']",['Help Desk'],Standard User,IT Admin Workstation,High,High,Moderate,synthetic_ml_seed,0.71,True
wks-0840,Windows,10,8,8,False,True,[ 139 3389],['Print Spooler' 'SSH'],['Office' 'Teams' 'Workday'],['Engineering' 'QA'],Local Admin,HR Workstation,High,High,Moderate,synthetic_ml_seed,0.97,True
wks-0841,macOS,13,4,32,False,False,[631],['EDR Agent' 'OneDrive Sync' 'VPN Client'],['CRM Client' 'Chrome' 'Softphone'],['Call Center'],Local Admin,Call Center Workstation,Moderate,High,High,synthetic_rules,0.71,True
wks-0842,Ubuntu Desktop,22.04,32,32,False,True,[ 22 631],['EDR Agent' 'OneDrive Sync'],['Firefox' 'PuTTY' 'RDP' 'ServiceNow' 'Teams' 'VPN Client'],['Executives'],Standard User,Help Desk Workstation,Moderate,Moderate,High,synthetic_hybrid,0.92,True
wks-0843,Ubuntu Desktop,22.04,32,16,False,True,[  22  631 8888],['Backup Agent' 'Defender' 'VPN Client'],['Chrome' 'Office' 'Postman' 'Selenium' 'Zoom'],['QA'],Local Admin,QA Test Workstation,Moderate,High,Moderate,synthetic_rules,0.73,True
wks-0844,Windows,10,8,64,False,True,[ 139 8888],['Backup Agent' 'Defender' 'RDP' 'VPN Client'],['Chrome' 'Postman' 'Selenium'],['IT Operations'],Standard User,QA Test Workstation,Moderate,Moderate,Moderate,synthetic_ml_seed,0.73,True
wks-0845,macOS,13,32,8,False,True,[ 22 631],['EDR Agent' 'SSH' 'VPN Client'],['Office' 'Teams' 'VPN Client' 'Workday' 'Zoom'],['HR'],Standard User,HR Workstation,High,High,Moderate,synthetic_rules,0.87,True
wks-0846,Windows,11,8,16,False,True,[ 135  139  445 3389],[],['Office' 'Teams' 'Zoom'],['Call Center' 'Help Desk'],Local Admin,Executive Workstation,High,High,Moderate,synthetic_hybrid,0.85,True
wks-0847,Windows,10,4,64,False,True,[ 139  445 3389],['Defender' 'Print Spooler' 'VPN Client'],['POS Client' 'Receipt Printer Driver' 'VPN Client' 'Zoom'],['Data Scientists' 'SOC'],Standard User,Point of Sale Workstation,Moderate,Moderate,High,synthetic_ml_seed,0.86,True
wks-0848,macOS,14,8,16,True,True,[8000],['OneDrive Sync' 'RDP' 'VPN Client'],['Chrome' 'Firefox' 'Postman' 'Selenium' 'Teams' 'Zoom'],['Call Center' 'Domain Users'],Standard User,QA Test Workstation,Moderate,Moderate,Moderate,synthetic_rules,0.85,True
wks-0849,Windows,10,8,16,True,True,[139],['EDR Agent' 'RDP'],['AutoCAD' 'MATLAB' 'SolidWorks' 'Zoom'],['Engineering'],Local Admin,Engineering CAD Workstation,Moderate,High,Moderate,synthetic_hybrid,0.77,True
wks-0850,macOS,13,4,8,False,False,[631],['Print Spooler' 'RDP' 'SSH' 'VPN Client'],['Office' 'Teams' 'VPN Client' 'Zoom'],['Data Scientists' 'Executives'],Local Admin,Executive Workstation,High,High,Moderate,synthetic_ml_seed,0.73,True
wks-0851,Windows,10,8,16,False,True,[135 445],[],['PowerShell' 'PuTTY' 'RSAT' 'VMware Workstation'],['QA'],Standard User,IT Admin Workstation,High,High,Moderate,synthetic_ml_seed,0.92,True
wks-0852,Windows,11,8,32,True,True,[ 139  445 3389 8888],[],"['Anaconda' 'Chrome' 'Jupyter' 'Office' 'PyTorch' 'Python' 'RStudio'
 'Teams' 'TensorFlow']",['Executives'],Standard User,Data Science Workstation,Moderate,Moderate,Moderate,synthetic_hybrid,0.82,True
wks-0853,Windows,11,32,64,False,True,[ 139  445 3389 8000],['EDR Agent' 'OneDrive Sync' 'SSH'],"['Docker Desktop' 'Git' 'IntelliJ' 'Node.js' 'PyCharm' 'VPN Client'
 'VS Code' 'Zoom']",['Data Scientists' 'Developers' 'Help Desk'],Power User,Developer Workstation,Moderate,Moderate,Moderate,synthetic_ml_seed,0.81,True
wks-0854,Windows,11,4,32,True,True,[ 135  139  445 3389],['Defender' 'EDR Agent' 'RDP'],['Adobe Creative Cloud' 'Blender' 'Figma'],['Call Center' 'Training'],Power User,Graphic Design Workstation,Moderate,Moderate,Moderate,synthetic_hybrid,0.97,True
wks-0855,macOS,13,32,32,True,True,[22],['Defender' 'EDR Agent' 'RDP'],['AutoCAD' 'MATLAB' 'SolidWorks'],['Retail' 'Training'],Standard User,Engineering CAD Workstation,Moderate,Moderate,Moderate,synthetic_rules,0.96,True
wks-0856,macOS,13,4,8,True,True,[  22 5601],['Defender' 'EDR Agent' 'RDP' 'SSH'],"['Burp Suite' 'Firefox' 'Splunk' 'Sysinternals' 'Teams' 'VPN Client'
 'Wireshark']",['Finance' 'QA'],Local Admin,SOC Analyst Workstation,High,High,Moderate,synthetic_ml_seed,0.78,True
wks-0857,Windows,10,8,16,False,True,[135 139 445],[],['Chrome' 'Office' 'Teams' 'Zoom'],['Retail'],Power User,Standard User Workstation,Moderate,Moderate,Moderate,synthetic_hybrid,0.71,True
wks-0858,Windows,10,32,64,False,True,[ 139 8000],['Backup Agent' 'Defender' 'EDR Agent' 'VPN Client'],['Chrome' 'Firefox' 'Postman' 'Selenium'],['Engineering'],Standard User,QA Test Workstation,Moderate,Moderate,Moderate,synthetic_rules,0.85,True
wks-0859,Windows,11,32,16,True,True,[ 139 3389],['Backup Agent' 'OneDrive Sync' 'Print Spooler' 'VPN Client'],['Adobe Creative Cloud' 'Blender' 'Chrome' 'Figma' 'Teams'],['Data Scientists' 'IT Operations'],Standard User,Graphic Design Workstation,Moderate,Moderate,Moderate,synthetic_rules,0.77,True
wks-0860,Windows,10,4,16,False,True,[ 135  139  445 3389],['Backup Agent' 'EDR Agent' 'RDP' 'VPN Client'],['Firefox' 'PowerShell' 'PuTTY' 'RSAT' 'VMware Workstation'],['Executives'],Privileged Admin,IT Admin Workstation,High,High,Moderate,synthetic_rules,0.9,True
wks-0861,Windows,10,4,16,True,True,[3389],['EDR Agent' 'RDP' 'SSH' 'VPN Client'],['Adobe Creative Cloud' 'Blender' 'Figma'],['Call Center' 'Finance'],Standard User,Graphic Design Workstation,Moderate,Moderate,Moderate,synthetic_hybrid,0.96,True
wks-0862,macOS,13,16,8,True,True,[22],['EDR Agent' 'RDP' 'SSH'],"['Anaconda' 'Jupyter' 'Office' 'PyTorch' 'Python' 'RStudio' 'Teams'
 'TensorFlow']",['HR'],Power User,Data Science Workstation,Moderate,Moderate,Moderate,synthetic_hybrid,0.72,True
wks-0863,Windows,11,4,8,True,True,[ 135  445 3389 8888],['EDR Agent' 'Print Spooler' 'RDP'],['Anaconda' 'Jupyter' 'PyTorch' 'Python' 'RStudio' 'Teams' 'TensorFlow'],['Call Center' 'HR'],Power User,Data Science Workstation,Moderate,Moderate,Moderate,synthetic_rules,0.75,True
wks-0864,Windows,11,4,8,False,True,[ 135  139  445 3389],['EDR Agent' 'SSH'],['Chrome' 'Office' 'VPN Client' 'VS Code'],['Executives' 'SOC'],Standard User,Training Lab Workstation,Moderate,Moderate,Moderate,synthetic_ml_seed,0.73,True
wks-0865,Windows,11,16,16,False,True,[135],['EDR Agent' 'OneDrive Sync'],['Docker Desktop' 'Git' 'IntelliJ' 'Node.js' 'PyCharm' 'VS Code'],['Developers' 'Executives'],Standard User,Developer Workstation,Moderate,Moderate,Moderate,synthetic_ml_seed,0.97,True
wks-0866,Windows,11,8,16,False,True,[ 135  139 3389],['Defender' 'Print Spooler' 'RDP' 'SSH'],['Chrome' 'Firefox' 'Office' 'Teams' 'VS Code'],['Data Scientists'],Standard User,Training Lab Workstation,Moderate,Moderate,Moderate,synthetic_hybrid,0.96,True
wks-0867,Windows,11,32,32,False,True,[135 139 445],['Backup Agent' 'Defender' 'Print Spooler' 'VPN Client'],['Office' 'POS Client' 'Receipt Printer Driver'],['Call Center'],Local Admin,Point of Sale Workstation,Moderate,High,High,synthetic_hybrid,0.81,True
wks-0868,Ubuntu Desktop,22.04,8,32,True,True,[ 22 631],[],['Adobe Creative Cloud' 'Blender' 'Chrome' 'Figma' 'VPN Client'],['Training'],Local Admin,Graphic Design Workstation,Moderate,High,Moderate,synthetic_rules,0.93,True
wks-0869,Windows,10,16,16,False,True,[135],['Backup Agent' 'VPN Client'],['Office' 'PowerShell' 'PuTTY' 'RSAT' 'VMware Workstation' 'VPN Client'],['Engineering' 'QA'],Privileged Admin,IT Admin Workstation,High,High,Moderate,synthetic_rules,0.93,True
wks-0870,Windows,11,8,32,False,True,[ 135  139 3389],[],['Firefox' 'Office' 'Teams' 'Workday'],['Domain Users' 'SOC'],Standard User,HR Workstation,High,High,Moderate,synthetic_rules,0.95,True
wks-0871,Windows,10,4,8,True,True,[139 445],['EDR Agent' 'Print Spooler' 'RDP' 'SSH'],['Chrome' 'Postman' 'Selenium'],['Developers' 'Domain Users'],Power User,QA Test Workstation,Moderate,Moderate,Moderate,synthetic_hybrid,0.91,True
wks-0872,Windows,11,4,32,False,True,[135 139 445],['OneDrive Sync' 'RDP'],['Burp Suite' 'Splunk' 'Sysinternals' 'VPN Client' 'Wireshark' 'Zoom'],['Domain Users'],Local Admin,SOC Analyst Workstation,High,High,Moderate,synthetic_hybrid,0.84,True
wks-0873,Windows,10,8,32,True,True,[ 135  139 3389],['Backup Agent' 'EDR Agent' 'Print Spooler' 'RDP'],['AutoCAD' 'Chrome' 'MATLAB' 'Office' 'SolidWorks' 'VPN Client'],['Engineering' 'Executives'],Standard User,Engineering CAD Workstation,Moderate,Moderate,Moderate,synthetic_rules,0.95,True
wks-0874,Windows,10,4,32,False,True,[135 139],['Backup Agent' 'EDR Agent' 'Print Spooler' 'VPN Client'],['Chrome' 'Office' 'VS Code'],['SOC' 'Training'],Standard User,Training Lab Workstation,Moderate,Moderate,Moderate,synthetic_ml_seed,0.75,True
wks-0875,macOS,14,8,32,False,False,[8000 8888],['Defender' 'OneDrive Sync' 'Print Spooler'],['Chrome' 'Office' 'Postman' 'Selenium'],['Developers' 'SOC'],Power User,QA Test Workstation,Moderate,Moderate,Moderate,synthetic_rules,0.82,True
wks-0876,Windows,10,8,64,False,True,[ 135  139  445 3389],[],['POS Client' 'Receipt Printer Driver'],['Developers' 'SOC'],Local Admin,Point of Sale Workstation,Moderate,High,High,synthetic_hybrid,0.89,True
wks-0877,Windows,11,8,8,False,True,[135 139],['Backup Agent' 'Defender' 'Print Spooler' 'RDP'],['PowerShell' 'PuTTY' 'RSAT' 'VMware Workstation'],['Help Desk' 'IT Operations'],Standard User,IT Admin Workstation,High,High,Moderate,synthetic_ml_seed,0.95,True
wks-0878,Windows,11,4,32,True,True,[ 135  139  445 3389],['OneDrive Sync' 'VPN Client'],['AutoCAD' 'Chrome' 'Firefox' 'MATLAB' 'SolidWorks'],['Data Scientists' 'Domain Users'],Local Admin,Engineering CAD Workstation,Moderate,High,Moderate,synthetic_rules,0.74,True
wks-0879,Windows,11,4,8,False,True,[ 445 3389],['EDR Agent' 'VPN Client'],['Office' 'Teams' 'Zoom'],['Developers'],Standard User,Executive Workstation,High,High,Moderate,synthetic_rules,0.71,True
wks-0880,Windows,10,8,32,False,True,[139],['Backup Agent' 'Defender' 'EDR Agent' 'OneDrive Sync'],['Excel' 'Power BI Desktop' 'SAP GUI'],['IT Operations' 'QA'],Standard User,Finance Workstation,High,High,Moderate,synthetic_rules,0.98,True
wks-0881,Windows,10,4,64,False,True,[3389],['EDR Agent' 'OneDrive Sync' 'Print Spooler'],['Chrome' 'Office' 'Teams'],['Finance' 'SOC'],Standard User,Standard User Workstation,Moderate,Moderate,Moderate,synthetic_rules,0.76,True
wks-0882,Windows,10,8,16,False,True,[ 135 3389 8000],['Defender' 'OneDrive Sync' 'RDP' 'SSH'],['Chrome' 'Postman' 'Selenium' 'Teams'],['SOC'],Local Admin,QA Test Workstation,Moderate,High,Moderate,synthetic_hybrid,0.98,True
wks-0883,macOS,13,16,16,False,False,[631],['Backup Agent' 'EDR Agent' 'OneDrive Sync' 'SSH'],"['Chrome' 'Docker Desktop' 'Git' 'IntelliJ' 'Node.js' 'PyCharm'
 'VPN Client' 'VS Code' 'Zoom']",['Call Center' 'Developers' 'Engineering'],Standard User,Developer Workstation,Moderate,Moderate,Moderate,synthetic_hybrid,0.76,True
wks-0884,Windows,10,4,16,False,True,[ 139  445 3389],['Defender' 'SSH' 'VPN Client'],['Excel' 'Power BI Desktop' 'SAP GUI'],['Finance'],Standard User,Finance Workstation,High,High,Moderate,synthetic_rules,0.83,True
wks-0885,Windows,11,4,64,False,True,[ 139 3389],['EDR Agent' 'SSH'],['CRM Client' 'Chrome' 'Softphone'],['IT Operations' 'SOC'],Power User,Call Center Workstation,Moderate,Moderate,High,synthetic_rules,0.95,True
wks-0886,macOS,14,32,64,False,True,[22],['Backup Agent' 'Print Spooler' 'RDP'],['Chrome' 'Office' 'VS Code'],['Help Desk'],Standard User,Training Lab Workstation,Moderate,Moderate,Moderate,synthetic_rules,0.94,True
wks-0887,Windows,10,16,16,True,True,[135 139 445],['Backup Agent' 'Defender' 'EDR Agent' 'VPN Client'],['Chrome' 'Office' 'Teams'],['Developers' 'Retail'],Standard User,Standard User Workstation,Moderate,Moderate,Moderate,synthetic_rules,0.8,True
wks-0888,Windows,11,4,64,False,True,[ 139  445 3389],['Backup Agent' 'Defender' 'EDR Agent'],['Chrome' 'Office' 'Teams'],['Help Desk' 'IT Operations'],Local Admin,Standard User Workstation,Moderate,High,Moderate,synthetic_ml_seed,0.71,True
wks-0889,Windows,11,4,32,False,True,[ 135  139 3389],['Backup Agent' 'Defender' 'EDR Agent' 'Print Spooler'],['Chrome' 'Office' 'Teams' 'VPN Client' 'Zoom'],['Finance' 'Training'],Power User,Standard User Workstation,Moderate,Moderate,Moderate,synthetic_rules,0.75,True
wks-0890,Windows,10,4,16,True,True,[135],['Print Spooler' 'VPN Client'],['Chrome' 'Office' 'Teams'],['Developers'],Power User,Standard User Workstation,Moderate,Moderate,Moderate,synthetic_hybrid,0.89,True
wks-0891,Windows,11,4,32,False,True,[8888],['Defender' 'OneDrive Sync' 'Print Spooler' 'RDP'],['Docker Desktop' 'Git' 'IntelliJ' 'Node.js' 'PyCharm' 'VS Code'],['Developers' 'Domain Users' 'QA'],Standard User,Developer Workstation,Moderate,Moderate,Moderate,synthetic_rules,0.87,True
wks-0892,macOS,14,16,32,False,False,[22],['Defender' 'Print Spooler' 'SSH'],['Chrome' 'KioskShell'],['HR'],Local Admin,Kiosk Workstation,Moderate,High,Moderate,synthetic_ml_seed,0.87,True
wks-0893,macOS,14,32,64,True,True,[22],['Backup Agent' 'Print Spooler' 'SSH'],"['Anaconda' 'Jupyter' 'PyTorch' 'Python' 'RStudio' 'Teams' 'TensorFlow'
 'VPN Client' 'Zoom']",['Developers' 'Engineering'],Standard User,Data Science Workstation,Moderate,Moderate,Moderate,synthetic_hybrid,0.74,True
wks-0894,Windows,11,4,32,True,True,[135 139],['EDR Agent' 'OneDrive Sync' 'Print Spooler'],['PuTTY' 'RDP' 'ServiceNow' 'Teams'],['Data Scientists'],Power User,Help Desk Workstation,Moderate,Moderate,High,synthetic_hybrid,0.91,True
wks-0895,Windows,11,8,16,False,True,[ 139 3389],['EDR Agent' 'Print Spooler' 'SSH'],['Office' 'Teams' 'VPN Client' 'Workday' 'Zoom'],['SOC'],Standard User,HR Workstation,High,High,Moderate,synthetic_rules,0.88,True
wks-0896,Ubuntu Desktop,22.04,16,32,False,True,[  22  631 8000 8888],['Backup Agent' 'OneDrive Sync' 'SSH'],['Chrome' 'Firefox' 'Office' 'Postman' 'Selenium'],['Help Desk' 'QA'],Standard User,QA Test Workstation,Moderate,Moderate,Moderate,synthetic_rules,0.89,True
wks-0897,Ubuntu Desktop,22.04,32,32,False,True,[  22  631 5601],['EDR Agent' 'SSH' 'VPN Client'],['Burp Suite' 'Splunk' 'Sysinternals' 'Wireshark'],['IT Operations' 'QA'],Local Admin,SOC Analyst Workstation,High,High,Moderate,synthetic_rules,0.95,True
wks-0898,Windows,11,4,16,True,True,[ 135  139 3389],['OneDrive Sync' 'Print Spooler'],['AutoCAD' 'Chrome' 'MATLAB' 'SolidWorks' 'VPN Client'],['Data Scientists' 'Training'],Standard User,Engineering CAD Workstation,Moderate,Moderate,Moderate,synthetic_rules,0.82,True
wks-0899,Windows,10,8,16,False,True,[ 135  139  445 3389],['Print Spooler' 'VPN Client'],['Office' 'Teams' 'VPN Client' 'Workday'],['Executives' 'Retail'],Power User,HR Workstation,High,High,Moderate,synthetic_hybrid,0.93,True
wks-0900,Windows,10,4,8,True,True,[ 139  445 5601],[],"['Burp Suite' 'Chrome' 'Firefox' 'Office' 'Splunk' 'Sysinternals'
 'Wireshark']",['Data Scientists' 'QA'],Local Admin,SOC Analyst Workstation,High,High,Moderate,synthetic_hybrid,0.82,True
wks-0901,Windows,11,4,16,False,True,[3389],['Backup Agent' 'SSH' 'VPN Client'],['Office' 'Teams' 'Zoom'],['Data Scientists' 'HR'],Local Admin,Executive Workstation,High,High,Moderate,synthetic_rules,0.76,True
wks-0902,Windows,10,8,16,False,True,[445],['Defender' 'Print Spooler'],['Office' 'PowerShell' 'PuTTY' 'RSAT' 'VMware Workstation'],['Developers' 'QA'],Local Admin,IT Admin Workstation,High,High,Moderate,synthetic_hybrid,0.77,True
wks-0903,Windows,11,32,16,True,True,[ 135  139  445 3389],[],['Chrome' 'Firefox' 'Office' 'PuTTY' 'RDP' 'ServiceNow' 'Teams'],['Finance' 'HR'],Power User,Help Desk Workstation,Moderate,Moderate,High,synthetic_hybrid,0.87,True
wks-0904,macOS,14,32,8,False,False,[ 22 631],['Backup Agent' 'Defender' 'OneDrive Sync' 'SSH'],['Firefox' 'POS Client' 'Receipt Printer Driver' 'Teams' 'VPN Client'],['Engineering' 'HR'],Standard User,Point of Sale Workstation,Moderate,Moderate,High,synthetic_rules,0.95,True
wks-0905,Ubuntu Desktop,22.04,16,32,True,True,[631],['EDR Agent' 'OneDrive Sync' 'VPN Client'],['AutoCAD' 'Chrome' 'MATLAB' 'SolidWorks' 'Zoom'],['Developers'],Local Admin,Engineering CAD Workstation,Moderate,High,Moderate,synthetic_hybrid,0.8,True
wks-0906,Windows,10,4,32,True,True,[ 135  139 3389],['Backup Agent' 'EDR Agent' 'OneDrive Sync' 'RDP'],['Chrome' 'Office' 'Teams'],['Data Scientists'],Privileged Admin,Standard User Workstation,Moderate,High,Moderate,synthetic_rules,0.82,True
wks-0907,Windows,10,16,16,True,True,[135 445],[],['Anaconda' 'Jupyter' 'PyTorch' 'Python' 'RStudio' 'TensorFlow'],['Call Center' 'Engineering'],Power User,Data Science Workstation,Moderate,Moderate,Moderate,synthetic_hybrid,0.94,True
wks-0908,Windows,11,4,8,False,True,[135 139 445],['Defender' 'Print Spooler' 'SSH'],['CRM Client' 'Chrome' 'Firefox' 'Softphone' 'VPN Client'],['Developers' 'Training'],Standard User,Call Center Workstation,Moderate,Moderate,High,synthetic_hybrid,0.88,True
wks-0909,Windows,10,8,64,False,True,[ 139  445 3389],['Backup Agent' 'SSH'],['Chrome' 'KioskShell'],['Engineering'],Power User,Kiosk Workstation,Moderate,Moderate,Moderate,synthetic_rules,0.8,True
wks-0910,Windows,11,16,64,False,True,[ 139 3389],['OneDrive Sync' 'RDP' 'SSH'],['Firefox' 'PowerShell' 'PuTTY' 'RSAT' 'VMware Workstation' 'Zoom'],['QA' 'Training'],Power User,IT Admin Workstation,High,High,Moderate,synthetic_ml_seed,0.8,True
wks-0911,Ubuntu Desktop,22.04,4,64,True,True,[631],[],['Chrome' 'Firefox' 'Office' 'Teams'],['Retail' 'SOC'],Local Admin,Standard User Workstation,Moderate,High,Moderate,synthetic_ml_seed,0.89,True
wks-0912,Windows,11,16,32,False,True,[ 135  139 3389],[],['Firefox' 'POS Client' 'Receipt Printer Driver'],['Domain Users'],Standard User,Point of Sale Workstation,Moderate,Moderate,High,synthetic_rules,0.79,True
wks-0913,Windows,11,8,16,True,True,[ 135  445 3389],[],['AutoCAD' 'MATLAB' 'Office' 'SolidWorks' 'Zoom'],['Domain Users' 'SOC'],Power User,Engineering CAD Workstation,Moderate,Moderate,Moderate,synthetic_rules,0.95,True
wks-0914,Windows,10,8,16,False,True,[ 139 3389],['Backup Agent' 'Defender' 'Print Spooler' 'SSH'],['Office' 'Teams' 'Zoom'],['Call Center' 'Retail'],Standard User,Executive Workstation,High,High,Moderate,synthetic_rules,0.98,True
wks-0915,Windows,11,16,16,False,True,[135 445],['OneDrive Sync' 'Print Spooler' 'RDP'],['Office' 'Teams' 'Zoom'],['Developers'],Local Admin,Executive Workstation,High,High,Moderate,synthetic_ml_seed,0.95,True
wks-0916,Ubuntu Desktop,22.04,16,16,False,True,[ 22 631],['OneDrive Sync' 'Print Spooler' 'RDP' 'VPN Client'],['PowerShell' 'PuTTY' 'RSAT' 'VMware Workstation'],['Data Scientists'],Local Admin,IT Admin Workstation,High,High,Moderate,synthetic_rules,0.77,True
wks-0917,Windows,10,4,16,False,True,[139],['Print Spooler' 'SSH' 'VPN Client'],['Chrome' 'Office' 'PowerShell' 'PuTTY' 'RSAT' 'VMware Workstation' 'Zoom'],['QA'],Privileged Admin,IT Admin Workstation,High,High,Moderate,synthetic_hybrid,0.97,True
wks-0918,Windows,11,4,64,False,True,[445],['Backup Agent' 'Defender' 'VPN Client'],['Chrome' 'Firefox' 'Postman' 'Selenium'],['Finance' 'Retail'],Standard User,QA Test Workstation,Moderate,Moderate,Moderate,synthetic_rules,0.98,True
wks-0919,Windows,10,8,64,False,True,[ 135  139  445 3389],[],['Chrome' 'Office' 'VS Code'],['QA'],Standard User,Training Lab Workstation,Moderate,Moderate,Moderate,synthetic_rules,0.86,True
wks-0920,Windows,10,16,8,False,True,[ 135  139  445 8000],[],"['Docker Desktop' 'Git' 'IntelliJ' 'Node.js' 'Office' 'PyCharm'
 'VPN Client' 'VS Code' 'Zoom']",['Developers' 'SOC'],Power User,Developer Workstation,Moderate,Moderate,Moderate,synthetic_ml_seed,0.77,True
wks-0921,Windows,11,4,16,False,True,[ 135 3389],['Backup Agent' 'Defender' 'EDR Agent' 'SSH'],['Chrome' 'Office' 'Teams' 'VS Code'],['Call Center' 'Training'],Local Admin,Training Lab Workstation,Moderate,High,Moderate,synthetic_hybrid,0.85,True
wks-0922,Ubuntu Desktop,22.04,8,16,False,True,[ 22 631],['Defender' 'RDP' 'SSH'],['CRM Client' 'Chrome' 'Office' 'Softphone' 'Zoom'],['Executives' 'Finance'],Standard User,Call Center Workstation,Moderate,Moderate,High,synthetic_hybrid,0.93,True
wks-0923,Windows,10,8,64,True,True,[139 445],['EDR Agent' 'VPN Client'],['Adobe Creative Cloud' 'Blender' 'Figma'],['QA'],Standard User,Graphic Design Workstation,Moderate,Moderate,Moderate,synthetic_hybrid,0.72,True
wks-0924,Windows,11,4,16,False,True,[ 135  445 3389],['OneDrive Sync' 'VPN Client'],['Office' 'Teams' 'Workday'],['Help Desk'],Power User,HR Workstation,High,High,Moderate,synthetic_rules,0.92,True
wks-0925,Windows,10,32,16,True,True,[ 135  139 3389],['Backup Agent' 'EDR Agent' 'RDP'],['Adobe Creative Cloud' 'Blender' 'Figma'],['Data Scientists' 'QA'],Privileged Admin,Graphic Design Workstation,Moderate,High,Moderate,synthetic_ml_seed,0.98,True
wks-0926,Windows,10,8,8,False,True,[ 135  139 3389],['EDR Agent' 'VPN Client'],['CRM Client' 'Chrome' 'Softphone'],['Engineering' 'SOC'],Standard User,Call Center Workstation,Moderate,Moderate,High,synthetic_rules,0.84,True
wks-0927,Windows,10,16,16,True,True,[445],[],['Adobe Creative Cloud' 'Blender' 'Figma' 'Teams'],['Call Center' 'Engineering'],Standard User,Graphic Design Workstation,Moderate,Moderate,Moderate,synthetic_rules,0.92,True
wks-0928,Windows,10,32,16,False,True,[ 135  139  445 3389],[],['Chrome' 'Office' 'PuTTY' 'RDP' 'ServiceNow' 'Teams'],['HR'],Local Admin,Help Desk Workstation,Moderate,High,High,synthetic_hybrid,0.98,True
wks-0929,Windows,11,8,32,False,True,[3389],['Backup Agent' 'Defender' 'OneDrive Sync' 'SSH'],['POS Client' 'Receipt Printer Driver'],['Help Desk' 'IT Operations'],Standard User,Point of Sale Workstation,Moderate,Moderate,High,synthetic_hybrid,0.93,True
wks-0930,Windows,11,32,16,False,True,[ 135 3389],['EDR Agent' 'OneDrive Sync' 'Print Spooler'],['Office' 'Teams' 'Zoom'],['Call Center'],Standard User,Executive Workstation,High,High,Moderate,synthetic_ml_seed,0.77,True
wks-0931,Ubuntu Desktop,22.04,32,16,True,True,[22],['Backup Agent' 'RDP'],['PuTTY' 'RDP' 'ServiceNow' 'Teams'],['Help Desk'],Standard User,Help Desk Workstation,Moderate,Moderate,High,synthetic_hybrid,0.81,True
wks-0932,Windows,10,8,16,False,True,[ 139 8000],['Defender' 'SSH' 'VPN Client'],['Chrome' 'Postman' 'Selenium'],['Help Desk' 'SOC'],Standard User,QA Test Workstation,Moderate,Moderate,Moderate,synthetic_hybrid,0.72,True
wks-0933,Windows,11,32,16,False,True,[ 135  139  445 3389],['Backup Agent' 'Defender' 'EDR Agent' 'RDP'],['Chrome' 'Firefox' 'KioskShell' 'Office' 'Teams'],['Domain Users' 'QA'],Standard User,Kiosk Workstation,Moderate,Moderate,Moderate,synthetic_rules,0.98,True
wks-0934,Windows,10,4,8,False,True,[ 135  445 3389],['Backup Agent' 'EDR Agent' 'RDP'],['Chrome' 'Firefox' 'KioskShell' 'Teams'],['Data Scientists'],Power User,Kiosk Workstation,Moderate,Moderate,Moderate,synthetic_ml_seed,0.83,True
wks-0935,macOS,13,16,32,False,False,[ 22 631],['Defender' 'Print Spooler' 'VPN Client'],['CRM Client' 'Chrome' 'Firefox' 'Office' 'Softphone'],['Data Scientists' 'Engineering'],Local Admin,Call Center Workstation,Moderate,High,High,synthetic_rules,0.81,True
wks-0936,Windows,11,4,8,True,True,[ 445 3389],['Backup Agent' 'Defender' 'Print Spooler' 'SSH'],['Anaconda' 'Jupyter' 'PyTorch' 'Python' 'RStudio' 'TensorFlow' 'Zoom'],['Engineering'],Standard User,Data Science Workstation,Moderate,Moderate,Moderate,synthetic_hybrid,0.97,True
wks-0937,Windows,10,32,8,False,True,[135 139 445],['EDR Agent' 'VPN Client'],['Chrome' 'Office' 'VS Code'],['Finance' 'IT Operations'],Privileged Admin,Training Lab Workstation,Moderate,High,Moderate,synthetic_ml_seed,0.81,True
wks-0938,Windows,11,32,16,False,True,[ 135  445 8888],[],['Chrome' 'Postman' 'Selenium'],['Finance'],Standard User,QA Test Workstation,Moderate,Moderate,Moderate,synthetic_hybrid,0.75,True
wks-0939,Windows,10,4,16,False,True,[3389 8888],['EDR Agent' 'OneDrive Sync' 'SSH' 'VPN Client'],['Chrome' 'Firefox' 'Office' 'Postman' 'Selenium' 'Teams'],['Developers'],Standard User,QA Test Workstation,Moderate,Moderate,Moderate,synthetic_ml_seed,0.92,True
wks-0940,Windows,10,16,8,True,True,[ 135  139  445 3389],['Backup Agent' 'Defender' 'EDR Agent' 'SSH'],['AutoCAD' 'MATLAB' 'SolidWorks'],['QA'],Standard User,Engineering CAD Workstation,Moderate,Moderate,Moderate,synthetic_hybrid,0.86,True
wks-0941,Windows,11,4,16,True,True,[ 135 3389 8000 8888],['Backup Agent' 'EDR Agent' 'Print Spooler' 'RDP'],['Anaconda' 'Firefox' 'Jupyter' 'PyTorch' 'Python' 'RStudio' 'TensorFlow'],['Call Center' 'Executives'],Local Admin,Data Science Workstation,Moderate,High,Moderate,synthetic_ml_seed,0.78,True
wks-0942,Windows,10,16,8,False,True,[ 135  139 3389],['OneDrive Sync' 'Print Spooler' 'SSH'],['Firefox' 'PowerShell' 'PuTTY' 'RSAT' 'VMware Workstation'],['Executives' 'Training'],Standard User,IT Admin Workstation,High,High,Moderate,synthetic_rules,0.92,True
wks-0943,macOS,14,8,8,False,True,[22],['Backup Agent' 'Defender' 'Print Spooler' 'RDP'],['CRM Client' 'Chrome' 'Softphone'],['Training'],Standard User,Call Center Workstation,Moderate,Moderate,High,synthetic_hybrid,0.82,True
wks-0944,Windows,10,16,64,True,True,[135 139 445],['Defender' 'SSH'],['Office' 'PowerShell' 'PuTTY' 'RSAT' 'VMware Workstation'],['Call Center' 'IT Operations'],Local Admin,IT Admin Workstation,High,High,Moderate,synthetic_rules,0.88,True
wks-0945,Windows,10,8,16,True,True,[ 139  445 3389 8000],[],"['Anaconda' 'Jupyter' 'PyTorch' 'Python' 'RStudio' 'TensorFlow'
 'VPN Client']",['Developers' 'Engineering'],Power User,Data Science Workstation,Moderate,Moderate,Moderate,synthetic_ml_seed,0.91,True
wks-0946,Ubuntu Desktop,22.04,4,16,False,True,[ 22 631],['Print Spooler' 'RDP' 'SSH' 'VPN Client'],['Chrome' 'PuTTY' 'RDP' 'ServiceNow' 'Teams'],['SOC'],Power User,Help Desk Workstation,Moderate,Moderate,High,synthetic_ml_seed,0.83,True
wks-0947,Windows,11,4,64,False,True,[ 139  445 3389],['EDR Agent' 'OneDrive Sync' 'Print Spooler' 'RDP'],['PowerShell' 'PuTTY' 'RSAT' 'VMware Workstation'],['Engineering' 'Retail'],Standard User,IT Admin Workstation,High,High,Moderate,synthetic_hybrid,0.82,True
wks-0948,macOS,14,8,8,False,False,[ 22 631],['Backup Agent' 'Defender' 'Print Spooler'],['Chrome' 'Office' 'Teams'],['Domain Users' 'SOC'],Power User,Standard User Workstation,Moderate,Moderate,Moderate,synthetic_hybrid,0.84,True
wks-0949,Windows,10,4,16,True,True,[135],['Backup Agent' 'OneDrive Sync' 'Print Spooler' 'SSH'],['AutoCAD' 'MATLAB' 'SolidWorks'],['Data Scientists' 'Domain Users'],Standard User,Engineering CAD Workstation,Moderate,Moderate,Moderate,synthetic_rules,0.84,True
wks-0950,Windows,10,4,32,False,True,[ 135  139  445 3389],['EDR Agent' 'Print Spooler' 'SSH' 'VPN Client'],['Chrome' 'Office' 'Teams' 'Zoom'],['HR' 'Help Desk'],Standard User,Executive Workstation,High,High,Moderate,synthetic_hybrid,0.76,True
wks-0951,Windows,10,16,8,False,True,[ 139  445 3389],['Defender' 'OneDrive Sync'],['Chrome' 'Office' 'Teams' 'Zoom'],['Call Center'],Standard User,Executive Workstation,High,High,Moderate,synthetic_rules,0.76,True
wks-0952,Windows,10,4,32,True,True,[ 135  139  445 3389],['Defender' 'RDP'],['Adobe Creative Cloud' 'Blender' 'Figma' 'Office'],['Call Center'],Power User,Graphic Design Workstation,Moderate,Moderate,Moderate,synthetic_rules,0.79,True
wks-0953,Windows,10,8,8,True,True,[135],[],['POS Client' 'Receipt Printer Driver'],['Finance' 'SOC'],Standard User,Point of Sale Workstation,Moderate,Moderate,High,synthetic_ml_seed,0.8,True
wks-0954,Windows,11,32,16,False,True,[ 135  139  445 3389],[],['PuTTY' 'RDP' 'ServiceNow' 'Teams'],['SOC'],Local Admin,Help Desk Workstation,Moderate,High,High,synthetic_ml_seed,0.73,True
wks-0955,Windows,10,16,32,False,True,[135 139],['SSH' 'VPN Client'],['Firefox' 'Office' 'Teams' 'Workday' 'Zoom'],['Developers' 'QA'],Standard User,HR Workstation,High,High,Moderate,synthetic_rules,0.98,True
wks-0956,Windows,10,8,8,False,True,[8000 8888],['RDP' 'SSH'],"['Chrome' 'Docker Desktop' 'Git' 'IntelliJ' 'Node.js' 'PyCharm'
 'VPN Client' 'VS Code' 'Zoom']",['Developers' 'Retail'],Standard User,Developer Workstation,Moderate,Moderate,Moderate,synthetic_hybrid,0.77,True
wks-0957,Windows,11,8,32,True,True,[ 135  139  445 3389],[],['CRM Client' 'Chrome' 'Softphone'],['Domain Users' 'QA'],Privileged Admin,Call Center Workstation,Moderate,High,High,synthetic_rules,0.89,True
wks-0958,Windows,11,8,16,False,True,[ 135 8000],['EDR Agent' 'OneDrive Sync'],['Chrome' 'Firefox' 'Postman' 'Selenium' 'Teams' 'VPN Client'],['Data Scientists'],Standard User,QA Test Workstation,Moderate,Moderate,Moderate,synthetic_rules,0.82,True
wks-0959,Windows,11,8,8,False,True,[135 139 445],['Defender' 'EDR Agent'],['Office' 'Teams' 'Zoom'],['Domain Users' 'Executives'],Local Admin,Executive Workstation,High,High,Moderate,synthetic_rules,0.84,True
wks-0960,macOS,13,16,16,False,False,[22],[],['POS Client' 'Receipt Printer Driver' 'Zoom'],['Executives' 'Retail'],Standard User,Point of Sale Workstation,Moderate,Moderate,High,synthetic_rules,0.71,True
wks-0961,Windows,11,4,16,False,True,[139],['Backup Agent' 'Print Spooler' 'RDP'],['Chrome' 'Firefox' 'KioskShell' 'Office' 'VPN Client'],['Data Scientists' 'QA'],Local Admin,Kiosk Workstation,Moderate,High,Moderate,synthetic_rules,0.8,True
wks-0962,Windows,10,8,64,False,True,[ 135  139  445 3389],['EDR Agent' 'Print Spooler' 'SSH'],['CRM Client' 'Chrome' 'Office' 'Softphone'],['HR' 'Training'],Local Admin,Call Center Workstation,Moderate,High,High,synthetic_hybrid,0.79,True
wks-0963,macOS,14,32,32,True,False,[22],[],['AutoCAD' 'Chrome' 'MATLAB' 'SolidWorks'],['Executives'],Standard User,Engineering CAD Workstation,Moderate,Moderate,Moderate,synthetic_hybrid,0.85,True
wks-0964,Ubuntu Desktop,22.04,8,8,False,True,[ 22 631],['Defender' 'SSH'],['Office' 'Teams' 'Zoom'],['Engineering'],Standard User,Executive Workstation,High,High,Moderate,synthetic_ml_seed,0.86,True
wks-0965,macOS,14,4,16,False,False,[631],['Defender' 'EDR Agent' 'SSH'],['Firefox' 'Office' 'Teams' 'Workday'],['Call Center'],Local Admin,HR Workstation,High,High,Moderate,synthetic_rules,0.87,True
wks-0966,Windows,10,8,16,True,True,[135 139 445],['Backup Agent' 'Print Spooler' 'SSH'],['AutoCAD' 'MATLAB' 'SolidWorks'],['Help Desk'],Power User,Engineering CAD Workstation,Moderate,Moderate,Moderate,synthetic_rules,0.87,True
wks-0967,macOS,13,4,16,False,False,[631],['Backup Agent' 'OneDrive Sync'],['Chrome' 'Office' 'Teams' 'VPN Client' 'Zoom'],['Help Desk' 'IT Operations'],Standard User,Standard User Workstation,Moderate,Moderate,Moderate,synthetic_hybrid,0.75,True
wks-0968,Windows,11,32,64,False,True,[ 139  445 3389],['Defender' 'Print Spooler' 'RDP' 'VPN Client'],['Chrome' 'Office' 'Teams' 'Workday'],['Data Scientists'],Standard User,HR Workstation,High,High,Moderate,synthetic_hybrid,0.78,True
wks-0969,Ubuntu Desktop,22.04,4,16,True,True,[ 22 631],['OneDrive Sync' 'RDP'],['Anaconda' 'Jupyter' 'PyTorch' 'Python' 'RStudio' 'TensorFlow'],['Executives' 'HR'],Power User,Data Science Workstation,Moderate,Moderate,Moderate,synthetic_rules,0.72,True
wks-0970,Windows,10,4,8,False,True,[135],[],['Chrome' 'Excel' 'Power BI Desktop' 'SAP GUI'],['Data Scientists'],Local Admin,Finance Workstation,High,High,Moderate,synthetic_ml_seed,0.83,True
wks-0971,Windows,10,16,8,False,True,[ 139 3389 8000 8888],['EDR Agent' 'OneDrive Sync' 'SSH'],['Chrome' 'Postman' 'Selenium' 'VPN Client'],['Domain Users' 'SOC'],Power User,QA Test Workstation,Moderate,Moderate,Moderate,synthetic_rules,0.97,True
wks-0972,macOS,14,8,16,False,True,[22],['RDP' 'SSH'],['Chrome' 'Office' 'Teams' 'VS Code' 'Zoom'],['Finance' 'QA'],Standard User,Training Lab Workstation,Moderate,Moderate,Moderate,synthetic_rules,0.72,True
wks-0973,Windows,10,16,16,False,True,[3389],['Defender' 'RDP' 'VPN Client'],['POS Client' 'Receipt Printer Driver' 'VPN Client'],['Engineering' 'HR'],Standard User,Point of Sale Workstation,Moderate,Moderate,High,synthetic_rules,0.96,True
wks-0974,Ubuntu Desktop,22.04,32,8,False,True,[631],[],['Burp Suite' 'Splunk' 'Sysinternals' 'Wireshark'],['Finance'],Local Admin,SOC Analyst Workstation,High,High,Moderate,synthetic_hybrid,0.71,True
wks-0975,Windows,11,8,32,True,True,[139 445],['Defender' 'RDP' 'VPN Client'],['Adobe Creative Cloud' 'Blender' 'Figma'],['Engineering' 'IT Operations'],Standard User,Graphic Design Workstation,Moderate,Moderate,Moderate,synthetic_hybrid,0.97,True
wks-0976,Windows,10,8,8,False,True,[135],['Backup Agent' 'Defender' 'OneDrive Sync' 'Print Spooler'],['POS Client' 'Receipt Printer Driver'],['Domain Users' 'Training'],Local Admin,Point of Sale Workstation,Moderate,High,High,synthetic_hybrid,0.95,True
wks-0977,Windows,10,4,16,False,True,[8888],['EDR Agent' 'RDP' 'SSH'],['Docker Desktop' 'Git' 'IntelliJ' 'Node.js' 'PyCharm' 'VS Code'],['Call Center' 'Developers'],Standard User,Developer Workstation,Moderate,Moderate,Moderate,synthetic_hybrid,0.98,True
wks-0978,macOS,14,4,32,True,True,[ 22 631],[],['AutoCAD' 'MATLAB' 'SolidWorks'],['Call Center'],Standard User,Engineering CAD Workstation,Moderate,Moderate,Moderate,synthetic_hybrid,0.99,True
wks-0979,Windows,11,4,16,True,True,[ 139 8000],['RDP' 'SSH' 'VPN Client'],['Anaconda' 'Jupyter' 'PyTorch' 'Python' 'RStudio' 'TensorFlow'],['IT Operations'],Standard User,Data Science Workstation,Moderate,Moderate,Moderate,synthetic_rules,0.72,True
wks-0980,Windows,11,16,64,False,True,[139 445],['Defender' 'OneDrive Sync' 'Print Spooler'],['Chrome' 'Office' 'Teams'],['Call Center' 'Finance'],Local Admin,Standard User Workstation,Moderate,High,Moderate,synthetic_ml_seed,0.94,True
wks-0981,Windows,11,8,64,True,True,[135 139 445],['Backup Agent' 'EDR Agent' 'RDP' 'VPN Client'],['Adobe Creative Cloud' 'Blender' 'Figma' 'Zoom'],['Executives'],Standard User,Graphic Design Workstation,Moderate,Moderate,Moderate,synthetic_hybrid,0.75,True
wks-0982,Windows,11,32,16,True,True,[ 135 3389 8000 8888],[],"['Docker Desktop' 'Firefox' 'Git' 'IntelliJ' 'Node.js' 'Office' 'PyCharm'
 'Teams' 'VS Code']",['Call Center' 'Developers'],Local Admin,Developer Workstation,Moderate,High,Moderate,synthetic_rules,0.71,True
wks-0983,Ubuntu Desktop,22.04,4,16,False,True,[631],[],['Chrome' 'Firefox' 'Postman' 'Selenium'],['Executives'],Privileged Admin,QA Test Workstation,Moderate,High,Moderate,synthetic_rules,0.94,True
wks-0984,Windows,11,4,16,False,True,[ 135  445 3389],['EDR Agent' 'SSH' 'VPN Client'],['Excel' 'Firefox' 'Office' 'Power BI Desktop' 'SAP GUI' 'VPN Client'],['Finance'],Power User,Finance Workstation,High,High,Moderate,synthetic_rules,0.7,True
wks-0985,Windows,11,8,64,False,True,[139 445],['Defender' 'OneDrive Sync' 'SSH' 'VPN Client'],['Chrome' 'Office' 'VS Code'],['QA' 'SOC'],Local Admin,Training Lab Workstation,Moderate,High,Moderate,synthetic_hybrid,0.91,True
wks-0986,Windows,10,8,8,True,True,[ 139 3389],['Defender' 'RDP'],['Adobe Creative Cloud' 'Blender' 'Figma' 'Office' 'VPN Client'],['Engineering' 'Training'],Standard User,Graphic Design Workstation,Moderate,Moderate,Moderate,synthetic_rules,0.73,True
wks-0987,Windows,11,8,8,True,True,[139],['OneDrive Sync' 'RDP' 'SSH'],['Anaconda' 'Jupyter' 'PyTorch' 'Python' 'RStudio' 'TensorFlow'],['Help Desk' 'SOC'],Standard User,Data Science Workstation,Moderate,Moderate,Moderate,synthetic_rules,0.99,True
wks-0988,Ubuntu Desktop,22.04,8,64,False,True,[  22  631 8000 8888],['Defender' 'OneDrive Sync' 'Print Spooler' 'VPN Client'],['Chrome' 'Postman' 'Selenium'],['SOC'],Standard User,QA Test Workstation,Moderate,Moderate,Moderate,synthetic_rules,0.83,True
wks-0989,Windows,11,4,64,False,True,[ 135  139 3389],['Defender' 'EDR Agent' 'Print Spooler'],['Office' 'Teams' 'VPN Client' 'Workday'],['Data Scientists' 'Executives'],Standard User,HR Workstation,High,High,Moderate,synthetic_ml_seed,0.83,True
wks-0990,Windows,11,4,16,False,True,[3389],['EDR Agent' 'Print Spooler' 'VPN Client'],['Chrome' 'Firefox' 'Office' 'VS Code' 'Zoom'],['Finance' 'IT Operations'],Local Admin,Training Lab Workstation,Moderate,High,Moderate,synthetic_rules,0.78,True
wks-0991,Windows,11,16,16,False,True,[ 135 3389],[],['Excel' 'Power BI Desktop' 'SAP GUI'],['Engineering' 'Finance'],Local Admin,Finance Workstation,High,High,Moderate,synthetic_rules,0.93,True
wks-0992,Windows,10,8,16,False,True,[ 135  139  445 3389],['Backup Agent' 'OneDrive Sync' 'SSH' 'VPN Client'],['Office' 'POS Client' 'Receipt Printer Driver' 'Teams'],['QA'],Power User,Point of Sale Workstation,Moderate,Moderate,High,synthetic_hybrid,0.84,True
wks-0993,Windows,10,16,8,False,True,[ 135  139  445 3389],['Print Spooler' 'RDP' 'SSH'],['CRM Client' 'Chrome' 'Softphone'],['Engineering'],Local Admin,Call Center Workstation,Moderate,High,High,synthetic_rules,0.94,True
wks-0994,Windows,11,8,8,False,True,[3389 8000],[],['Docker Desktop' 'Git' 'IntelliJ' 'Node.js' 'PyCharm' 'VS Code'],['Developers' 'Domain Users'],Local Admin,Developer Workstation,Moderate,High,Moderate,synthetic_ml_seed,0.93,True
wks-0995,Windows,10,32,32,False,True,[ 139  445 3389],[],['Chrome' 'Firefox' 'Office' 'Teams'],['Developers' 'Retail'],Standard User,Standard User Workstation,Moderate,Moderate,Moderate,synthetic_ml_seed,0.83,True
wks-0996,Windows,11,4,16,True,True,[ 135  139  445 3389],['OneDrive Sync' 'Print Spooler' 'RDP' 'SSH'],['Adobe Creative Cloud' 'Blender' 'Figma' 'Firefox'],['Executives' 'Retail'],Standard User,Graphic Design Workstation,Moderate,Moderate,Moderate,synthetic_ml_seed,0.75,True
wks-0997,Windows,11,16,8,True,True,[3389 8000],['Backup Agent' 'EDR Agent' 'SSH' 'VPN Client'],"['Anaconda' 'Chrome' 'Jupyter' 'PyTorch' 'Python' 'RStudio' 'Teams'
 'TensorFlow' 'Zoom']",['QA'],Standard User,Data Science Workstation,Moderate,Moderate,Moderate,synthetic_ml_seed,0.73,True
wks-0998,Windows,11,8,16,False,True,[135 445],['Backup Agent' 'Print Spooler'],['Chrome' 'KioskShell' 'Office' 'Teams' 'VPN Client'],['Domain Users' 'IT Operations'],Power User,Kiosk Workstation,Moderate,Moderate,Moderate,synthetic_hybrid,0.83,True
wks-0999,Windows,10,4,16,False,True,[135],['Defender' 'Print Spooler' 'RDP' 'VPN Client'],['Firefox' 'PuTTY' 'RDP' 'ServiceNow' 'Teams'],['Domain Users'],Power User,Help Desk Workstation,Moderate,Moderate,High,synthetic_hybrid,0.79,True
wks-1000,Windows,11,8,16,False,True,[ 139 8000],['EDR Agent' 'Print Spooler' 'RDP'],['Docker Desktop' 'Git' 'IntelliJ' 'Node.js' 'PyCharm' 'VS Code'],['Developers' 'Engineering' 'HR'],Privileged Admin,Developer Workstation,Moderate,High,Moderate,synthetic_hybrid,0.88,True
